sumo_id,from,to,priority,type,speed,lanes,allow,disallow,has_traffic_light,type_clean,length,bearing,start_x,start_y,end_x,end_y
-1024000539#0,1687124785,430921309,3,highway.residential,50.004000000000005,1,,tram rail_urban rail rail_electric rail_fast ship,0,residential,185.03542831931532,90.06990128233394,4179.57,3281.41,4351.7,3281.2
-1024000539#1,3340881357,1687124785,3,highway.residential,50.004000000000005,1,,tram rail_urban rail rail_electric rail_fast ship,0,residential,106.3303926448123,101.21482355410717,4075.27,3302.09,4179.57,3281.41
-1024000539#2,430920519,3340881357,3,highway.residential,50.004000000000005,1,,tram rail_urban rail rail_electric rail_fast ship,0,residential,31.928160390181297,104.87242808489799,4044.43,3310.28,4075.27,3302.09
-1024000539#3,3340881368,430920519,3,highway.residential,50.004000000000005,1,,tram rail_urban rail rail_electric rail_fast ship,0,residential,47.24399240726884,101.0839194847166,3998.08,3319.36,4044.43,3310.28
-1024000548,423413664,423413660,4,highway.unclassified,50.004000000000005,1,,tram rail_urban rail rail_electric rail_fast ship,0,unclassified,197.57511552867123,245.66534682700632,3238.17,4078.86,3058.71,3997.7
-1057740876,9719107989,9719107999,4,highway.unclassified,50.004000000000005,1,,tram rail_urban rail rail_electric rail_fast ship,0,unclassified,266.5149039534316,222.77733191373244,3119.06,1863.39,2943.6,1673.76
-1057740877#0,10152611762,9719108001,4,highway.unclassified,29.988,1,,tram rail_urban rail rail_electric rail_fast ship,0,unclassified,13.820032561466414,89.87562440770694,4746.43,1609.45,4760.25,1609.48
-1057740877#1,10152611763,10152611762,4,highway.unclassified,29.988,1,,tram rail_urban rail rail_electric rail_fast ship,0,unclassified,104.06040409300785,89.84032545605208,4642.37,1609.16,4746.43,1609.45
-1057740877#2,10092616463,10152611763,4,highway.unclassified,29.988,1,,tram rail_urban rail rail_electric rail_fast ship,0,unclassified,8.670024193508116,89.86783003948545,4633.7,1609.14,4642.37,1609.16
-1057740879,9719108001,9719108002,4,highway.unclassified,50.004000000000005,1,,tram rail_urban rail rail_electric rail_fast ship,0,unclassified,216.84401767168944,180.34878018247701,4760.25,1609.48,4758.93,1392.64
-1057740880#0,9719108002,9719108008,4,highway.unclassified,50.004000000000005,1,,tram rail_urban rail rail_electric rail_fast ship,0,unclassified,180.9387947593059,252.20695176076458,4758.93,1392.64,4586.65,1337.35
-1057740880#1,9719108003,9719108002,4,highway.unclassified,50.004000000000005,1,,tram rail_urban rail rail_electric rail_fast ship,0,unclassified,18.848872645333433,252.33407585965665,4776.89,1398.36,4758.93,1392.64
-106219259,1222774761,1222774784,4,highway.unclassified,50.004000000000005,1,,tram rail_urban rail rail_electric rail_fast ship,0,unclassified,397.3283717627741,214.3570073497572,3826.52,739.84,3603.84,414.1
-1079723591,4983153143,9897114285,4,highway.unclassified,50.004000000000005,1,,tram rail_urban rail rail_electric rail_fast ship,0,unclassified,55.25198461710576,237.44609085235965,3081.19,1273.18,3034.62,1243.45
-1079723596,9897114298,9897114302,4,highway.unclassified,50.004000000000005,1,,tram rail_urban rail rail_electric rail_fast ship,0,unclassified,105.15828847655607,49.322202921707856,2866.43,1280.01,2938.51,1341.96
-1079723603,5263712552,1766536971,10,highway.tertiary,79.992,1,,tram rail_urban rail rail_electric rail_fast ship,0,tertiary,15.170843747135653,37.47418141738325,3185.9,1084.6,3195.13,1096.64
-1088466838#0,9972395432,9972369512,10,highway.tertiary,79.992,1,,tram rail_urban rail rail_electric rail_fast ship,0,tertiary,8.074187265602065,255.58511766168402,4167.22,2387.82,4159.4,2385.81
-1088466838#1,1663593028,9972395432,10,highway.tertiary,79.992,1,,tram rail_urban rail rail_electric rail_fast ship,0,tertiary,8.882184416008807,256.5895730365969,4175.86,2389.88,4167.22,2387.82
-1102935201,2511999113,2511999107,12,highway.primary,50.004000000000005,1,,tram rail_urban rail rail_electric rail_fast ship,0,primary,23.855282433876187,41.992568242624145,2731.97,1539.1,2747.93,1556.83
-1102935203,9719108000,10092616465,11,highway.secondary,100.00800000000001,1,,tram rail_urban rail rail_electric rail_fast ship,0,secondary,22.97222018003509,195.83919121719677,4621.93,1623.41,4615.66,1601.31
-1102935205,2010682070,9719108000,11,highway.secondary,100.00800000000001,1,,tram rail_urban rail rail_electric rail_fast ship,0,secondary,122.19356656521609,195.89965926347236,4655.4,1740.91,4621.93,1623.41
-1109771198#0,10152611637,429515276,3,highway.residential,50.004000000000005,1,,tram rail_urban rail rail_electric rail_fast ship,0,residential,31.261233638541746,3.272584538509534,3841.01,2780.24,3842.79,2811.37
-1109771198#1,1687286936,10152611637,3,highway.residential,50.004000000000005,1,,tram rail_urban rail rail_electric rail_fast ship,0,residential,8.602144879647195,24.21546392282511,3837.52,2772.48,3841.01,2780.24
-1109772709,431325283,2023683308,12,highway.primary,100.00800000000001,1,,tram rail_urban rail rail_electric rail_fast ship,0,primary,115.71205394570617,271.1092273453506,5411.55,1900.84,5295.86,1903.08
-1109772710,10152611760,10152611759,12,highway.primary,100.00800000000001,1,,tram rail_urban rail rail_electric rail_fast ship,0,primary,153.259409219072,255.25738860773046,4942.57,1854.5,4794.36,1815.5
-1119243207,423389699,441268024,3,highway.residential,50.004000000000005,1,,tram rail_urban rail rail_electric rail_fast ship,0,residential,117.8075967232483,72.22028906221033,2830.1,3401.49,2935.69,3435.35
-1119245056,6333711041,430938925,3,highway.residential,50.004000000000005,1,,tram rail_urban rail rail_electric rail_fast ship,0,residential,59.106927681956236,291.69520630948284,3921.9,3703.88,3866.98,3725.73
-1119245057#0,423425137,423425148,3,highway.residential,50.004000000000005,1,,tram rail_urban rail rail_electric rail_fast ship,0,residential,115.26635247033056,171.96868461793224,4116.05,3529.2,4131.75,3417.93
-1119245057#1,423425135,423425137,3,highway.residential,50.004000000000005,1,,tram rail_urban rail rail_electric rail_fast ship,0,residential,65.30787660167876,188.54032765583898,4125.73,3593.66,4116.05,3529.2
-1119245057#2,3340881679,423425135,3,highway.residential,50.004000000000005,1,,tram rail_urban rail rail_electric rail_fast ship,0,residential,142.36024343062437,185.1543055616208,4138.39,3734.01,4125.73,3593.66
-1119245057#3,3340881694,3340881679,3,highway.residential,50.004000000000005,1,,tram rail_urban rail rail_electric rail_fast ship,0,residential,49.468186956898634,191.25312525536145,4148.04,3782.51,4138.39,3734.01
-1119245058,2513116050,3340881694,3,highway.residential,50.004000000000005,1,,tram rail_urban rail rail_electric rail_fast ship,0,residential,72.85378566330513,202.15715201928688,4175.45,3849.82,4148.04,3782.51
-1119245060#0,3340881462,430894463,11,highway.secondary,100.00800000000001,1,,tram rail_urban rail rail_electric rail_fast ship,0,secondary,34.452495925385314,289.9461240720981,4095.94,3435.71,4063.59,3447.45
-1119245060#1,423425148,3340881462,11,highway.secondary,100.00800000000001,1,,tram rail_urban rail rail_electric rail_fast ship,0,secondary,39.981051762053525,296.40482849765044,4131.75,3417.93,4095.94,3435.71
-1119245060#2,8916107651,423425148,11,highway.secondary,100.00800000000001,1,,tram rail_urban rail rail_electric rail_fast ship,0,secondary,16.91816183868641,296.73165223401435,4146.86,3410.32,4131.75,3417.93
-1119245061,3340881416,8916107651,11,highway.secondary,100.00800000000001,1,,tram rail_urban rail rail_electric rail_fast ship,0,secondary,76.19181985285528,297.2881470723169,4214.57,3375.39,4146.86,3410.32
-1119245070,429653579,430895473,3,highway.residential,50.004000000000005,1,,tram rail_urban rail rail_electric rail_fast ship,0,residential,15.52998171630201,1.697702633917288,3985.8,2882.23,3986.26,2897.75
-1119245071,430895473,430901229,3,highway.residential,50.004000000000005,1,,tram rail_urban rail rail_electric rail_fast ship,0,residential,71.8830604869028,7.546184944476352,3986.26,2897.75,3995.7,2969.01
-1119245074,1687165259,1687165275,3,highway.residential,50.004000000000005,1,,tram rail_urban rail rail_electric rail_fast ship,0,residential,63.3758896569728,142.4931871303163,2980.83,3248.98,3019.39,3198.74
-1119245692,621155637,423353694,3,highway.residential,50.004000000000005,1,,tram rail_urban rail rail_electric rail_fast ship,0,residential,50.99624050237081,241.96808058959272,4134.0,2785.61,4101.0,2768.04
-1119245693,7257331823,621155637,3,highway.residential,50.004000000000005,1,,tram rail_urban rail rail_electric rail_fast ship,0,residential,8.311245394043004,287.65012421992986,4141.92,2783.09,4134.0,2785.61
-1162674260,9972395328,431334400,10,highway.tertiary,79.992,1,,tram rail_urban rail rail_electric rail_fast ship,0,tertiary,3.8667428153420538,350.17227598883886,4309.93,2418.73,4309.27,2422.54
-1165362989,3254769439,10839457927,2,highway.living_street,10.008,1,,tram rail_urban rail rail_electric rail_fast ship,0,living_street,20.64810067290714,336.11639973571795,2634.77,2903.39,2626.41,2922.27
-1165362990#0,3204645334,10839457934,2,highway.living_street,10.008,1,,tram rail_urban rail rail_electric rail_fast ship,0,living_street,18.43872533837486,333.629500806989,2620.98,2934.55,2612.79,2951.07
-1165362990#1,10839457927,3204645334,2,highway.living_street,10.008,1,,tram rail_urban rail rail_electric rail_fast ship,0,living_street,13.426961681631594,336.14582868886595,2626.41,2922.27,2620.98,2934.55
-1237369283,3204643489,418600284,4,highway.unclassified,50.004000000000005,1,,tram rail_urban rail rail_electric rail_fast ship,0,unclassified,104.44727881681564,244.87055726899828,2450.23,2817.25,2357.79,2773.89
-1237371405,11492610792,3204645804,3,highway.residential,50.004000000000005,1,,tram rail_urban rail rail_electric rail_fast ship,0,residential,7.763710453127179,271.7714697400325,2544.74,2947.48,2536.98,2947.72
-1238426234#0,3469068912,418609058,12,highway.primary,50.004000000000005,1,,tram rail_urban rail rail_electric rail_fast ship,0,primary,47.507863472650186,191.1297725695164,3046.14,2192.13,3036.99,2145.62
-1238426236,1767323500,1767322357,3,highway.residential,50.004000000000005,1,,tram rail_urban rail rail_electric rail_fast ship,0,residential,24.411513676951962,68.16372316392079,3508.1,1085.03,3530.76,1094.11
-1238426237,1767285014,5263712552,10,highway.tertiary,79.992,1,,tram rail_urban rail rail_electric rail_fast ship,0,tertiary,731.4994919384118,57.313644438899814,2574.65,692.39,3185.9,1084.6
-1238426239,1767302209,1767302227,4,highway.unclassified,50.004000000000005,1,,tram rail_urban rail rail_electric rail_fast ship,0,unclassified,395.53879178428457,14.169791995634625,2975.63,377.15,3066.82,738.33
-1238426242,1767344724,1767322317,3,highway.residential,50.004000000000005,1,,tram rail_urban rail rail_electric rail_fast ship,0,residential,32.0992347704192,350.53180852550145,3659.49,1265.44,3654.21,1297.1
-1238426243,5777445927,1767344707,3,highway.residential,50.004000000000005,1,,tram rail_urban rail rail_electric rail_fast ship,0,residential,7.3046902740636295,292.879311207509,3970.39,1579.96,3963.66,1582.8
-1238948418#0,9897124748,2511985648,10,highway.tertiary,79.992,1,,tram rail_urban rail rail_electric rail_fast ship,0,tertiary,1.4305593311708669,321.52784100789194,3127.68,1227.02,3126.79,1228.14
-1239117016#0,3471018057,3974640291,4,highway.unclassified,50.004000000000005,1,,tram rail_urban rail rail_electric rail_fast ship,0,unclassified,11.384537759610478,220.47574197545924,4674.53,2531.86,4667.14,2523.2
-1239117016#1,3974576101,3471018057,4,highway.unclassified,50.004000000000005,1,,tram rail_urban rail rail_electric rail_fast ship,0,unclassified,43.19942823695719,218.83587296358715,4701.62,2565.51,4674.53,2531.86
-1239117016#2,4980006045,3974576101,4,highway.unclassified,50.004000000000005,1,,tram rail_urban rail rail_electric rail_fast ship,0,unclassified,255.8888681522713,235.783092484394,4909.64,2706.97,4701.62,2565.51
-1239117018,2962483937,1687124670,3,highway.residential,50.004000000000005,1,,tram rail_urban rail rail_electric rail_fast ship,0,residential,336.2539315396445,160.96564798923714,3075.34,4948.46,3182.6,4637.56
-1239117021,1687124701,11510936199,4,highway.unclassified,50.004000000000005,1,,tram rail_urban rail rail_electric rail_fast ship,0,unclassified,177.97215029092195,321.08460187845697,3344.23,4370.38,3232.51,4508.76
-1239117024,429478908,3974531856,3,highway.residential,50.004000000000005,1,,tram rail_urban rail rail_electric rail_fast ship,0,residential,650.4988217904388,214.92043553756653,3672.23,2081.42,3304.01,1553.99
-1239117045,429520308,3262396875,10,highway.tertiary,79.992,1,,tram rail_urban rail rail_electric rail_fast ship,0,tertiary,251.13835425980125,46.68330058661371,4009.44,1633.31,4191.06,1804.56
-1299820133,430901229,430912564,3,highway.residential,50.004000000000005,1,,tram rail_urban rail rail_electric rail_fast ship,0,residential,182.87786681561568,8.031294471104502,3995.7,2969.01,4021.25,3150.09
-1339478328#0,3471386122,429504429,10,highway.tertiary,50.004000000000005,1,,tram rail_urban rail rail_electric rail_fast ship,0,tertiary,141.40361820684794,92.97551787554823,3232.03,2738.29,3373.24,2730.95
-1339478331#1,12390308742,2511999107,12,highway.primary,50.004000000000005,1,,tram rail_urban rail rail_electric rail_fast ship,0,primary,92.12463438721664,221.95531499315038,2809.52,1625.34,2747.93,1556.83
-1339478332#0,3974531848,1766515560,12,highway.primary,50.004000000000005,1,,tram rail_urban rail rail_electric rail_fast ship,0,primary,14.467377094691441,39.333990671817844,2606.95,1390.29,2616.12,1401.48
-1339478332#1,12390308745,3974531848,12,highway.primary,50.004000000000005,1,,tram rail_urban rail rail_electric rail_fast ship,0,primary,25.273632505043516,38.75186096283278,2591.13,1370.58,2606.95,1390.29
-1339510606#0,2513116129,2513116272,11,highway.secondary,79.992,1,,tram rail_urban rail rail_electric rail_fast ship,0,secondary,79.97570821123814,339.91100452970045,5368.3,4272.88,5340.83,4347.99
-1339510606#1,12390642059,2513116129,11,highway.secondary,79.992,1,,tram rail_urban rail rail_electric rail_fast ship,0,secondary,383.3966749497651,1.719732358271358,5356.92,3893.85,5368.3,4272.88
-1339510609#0,429655331,12390642063,11,highway.secondary,50.004000000000005,1,,tram rail_urban rail rail_electric rail_fast ship,0,secondary,28.58005101929482,61.36535333486012,4488.68,2614.16,4513.57,2627.75
-1339510610,429655333,12390642064,11,highway.secondary,50.004000000000005,1,,tram rail_urban rail rail_electric rail_fast ship,0,secondary,43.09755851921651,266.2336952277281,4437.02,2618.02,4394.03,2615.19
-1371061454,1767325521,1767335324,3,highway.residential,50.004000000000005,1,,tram rail_urban rail rail_electric rail_fast ship,0,residential,15.790392648696374,98.66891825203908,3389.93,1084.2,3405.54,1081.82
-13937774#0,423359653,3204643489,3,highway.residential,50.004000000000005,1,,tram rail_urban rail rail_electric rail_fast ship,0,residential,40.33901807723713,253.60323477682118,2488.87,2828.62,2450.23,2817.25
-13937774#1,423361227,423359653,3,highway.residential,50.004000000000005,1,,tram rail_urban rail rail_electric rail_fast ship,0,residential,85.86098311082753,252.38833811769888,2570.05,2854.39,2488.87,2828.62
-139832421#0,1532578485,5318265357,3,highway.residential,50.004000000000005,1,,tram rail_urban rail rail_electric rail_fast ship,0,residential,721.9699188788649,26.460542136481763,5432.36,3858.99,5745.9,4488.94
-139832421#1,1532579486,1532578485,3,highway.residential,50.004000000000005,1,,tram rail_urban rail rail_electric rail_fast ship,0,residential,89.68136090972453,90.96552904958975,5349.29,3860.39,5432.36,3858.99
-153730003#0,1663572730,1663572789,3,highway.residential,50.004000000000005,1,,tram rail_urban rail rail_electric rail_fast ship,0,residential,43.961961967137015,173.86274405073823,4475.04,2271.04,4479.74,2227.33
-153730003#1,1663572707,1663572730,3,highway.residential,50.004000000000005,1,,tram rail_urban rail rail_electric rail_fast ship,0,residential,29.47066677223313,160.55672988905178,4465.23,2298.83,4475.04,2271.04
-153730003#2,1663572697,1663572707,3,highway.residential,50.004000000000005,1,,tram rail_urban rail rail_electric rail_fast ship,0,residential,16.056416163016838,150.03381513184917,4457.21,2312.74,4465.23,2298.83
-153730008#0,1663572768,429520296,3,highway.residential,50.004000000000005,1,,tram rail_urban rail rail_electric rail_fast ship,0,residential,48.17685974521396,34.28687697720886,4254.32,2040.66,4281.32,2080.26
-153730008#1,1663572830,1663572768,3,highway.residential,50.004000000000005,1,,tram rail_urban rail rail_electric rail_fast ship,0,residential,62.82880299482694,6.586903274125007,4247.23,1979.26,4254.32,2040.66
-153730008#2,429520299,1663572830,3,highway.residential,50.004000000000005,1,,tram rail_urban rail rail_electric rail_fast ship,0,residential,73.950042368336,340.3345907178985,4271.86,1910.34,4247.23,1979.26
-153730009#0,1663572713,1663572779,3,highway.residential,50.004000000000005,1,,tram rail_urban rail rail_electric rail_fast ship,0,residential,74.34837234955579,131.3013642982703,4566.95,2297.38,4612.9,2257.01
-153730009#1,1663572730,1663572713,3,highway.residential,50.004000000000005,1,,tram rail_urban rail rail_electric rail_fast ship,0,residential,95.60986251037006,74.00850736808866,4475.04,2271.04,4566.95,2297.38
-153730010#0,1663572771,1663572725,3,highway.residential,50.004000000000005,1,,tram rail_urban rail rail_electric rail_fast ship,0,residential,22.28632316018128,250.36174027755186,4562.14,2337.03,4541.15,2329.54
-153730010#1,1663572666,1663572771,3,highway.residential,50.004000000000005,1,,tram rail_urban rail rail_electric rail_fast ship,0,residential,16.32711854553655,250.3886662123065,4577.52,2342.51,4562.14,2337.03
-153730010#2,431336421,1663572666,3,highway.residential,50.004000000000005,1,,tram rail_urban rail rail_electric rail_fast ship,0,residential,80.0121022096033,142.71476714559446,4529.05,2406.17,4577.52,2342.51
-153730011,429520294,1663572898,3,highway.residential,50.004000000000005,1,,tram rail_urban rail rail_electric rail_fast ship,0,residential,68.50511235053727,252.7240179213125,4293.18,2122.62,4227.94,2102.33
-153730013#0,1663572633,1663572768,3,highway.residential,50.004000000000005,1,,tram rail_urban rail rail_electric rail_fast ship,0,residential,36.695565127137534,102.17654581977348,4218.45,2048.4,4254.32,2040.66
-153730013#1,1663572804,1663572633,3,highway.residential,50.004000000000005,1,,tram rail_urban rail rail_electric rail_fast ship,0,residential,18.435088825388988,102.18158524242546,4200.43,2052.29,4218.45,2048.4
-153730013#2,1663572742,1663572804,3,highway.residential,50.004000000000005,1,,tram rail_urban rail rail_electric rail_fast ship,0,residential,22.055647802774146,101.66656174404926,4178.83,2056.75,4200.43,2052.29
-153730014#0,1663572766,1663572582,3,highway.residential,50.004000000000005,1,,tram rail_urban rail rail_electric rail_fast ship,0,residential,31.329770187475027,132.65873879793344,4205.65,1984.42,4228.69,1963.19
-153730014#1,1663572804,1663572766,3,highway.residential,50.004000000000005,1,,tram rail_urban rail rail_electric rail_fast ship,0,residential,72.8670629434709,175.60194020943118,4200.43,2052.29,4205.65,1984.42
-153730015#0,1663572680,429520292,3,highway.residential,50.004000000000005,1,,tram rail_urban rail rail_electric rail_fast ship,0,residential,9.684152002111649,328.08241673558126,4341.48,2216.06,4336.36,2224.28
-153730015#1,3974640257,1663572680,3,highway.residential,50.004000000000005,1,,tram rail_urban rail rail_electric rail_fast ship,0,residential,47.40502188587191,356.37164436467236,4344.48,2168.75,4341.48,2216.06
-153730015#2,3974637330,3974640257,3,highway.residential,50.004000000000005,1,,tram rail_urban rail rail_electric rail_fast ship,0,residential,260.45230894745083,354.9535529103557,4367.39,1909.31,4344.48,2168.75
-153730015#3,1663572827,3974637330,3,highway.residential,50.004000000000005,1,,tram rail_urban rail rail_electric rail_fast ship,0,residential,81.92894575877426,355.8421332145824,4373.33,1827.6,4367.39,1909.31
-153730016#0,1663572674,1663572641,3,highway.residential,50.004000000000005,1,,tram rail_urban rail rail_electric rail_fast ship,0,residential,62.38247439442283,102.35261212963968,4402.29,2206.54,4462.93,2193.26
-153730016#1,1663572576,1663572674,3,highway.residential,50.004000000000005,1,,tram rail_urban rail rail_electric rail_fast ship,0,residential,12.957113876168375,132.05952241321313,4392.67,2215.22,4402.29,2206.54
-153730017,1663572633,1663572766,3,highway.residential,50.004000000000005,1,,tram rail_urban rail rail_electric rail_fast ship,0,residential,65.24783827836757,191.31337676493976,4218.45,2048.4,4205.65,1984.42
-153730018,1663572709,1663572719,3,highway.residential,50.004000000000005,1,,tram rail_urban rail rail_electric rail_fast ship,0,residential,211.4554200204927,280.3450218688062,4237.99,1863.57,4077.37,1892.89
-153730020#0,1663572719,1663572590,3,highway.residential,50.004000000000005,1,,tram rail_urban rail rail_electric rail_fast ship,0,residential,127.37197223085221,240.11145190817786,4077.37,1892.89,3967.15,1829.54
-153730020#1,1663572887,1663572719,3,highway.residential,50.004000000000005,1,,tram rail_urban rail rail_electric rail_fast ship,0,residential,161.59720808544864,246.60194676178128,4221.72,1955.35,4077.37,1892.89
-153730020#2,1663572582,1663572887,3,highway.residential,50.004000000000005,1,,tram rail_urban rail rail_electric rail_fast ship,0,residential,10.49030504799518,221.63807510124346,4228.69,1963.19,4221.72,1955.35
-153730020#3,1663572830,1663572582,3,highway.residential,50.004000000000005,1,,tram rail_urban rail rail_electric rail_fast ship,0,residential,24.5352093938486,229.08208733831412,4247.23,1979.26,4228.69,1963.19
-153730022#0,3974576076,1663572894,3,highway.residential,50.004000000000005,1,,tram rail_urban rail rail_electric rail_fast ship,0,residential,168.67357419394762,143.08563011966828,4527.84,2234.27,4625.34,2104.48
-153730022#1,1663572789,3974576076,3,highway.residential,50.004000000000005,1,,tram rail_urban rail rail_electric rail_fast ship,0,residential,48.74769093100164,81.78986634483101,4479.74,2227.33,4527.84,2234.27
-153730022#2,1663572576,1663572789,3,highway.residential,50.004000000000005,1,,tram rail_urban rail rail_electric rail_fast ship,0,residential,87.90811680385352,82.08189843652247,4392.67,2215.22,4479.74,2227.33
-153730022#3,1663572680,1663572576,3,highway.residential,50.004000000000005,1,,tram rail_urban rail rail_electric rail_fast ship,0,residential,51.896271738943085,90.94010813900576,4341.48,2216.06,4392.67,2215.22
-153730023,1663572674,1663572648,3,highway.residential,50.004000000000005,1,,tram rail_urban rail rail_electric rail_fast ship,0,residential,33.699735904009756,181.37728234191934,4402.29,2206.54,4401.48,2172.85
-153730925#0,1663593067,1663593092,3,highway.residential,50.004000000000005,1,,tram rail_urban rail rail_electric rail_fast ship,0,residential,53.60150815933538,356.84035971319963,3976.56,2439.97,3973.61,2493.41
-153730925#1,1663593057,1663593067,3,highway.residential,50.004000000000005,1,,tram rail_urban rail rail_electric rail_fast ship,0,residential,47.526382147182176,354.53052202902876,3981.09,2392.66,3976.56,2439.97
-153730928,429482598,429483201,3,highway.residential,50.004000000000005,1,,tram rail_urban rail rail_electric rail_fast ship,0,residential,155.71489794665388,132.81130151761784,3584.64,2582.26,3698.87,2476.44
-153730933#0,1663593092,1663593013,3,highway.residential,50.004000000000005,1,,tram rail_urban rail rail_electric rail_fast ship,0,residential,74.82213868119842,269.8388848154268,3973.61,2493.41,3898.93,2493.2
-153730933#1,1663593129,1663593092,3,highway.residential,50.004000000000005,1,,tram rail_urban rail rail_electric rail_fast ship,0,residential,3.3173031215129485,273.80258580706715,3976.92,2493.19,3973.61,2493.41
-153730934,423353680,1663593112,3,highway.residential,50.004000000000005,1,,tram rail_urban rail rail_electric rail_fast ship,0,residential,30.04815468543789,274.389930668325,4078.05,2567.87,4048.09,2570.17
-153730935,1663593224,1697838087,3,highway.residential,50.004000000000005,1,,tram rail_urban rail rail_electric rail_fast ship,0,residential,96.17324594104805,26.906013554754395,4141.0,2650.05,4184.19,2735.16
-153730937,2759219803,1663593188,3,highway.residential,50.004000000000005,1,,tram rail_urban rail rail_electric rail_fast ship,0,residential,87.1152016509566,25.561001130735235,4059.48,2473.42,4096.92,2551.7
-153730938,1663593129,1663593204,3,highway.residential,50.004000000000005,1,,tram rail_urban rail rail_electric rail_fast ship,0,residential,123.79595130928833,296.96410837876334,3976.92,2493.19,3897.37,2533.66
-153730939#0,1663593224,1663593059,3,highway.residential,50.004000000000005,1,,tram rail_urban rail rail_electric rail_fast ship,0,residential,52.85337453748807,296.1093319606433,4141.0,2650.05,4093.54,2673.31
-153730939#1,1663593156,1663593224,3,highway.residential,50.004000000000005,1,,tram rail_urban rail rail_electric rail_fast ship,0,residential,55.20047792185612,290.8188401485511,4192.52,2630.46,4141.0,2650.05
-153732959#0,9897114272,1663642153,4,highway.unclassified,50.004000000000005,1,,tram rail_urban rail rail_electric rail_fast ship,0,unclassified,113.94699450146788,251.19468718711744,2983.08,1210.76,2878.42,1175.12
-153732959#1,9897114285,9897114272,4,highway.unclassified,50.004000000000005,1,,tram rail_urban rail rail_electric rail_fast ship,0,unclassified,61.03284115949379,237.6144881529943,3034.62,1243.45,2983.08,1210.76
-153732960#0,1663642190,429519302,3,highway.residential,50.004000000000005,1,,tram rail_urban rail rail_electric rail_fast ship,0,residential,77.99267754708907,346.0350332005526,4012.83,2068.6,3994.01,2144.28
-153732962#0,3340880853,1663642190,3,highway.residential,50.004000000000005,1,,tram rail_urban rail rail_electric rail_fast ship,0,residential,37.285774767329166,256.3327283502256,4049.06,2077.41,4012.83,2068.6
-153732962#1,3340880858,3340880853,3,highway.residential,50.004000000000005,1,,tram rail_urban rail rail_electric rail_fast ship,0,residential,10.048368026699949,256.24034516082435,4058.82,2079.8,4049.06,2077.41
-153732962#2,3340880859,3340880858,3,highway.residential,50.004000000000005,1,,tram rail_urban rail rail_electric rail_fast ship,0,residential,9.156008955871108,256.4190776450666,4067.72,2081.95,4058.82,2079.8
-153732963#0,1663642195,1663642193,3,highway.residential,50.004000000000005,1,,tram rail_urban rail rail_electric rail_fast ship,0,residential,48.75936422883311,75.94665671776477,4151.33,2119.65,4198.63,2131.49
-153732963#1,1663642233,1663642195,3,highway.residential,50.004000000000005,1,,tram rail_urban rail rail_electric rail_fast ship,0,residential,67.21054127858737,110.51005343353103,4088.51,2143.15,4151.33,2119.65
-153732963#2,1663642179,1663642233,3,highway.residential,50.004000000000005,1,,tram rail_urban rail rail_electric rail_fast ship,0,residential,45.071933638768684,132.95596772179874,4057.75,2171.79,4088.51,2143.15
-153732965,1663642213,1663642191,3,highway.residential,50.004000000000005,1,,tram rail_urban rail rail_electric rail_fast ship,0,residential,42.88242588390729,223.46786386359537,4351.88,2322.31,4329.32,2298.51
-153732966,1663642177,1663642174,3,highway.residential,50.004000000000005,1,,tram rail_urban rail rail_electric rail_fast ship,0,residential,87.81057453405015,119.62753012225102,4091.24,2223.33,4167.57,2179.92
-153732967#0,1663642147,1663572680,3,highway.residential,50.004000000000005,1,,tram rail_urban rail rail_electric rail_fast ship,0,residential,29.154898387749622,220.2559765939053,4360.32,2238.31,4341.48,2216.06
-153732967#1,1663642161,1663642147,3,highway.residential,50.004000000000005,1,,tram rail_urban rail rail_electric rail_fast ship,0,residential,77.07390854031635,234.51188017283602,4408.47,2272.64,4360.32,2238.31
-153732967#2,1663642147,1663642161,3,highway.residential,50.004000000000005,1,,tram rail_urban rail rail_electric rail_fast ship,0,residential,89.47647089898184,54.511880172836015,4360.32,2238.31,4408.47,2272.64
-156456329,1687073956,1687073965,3,highway.residential,50.004000000000005,1,,tram rail_urban rail rail_electric rail_fast ship,0,residential,71.25673262143866,153.7226841542472,2859.85,3090.66,2891.39,3026.78
-156460671,1687124711,430958141,3,highway.residential,50.004000000000005,1,,tram rail_urban rail rail_electric rail_fast ship,0,residential,16.768446558939065,174.11261057252136,4182.67,3262.2,4184.39,3245.52
-156460672,1687124690,1687124809,3,highway.residential,50.004000000000005,1,,tram rail_urban rail rail_electric rail_fast ship,0,residential,90.44747702396135,60.78234631399408,3362.9,3926.31,3441.84,3970.46
-156460677,1687124708,1687124747,3,highway.residential,50.004000000000005,1,,tram rail_urban rail rail_electric rail_fast ship,0,residential,185.86976754504434,359.74921088326624,3358.72,3951.23,3357.96,4124.86
-156460680#0,1687124785,1687124711,3,highway.residential,50.004000000000005,1,,tram rail_urban rail rail_electric rail_fast ship,0,residential,19.472935819063427,170.83296434202987,4179.57,3281.41,4182.67,3262.2
-156460680#1,8916107651,1687124785,3,highway.residential,50.004000000000005,1,,tram rail_urban rail rail_electric rail_fast ship,0,residential,132.99775851098758,165.76209628252343,4146.86,3410.32,4179.57,3281.41
-156460681#0,423413959,1687124735,11,highway.secondary,100.00800000000001,1,,tram rail_urban rail rail_electric rail_fast ship,0,secondary,85.86724426365899,336.37558926119976,3351.17,3822.54,3316.76,3901.21
-156460681#1,430939382,423413959,11,highway.secondary,100.00800000000001,1,,tram rail_urban rail rail_electric rail_fast ship,0,secondary,189.41960406323884,328.01912157463033,3449.62,3664.87,3351.17,3822.54
-156460681#2,430939369,430939382,11,highway.secondary,100.00800000000001,1,,tram rail_urban rail rail_electric rail_fast ship,0,secondary,97.46952737093558,299.8948124686341,3533.86,3616.44,3449.62,3664.87
-156460682#0,3340881407,3340881400,4,highway.unclassified,29.988,1,,tram rail_urban rail rail_electric rail_fast ship,0,unclassified,9.737566431095596,205.4861126007689,3628.64,3359.9,3624.45,3351.11
-156460682#1,3340881415,3340881407,4,highway.unclassified,29.988,1,,tram rail_urban rail rail_electric rail_fast ship,0,unclassified,10.475762502080729,205.4398304200361,3633.14,3369.36,3628.64,3359.9
-156460683#0,1687124739,1687124701,3,highway.residential,50.004000000000005,1,,tram rail_urban rail rail_electric rail_fast ship,0,residential,98.2803032148353,320.8722064968333,3406.25,4294.14,3344.23,4370.38
-156460683#1,3974640377,1687124739,3,highway.residential,50.004000000000005,1,,tram rail_urban rail rail_electric rail_fast ship,0,residential,79.72499417378707,317.2548151843677,3460.29,4235.67,3406.25,4294.14
-156460683#2,430938463,3974640377,3,highway.residential,50.004000000000005,1,,tram rail_urban rail rail_electric rail_fast ship,0,residential,41.030744527622986,324.8683459368425,3483.89,4202.13,3460.29,4235.67
-156460683#3,430938459,430938463,3,highway.residential,50.004000000000005,1,,tram rail_urban rail rail_electric rail_fast ship,0,residential,88.54117712796489,348.0516581797536,3502.11,4116.03,3483.89,4202.13
-156460683#4,2962481964,430938459,3,highway.residential,50.004000000000005,1,,tram rail_urban rail rail_electric rail_fast ship,0,residential,118.08393389442764,1.3732825478988389,3499.28,3997.98,3502.11,4116.03
-156460683#5,423416419,2962481964,3,highway.residential,50.004000000000005,1,,tram rail_urban rail rail_electric rail_fast ship,0,residential,115.6113770353074,357.26826726517965,3504.79,3882.5,3499.28,3997.98
-156460683#6,423418300,423416419,3,highway.residential,50.004000000000005,1,,tram rail_urban rail rail_electric rail_fast ship,0,residential,163.54408505636619,357.7429991157652,3511.23,3719.1,3504.79,3882.5
-156460683#7,3340881666,423418300,3,highway.residential,50.004000000000005,1,,tram rail_urban rail rail_electric rail_fast ship,0,residential,6.728105231043555,347.5543233006465,3512.68,3712.53,3511.23,3719.1
-156460683#8,430939369,3340881666,3,highway.residential,50.004000000000005,1,,tram rail_urban rail rail_electric rail_fast ship,0,residential,101.79784007650031,347.5697199405018,3533.86,3616.44,3512.68,3712.53
-156460688,1687124708,1687124747,3,highway.residential,50.004000000000005,1,,tram rail_urban rail rail_electric rail_fast ship,0,residential,208.0999805994993,359.74921088326624,3358.72,3951.23,3357.96,4124.86
-156460691,1687124677,1687124699,3,highway.residential,50.004000000000005,1,,tram rail_urban rail rail_electric rail_fast ship,0,residential,112.12800720605013,228.36221716028896,3300.11,4212.96,3216.31,4138.46
-156466987,1687165259,441268018,3,highway.residential,50.004000000000005,1,,tram rail_urban rail rail_electric rail_fast ship,0,residential,54.80762720643892,57.33637928232133,2980.83,3248.98,3026.97,3278.56
-156466988#0,1687165289,423401224,3,highway.residential,50.004000000000005,1,,tram rail_urban rail rail_electric rail_fast ship,0,residential,20.188999479914663,236.78220461503463,2990.0,3120.45,2973.11,3109.39
-156466988#1,1687165247,1687165289,3,highway.residential,50.004000000000005,1,,tram rail_urban rail rail_electric rail_fast ship,0,residential,10.745664241916431,229.49123908621365,2998.17,3127.43,2990.0,3120.45
-156466988#2,1687165279,1687165247,3,highway.residential,50.004000000000005,1,,tram rail_urban rail rail_electric rail_fast ship,0,residential,46.333259112650566,237.66822706928485,3037.32,3152.21,2998.17,3127.43
-156466988#3,1687165295,1687165279,3,highway.residential,50.004000000000005,1,,tram rail_urban rail rail_electric rail_fast ship,0,residential,13.245535096778758,231.80633035717526,3047.73,3160.4,3037.32,3152.21
-156466990,1687165289,1687165238,3,highway.residential,50.004000000000005,1,,tram rail_urban rail rail_electric rail_fast ship,0,residential,40.891759561065456,131.47063544710585,2990.0,3120.45,3020.64,3093.37
-156466992#0,1687165279,1687165293,3,highway.residential,50.004000000000005,1,,tram rail_urban rail rail_electric rail_fast ship,0,residential,28.640366899988983,140.19958071094118,3037.32,3152.21,3055.55,3130.33
-156466992#1,1687165299,1687165279,3,highway.residential,50.004000000000005,1,,tram rail_urban rail rail_electric rail_fast ship,0,residential,47.99802600107661,137.59221370842954,3004.95,3187.65,3037.32,3152.21
-156466993,10944806736,1687165284,3,highway.residential,50.004000000000005,1,,tram rail_urban rail rail_electric rail_fast ship,0,residential,43.31044284608749,152.72433993342452,3048.2,3075.05,3068.03,3036.59
-156466994#0,1687165253,423401245,3,highway.residential,50.004000000000005,1,,tram rail_urban rail rail_electric rail_fast ship,0,residential,26.455717718482145,231.93886840312845,2908.44,3200.8,2887.61,3184.49
-156466994#1,1687165286,1687165253,3,highway.residential,50.004000000000005,1,,tram rail_urban rail rail_electric rail_fast ship,0,residential,38.07813677164328,226.58552700602488,2936.1,3226.97,2908.44,3200.8
-156466994#2,1687165265,1687165286,3,highway.residential,50.004000000000005,1,,tram rail_urban rail rail_electric rail_fast ship,0,residential,48.90040899624491,237.71392784323803,2977.44,3253.09,2936.1,3226.97
-156466996#0,1687165286,1687165261,3,highway.residential,50.004000000000005,1,,tram rail_urban rail rail_electric rail_fast ship,0,residential,76.11033701147296,136.85275896743383,2936.1,3226.97,2988.15,3171.44
-156466996#1,1687165249,1687165286,3,highway.residential,50.004000000000005,1,,tram rail_urban rail rail_electric rail_fast ship,0,residential,86.68850269787796,138.91479980438515,2879.13,3292.31,2936.1,3226.97
-156466997#0,1687165292,423401233,3,highway.residential,50.004000000000005,1,,tram rail_urban rail rail_electric rail_fast ship,0,residential,36.699995912806045,239.92786165833317,2982.06,3166.1,2950.3,3147.71
-156466997#1,1687165261,1687165292,3,highway.residential,50.004000000000005,1,,tram rail_urban rail rail_electric rail_fast ship,0,residential,8.099611101775402,228.75418379737897,2988.15,3171.44,2982.06,3166.1
-156466997#2,1687165299,1687165261,3,highway.residential,50.004000000000005,1,,tram rail_urban rail rail_electric rail_fast ship,0,residential,23.345322872044243,226.02395973650562,3004.95,3187.65,2988.15,3171.44
-156466997#3,1687165275,1687165299,3,highway.residential,50.004000000000005,1,,tram rail_urban rail rail_electric rail_fast ship,0,residential,18.20718814095122,232.47553772364196,3019.39,3198.74,3004.95,3187.65
-156466999#0,1687165273,1687165258,3,highway.residential,50.004000000000005,1,,tram rail_urban rail rail_electric rail_fast ship,0,residential,56.284586317688635,177.78682292907956,3096.89,3098.36,3098.98,3044.28
-156466999#1,3400054736,1687165273,3,highway.residential,50.004000000000005,1,,tram rail_urban rail rail_electric rail_fast ship,0,residential,13.962968882010742,227.3509140428515,3107.16,3107.82,3096.89,3098.36
-156467655#0,1687165297,1687172883,3,highway.residential,50.004000000000005,1,,tram rail_urban rail rail_electric rail_fast ship,0,residential,43.07695439559316,100.75692172618983,3168.49,3002.54,3210.81,2994.5
-156467655#1,1687165255,1687165297,3,highway.residential,50.004000000000005,1,,tram rail_urban rail rail_electric rail_fast ship,0,residential,126.81123844774835,177.10502994942408,3164.94,3072.74,3168.49,3002.54
-156467656#0,1687172880,1687172877,3,highway.residential,50.004000000000005,1,,tram rail_urban rail rail_electric rail_fast ship,0,residential,55.464029430737355,144.4252560209265,3226.06,3129.58,3253.24,3091.58
-156467656#1,1675788417,1687172880,3,highway.residential,50.004000000000005,1,,tram rail_urban rail rail_electric rail_fast ship,0,residential,78.33753103456625,108.3389358763244,3154.41,3153.33,3226.06,3129.58
-156467657,1687172880,1687172869,3,highway.residential,50.004000000000005,1,,tram rail_urban rail rail_electric rail_fast ship,0,residential,41.47142630776051,212.5941080370302,3226.06,3129.58,3203.72,3094.64
-156467658,429505284,1687165297,3,highway.residential,50.004000000000005,1,,tram rail_urban rail rail_electric rail_fast ship,0,residential,50.36785134909863,203.37975631780856,3188.1,3047.9,3168.49,3002.54
-156480735,1687286640,1687286991,3,highway.residential,50.004000000000005,1,,tram rail_urban rail rail_electric rail_fast ship,0,residential,66.8076118417652,201.79981691944803,3909.43,2940.31,3884.62,2878.28
-156480737#0,430912815,1687286681,3,highway.residential,50.004000000000005,1,,tram rail_urban rail rail_electric rail_fast ship,0,residential,8.095344341039375,148.33222059433672,3871.04,3004.66,3875.29,2997.77
-156480737#1,1687286638,430912815,3,highway.residential,50.004000000000005,1,,tram rail_urban rail rail_electric rail_fast ship,0,residential,78.44116155190477,202.69404001983725,3901.3,3077.02,3871.04,3004.66
-156480737#2,430912563,1687286638,3,highway.residential,50.004000000000005,1,,tram rail_urban rail rail_electric rail_fast ship,0,residential,113.15504233958582,196.3188391177667,3933.04,3185.43,3901.3,3077.02
-156480737#3,9442763149,430912563,3,highway.residential,50.004000000000005,1,,tram rail_urban rail rail_electric rail_fast ship,0,residential,98.99793179657867,199.63747285656504,3966.31,3278.67,3933.04,3185.43
-156480752,1687286932,1687286936,3,highway.residential,50.004000000000005,1,,tram rail_urban rail rail_electric rail_fast ship,0,residential,75.48233891433885,114.65691656770014,3768.92,2803.97,3837.52,2772.48
-156480755,1687286638,1687286680,3,highway.residential,50.004000000000005,1,,tram rail_urban rail rail_electric rail_fast ship,0,residential,130.98687771954297,156.71842220720134,3901.3,3077.02,3941.79,2982.92
-157553230,423353681,3974640283,3,highway.residential,50.004000000000005,1,,tram rail_urban rail rail_electric rail_fast ship,0,residential,56.389191968792986,169.12602699837714,4146.16,2508.51,4156.76,2453.33
-157553232,1697838058,1697838110,3,highway.residential,50.004000000000005,1,,tram rail_urban rail rail_electric rail_fast ship,0,residential,12.602204381354486,345.00413644844673,4167.69,2499.21,4164.43,2511.38
-157553234,431334405,1663672756,10,highway.tertiary,79.992,1,,tram rail_urban rail rail_electric rail_fast ship,0,tertiary,33.258768384536324,139.17539331393868,4241.32,2533.11,4262.97,2508.05
-157553237#0,423353683,431334405,10,highway.tertiary,50.004000000000005,1,,tram rail_urban rail rail_electric rail_fast ship,0,tertiary,6.441117915393224,142.06260267041512,4237.36,2538.19,4241.32,2533.11
-157553237#1,423353686,423353683,10,highway.tertiary,50.004000000000005,1,,tram rail_urban rail rail_electric rail_fast ship,0,tertiary,97.93208708307976,203.1924387724817,4275.89,2628.12,4237.36,2538.19
-157553238,1663672790,1663672756,3,highway.residential,50.004000000000005,1,,tram rail_urban rail rail_electric rail_fast ship,0,residential,74.73215205363697,113.38173200391816,4218.1,2527.45,4262.97,2508.05
-157555050#0,3750161861,429655343,3,highway.residential,50.004000000000005,1,,tram rail_urban rail rail_electric rail_fast ship,0,residential,113.05463634897923,86.30796143831174,4389.39,2875.37,4502.21,2882.65
-157555050#1,3750161860,3750161861,3,highway.residential,50.004000000000005,1,,tram rail_urban rail rail_electric rail_fast ship,0,residential,6.112454498808505,86.34180621410519,4383.29,2874.98,4389.39,2875.37
-157555050#2,3750161859,3750161860,3,highway.residential,50.004000000000005,1,,tram rail_urban rail rail_electric rail_fast ship,0,residential,16.813446999351186,86.38540325660017,4366.51,2873.92,4383.29,2874.98
-157555050#3,3750161858,3750161859,3,highway.residential,50.004000000000005,1,,tram rail_urban rail rail_electric rail_fast ship,0,residential,17.76597309465533,86.35325548232885,4348.78,2872.79,4366.51,2873.92
-157555050#4,11235438021,3750161858,3,highway.residential,50.004000000000005,1,,tram rail_urban rail rail_electric rail_fast ship,0,residential,16.96441275140342,86.34992863515731,4331.85,2871.71,4348.78,2872.79
-157555050#5,1697857767,11235438021,3,highway.residential,50.004000000000005,1,,tram rail_urban rail rail_electric rail_fast ship,0,residential,13.97836184965964,86.34951788622419,4317.9,2870.82,4331.85,2871.71
-157574536#0,431334404,1663593216,10,highway.tertiary,79.992,1,,tram rail_urban rail rail_electric rail_fast ship,0,tertiary,28.096560608239145,148.20247601279067,4280.02,2491.11,4294.8,2467.27
-157574536#1,1663672756,431334404,10,highway.tertiary,79.992,1,,tram rail_urban rail rail_electric rail_fast ship,0,tertiary,24.034685352631683,134.81457741265586,4262.97,2508.05,4280.02,2491.11
-157574537#0,3974640283,1663593022,3,highway.residential,50.004000000000005,1,,tram rail_urban rail rail_electric rail_fast ship,0,residential,16.343172886559937,164.12683777174402,4156.76,2453.33,4161.23,2437.61
-159922662#0,430941464,3340881407,4,highway.unclassified,29.988,1,,tram rail_urban rail rail_electric rail_fast ship,0,unclassified,93.99762656578086,282.3284805671818,3720.47,3339.83,3628.64,3359.9
-159922662#1,430942872,430941464,4,highway.unclassified,29.988,1,,tram rail_urban rail rail_electric rail_fast ship,0,unclassified,41.1183328942213,282.3293033083504,3760.64,3331.05,3720.47,3339.83
-159922662#2,2281206273,430942872,4,highway.unclassified,29.988,1,,tram rail_urban rail rail_electric rail_fast ship,0,unclassified,58.17613342256425,283.3674050462485,3817.24,3317.6,3760.64,3331.05
-159922662#3,1687124696,2281206273,4,highway.unclassified,29.988,1,,tram rail_urban rail rail_electric rail_fast ship,0,unclassified,13.471348307681858,273.33882644911836,3830.61,3316.82,3817.24,3317.6
-159922662#4,3340881378,1687124696,4,highway.unclassified,29.988,1,,tram rail_urban rail rail_electric rail_fast ship,0,unclassified,15.88630539230246,213.49470476135846,3838.69,3329.03,3830.61,3316.82
-165073109#0,1767285015,1767285014,11,highway.secondary,100.00800000000001,1,,tram rail_urban rail rail_electric rail_fast ship,0,secondary,76.74375303143472,75.05211907444158,2501.01,672.73,2574.65,692.39
-165073109#1,1767284983,1767285015,11,highway.secondary,100.00800000000001,1,,tram rail_urban rail rail_electric rail_fast ship,0,secondary,32.00721756097416,88.43826441287325,2469.1,671.86,2501.01,672.73
-165073109#2,2511985615,1767284983,11,highway.secondary,100.00800000000001,1,,tram rail_urban rail rail_electric rail_fast ship,0,secondary,85.0633499189986,101.87367938869386,2386.2,689.29,2469.1,671.86
-165073109#3,630973547,2511985615,11,highway.secondary,100.00800000000001,1,,tram rail_urban rail rail_electric rail_fast ship,0,secondary,758.1035512849223,64.09929287732473,1824.47,416.52,2386.2,689.29
-165166443,1767285017,1767285019,3,highway.residential,50.004000000000005,1,,tram rail_urban rail rail_electric rail_fast ship,0,residential,53.58443757470425,66.5430232133777,2513.99,634.92,2562.87,656.13
-165166445#0,1767285017,1767285026,3,highway.residential,50.004000000000005,1,,tram rail_urban rail rail_electric rail_fast ship,0,residential,43.33587197636287,159.94010489334664,2513.99,634.92,2528.64,594.8
-165166445#1,1767285015,1767285017,3,highway.residential,50.004000000000005,1,,tram rail_urban rail rail_electric rail_fast ship,0,residential,40.43383346518944,161.05288832295173,2501.01,672.73,2513.99,634.92
-165166451#0,5263712550,1767285014,3,highway.residential,50.004000000000005,1,,tram rail_urban rail rail_electric rail_fast ship,0,residential,19.997730870750907,332.24279431144214,2583.96,674.7,2574.65,692.39
-165166451#1,9453488994,5263712550,3,highway.residential,50.004000000000005,1,,tram rail_urban rail rail_electric rail_fast ship,0,residential,14.676584616736964,336.63221438765396,2589.78,661.23,2583.96,674.7
-165166451#2,11504401229,9453488994,3,highway.residential,50.004000000000005,1,,tram rail_urban rail rail_electric rail_fast ship,0,residential,293.2261385658647,295.4363710713803,2810.8,556.11,2589.78,661.23
-165167208#0,1767300988,1767302227,4,highway.unclassified,50.004000000000005,1,,tram rail_urban rail rail_electric rail_fast ship,0,unclassified,200.53591847475613,58.89715603578571,2895.63,635.05,3066.82,738.33
-165167208#1,1767284959,1767300988,4,highway.unclassified,50.004000000000005,1,,tram rail_urban rail rail_electric rail_fast ship,0,unclassified,46.78534863415662,53.62032166034197,2857.99,607.32,2895.63,635.05
-165168534#0,10116093221,1767300992,3,highway.residential,50.004000000000005,1,,tram rail_urban rail rail_electric rail_fast ship,0,residential,62.41281174872999,240.62305764366351,2877.57,657.6,2823.71,627.28
-165168534#1,1767300988,10116093221,3,highway.residential,50.004000000000005,1,,tram rail_urban rail rail_electric rail_fast ship,0,residential,29.683374843575205,321.30921938311633,2895.63,635.05,2877.57,657.6
-165168675,1767302227,12384666217,4,highway.unclassified,50.004000000000005,1,,tram rail_urban rail rail_electric rail_fast ship,0,unclassified,581.6507152139146,26.012008956845477,3066.82,738.33,3239.13,1091.43
-165170681#0,5862209908,1767323500,3,highway.residential,50.004000000000005,1,,tram rail_urban rail rail_electric rail_fast ship,0,residential,83.73684574889313,84.88547445221889,3425.98,1077.68,3508.1,1085.03
-165170681#1,1767335324,5862209908,3,highway.residential,50.004000000000005,1,,tram rail_urban rail rail_electric rail_fast ship,0,residential,20.886243423672155,101.45001967534688,3405.54,1081.82,3425.98,1077.68
-165170684#0,1767349705,1767335334,3,highway.residential,50.004000000000005,1,,tram rail_urban rail rail_electric rail_fast ship,0,residential,99.16872878249936,320.1425992905756,3638.98,1318.82,3576.39,1393.79
-165170684#1,1767322317,1767349705,3,highway.residential,50.004000000000005,1,,tram rail_urban rail rail_electric rail_fast ship,0,residential,26.893245985459984,324.9619747383735,3654.21,1297.1,3638.98,1318.82
-165170815#0,1767332363,1767323508,3,highway.residential,50.004000000000005,1,,tram rail_urban rail rail_electric rail_fast ship,0,residential,249.84963875018764,165.9992477751207,3309.24,990.71,3361.34,781.76
-165170815#1,12384666204,1767332363,3,highway.residential,50.004000000000005,1,,tram rail_urban rail rail_electric rail_fast ship,0,residential,105.25277930410041,161.21070845298914,3276.96,1085.59,3309.24,990.71
-165170818#0,1767323514,1767323508,3,highway.residential,50.004000000000005,1,,tram rail_urban rail rail_electric rail_fast ship,0,residential,50.744715453323664,276.36693393430374,3410.72,776.25,3361.34,781.76
-165170818#1,2648687784,1767323514,3,highway.residential,50.004000000000005,1,,tram rail_urban rail rail_electric rail_fast ship,0,residential,16.166115798175245,259.0167534965075,3426.59,779.33,3410.72,776.25
-165170818#2,1767323497,2648687784,3,highway.residential,50.004000000000005,1,,tram rail_urban rail rail_electric rail_fast ship,0,residential,43.12313110192935,249.45486469967415,3466.88,794.43,3426.59,779.33
-165170818#3,2648687795,1767323497,3,highway.residential,50.004000000000005,1,,tram rail_urban rail rail_electric rail_fast ship,0,residential,35.06127758271089,229.32214247073438,3493.35,817.18,3466.88,794.43
-165170818#4,1767323498,2648687795,3,highway.residential,50.004000000000005,1,,tram rail_urban rail rail_electric rail_fast ship,0,residential,28.652298622294303,207.73602826293214,3506.59,842.36,3493.35,817.18
-165170818#5,3974531813,1767323498,3,highway.residential,50.004000000000005,1,,tram rail_urban rail rail_electric rail_fast ship,0,residential,50.90015482410243,192.96751858311163,3517.97,891.78,3506.59,842.36
-165170818#6,1767323502,3974531813,3,highway.residential,50.004000000000005,1,,tram rail_urban rail rail_electric rail_fast ship,0,residential,43.94866323336807,182.96071165874417,3520.24,935.67,3517.97,891.78
-165170818#7,3974531818,1767323502,3,highway.residential,50.004000000000005,1,,tram rail_urban rail rail_electric rail_fast ship,0,residential,53.459770995481406,182.4336864121869,3522.51,989.08,3520.24,935.67
-165170818#8,1767323507,3974531818,3,highway.residential,50.004000000000005,1,,tram rail_urban rail rail_electric rail_fast ship,0,residential,60.43746090035778,181.88704258472336,3524.5,1049.48,3522.51,989.08
-165170994#0,2648687793,1767323508,3,highway.residential,50.004000000000005,1,,tram rail_urban rail rail_electric rail_fast ship,0,residential,36.714472910281394,210.49350927811759,3379.79,813.09,3361.34,781.76
-165170994#1,1767325529,2648687793,3,highway.residential,50.004000000000005,1,,tram rail_urban rail rail_electric rail_fast ship,0,residential,83.45612588417313,217.78518881809666,3430.88,878.99,3379.79,813.09
-165170994#2,2648687803,1767325529,3,highway.residential,50.004000000000005,1,,tram rail_urban rail rail_electric rail_fast ship,0,residential,6.8743145112802315,205.78226880393225,3433.87,885.18,3430.88,878.99
-165170994#3,1767332365,2648687803,3,highway.residential,50.004000000000005,1,,tram rail_urban rail rail_electric rail_fast ship,0,residential,37.765168826951935,188.79398162977347,3439.58,922.09,3433.87,885.18
-165170994#4,2648687807,1767332365,3,highway.residential,50.004000000000005,1,,tram rail_urban rail rail_electric rail_fast ship,0,residential,109.76286623663566,158.84848259949854,3400.0,1024.39,3439.58,922.09
-165170994#5,1767332362,2648687807,3,highway.residential,50.004000000000005,1,,tram rail_urban rail rail_electric rail_fast ship,0,residential,23.695183732591595,165.94611982643983,3394.26,1047.32,3400.0,1024.39
-165170994#6,1767325521,1767332362,3,highway.residential,50.004000000000005,1,,tram rail_urban rail rail_electric rail_fast ship,0,residential,37.2068467053951,173.30368442626195,3389.93,1084.2,3394.26,1047.32
-165171446,1767332358,1767332356,3,highway.residential,50.004000000000005,1,,tram rail_urban rail rail_electric rail_fast ship,0,residential,49.877115169327354,326.7560281887822,3363.98,1024.54,3336.64,1066.25
-165171448#0,1767332358,1767332362,3,highway.residential,50.004000000000005,1,,tram rail_urban rail rail_electric rail_fast ship,0,residential,37.892713856798466,53.045425870551526,3363.98,1024.54,3394.26,1047.32
-165171448#1,1767332363,1767332358,3,highway.residential,50.004000000000005,1,,tram rail_urban rail rail_electric rail_fast ship,0,residential,64.41389342046139,58.283419731386175,3309.24,990.71,3363.98,1024.54
-165171782,1767335325,1767335350,3,highway.residential,50.004000000000005,1,,tram rail_urban rail rail_electric rail_fast ship,0,residential,100.63761970555557,44.22300558194536,3349.33,1093.8,3419.52,1165.92
-165171783#0,1767335353,1767335334,3,highway.residential,50.004000000000005,1,,tram rail_urban rail rail_electric rail_fast ship,0,residential,85.9578198922797,19.933986890429367,3547.17,1313.22,3576.39,1393.79
-165171783#1,1767335357,1767335353,3,highway.residential,50.004000000000005,1,,tram rail_urban rail rail_electric rail_fast ship,0,residential,5.870851726964442,359.02401639302445,3547.27,1307.35,3547.17,1313.22
-165171783#2,1767335324,1767335357,3,highway.residential,50.004000000000005,1,,tram rail_urban rail rail_electric rail_fast ship,0,residential,335.69417110323985,32.14651957212902,3405.54,1081.82,3547.27,1307.35
-165172165#0,3254769383,1767344646,3,highway.residential,50.004000000000005,1,,tram rail_urban rail rail_electric rail_fast ship,0,residential,14.563162431285352,262.54314910167784,3718.21,1281.02,3703.77,1279.13
-165172165#1,1767347847,3254769383,3,highway.residential,50.004000000000005,1,,tram rail_urban rail rail_electric rail_fast ship,0,residential,207.82753416674228,230.0282971206423,3871.17,1409.24,3718.21,1281.02
-165172165#2,1767344707,1767347847,3,highway.residential,50.004000000000005,1,,tram rail_urban rail rail_electric rail_fast ship,0,residential,221.5465155331867,208.05312168562725,3963.66,1582.8,3871.17,1409.24
-165172307#0,1767347823,1767347826,3,highway.residential,50.004000000000005,1,,tram rail_urban rail rail_electric rail_fast ship,0,residential,28.161663658242976,325.57635182480186,3838.89,1451.77,3822.97,1475.0
-165172307#1,1767347847,1767347823,3,highway.residential,50.004000000000005,1,,tram rail_urban rail rail_electric rail_fast ship,0,residential,53.39287686573941,322.8017326251015,3871.17,1409.24,3838.89,1451.77
-165172642#0,1767349722,1767349692,3,highway.residential,50.004000000000005,1,,tram rail_urban rail rail_electric rail_fast ship,0,residential,59.7694923419849,344.67453192328543,3719.66,1469.07,3703.99,1526.25
-165172642#1,3974531850,1767349722,3,highway.residential,50.004000000000005,1,,tram rail_urban rail rail_electric rail_fast ship,0,residential,66.75999277365156,355.6569835770457,3724.56,1404.55,3719.66,1469.07
-165172642#2,1767349705,3974531850,3,highway.residential,50.004000000000005,1,,tram rail_urban rail rail_electric rail_fast ship,0,residential,131.14706498601723,44.94983150586319,3638.98,1318.82,3724.56,1404.55
-168924807,1801078054,1801078053,3,highway.residential,50.004000000000005,1,,tram rail_urban rail rail_electric rail_fast ship,0,residential,7.891831219685656,181.23431884109553,4209.57,2964.84,4209.4,2956.95
-168924811,423402520,131830870,3,highway.residential,50.004000000000005,1,,tram rail_urban rail rail_electric rail_fast ship,0,residential,23.537508877059665,254.52280574424924,2825.73,3007.54,2803.05,3001.26
-187827268,423389714,423389702,4,highway.unclassified,50.004000000000005,1,,tram rail_urban rail rail_electric rail_fast ship,0,unclassified,304.49623070630287,131.21656414353424,2576.14,3631.93,2805.07,3431.4
-187827274,441268024,441268018,3,highway.residential,50.004000000000005,1,,tram rail_urban rail rail_electric rail_fast ship,0,residential,185.43601692370606,149.7928922435675,2935.69,3435.35,3026.97,3278.56
-187827275,441268018,1675788424,3,highway.residential,50.004000000000005,1,,tram rail_urban rail rail_electric rail_fast ship,0,residential,38.78443173322127,139.1455472012911,3026.97,3278.56,3051.86,3249.78
-187827280#0,1687165238,423400279,3,highway.residential,50.004000000000005,1,,tram rail_urban rail rail_electric rail_fast ship,0,residential,40.644866851431686,236.77769086346422,3020.64,3093.37,2986.82,3071.22
-187827280#1,423362547,1687165238,3,highway.residential,50.004000000000005,1,,tram rail_urban rail rail_electric rail_fast ship,0,residential,12.264554618901077,230.98998632531584,3030.17,3101.09,3020.64,3093.37
-187827280#2,1687165293,423362547,3,highway.residential,50.004000000000005,1,,tram rail_urban rail rail_electric rail_fast ship,0,residential,38.71849687165028,220.95762305895212,3055.55,3130.33,3030.17,3101.09
-187827280#3,423363238,1687165293,3,highway.residential,50.004000000000005,1,,tram rail_urban rail rail_electric rail_fast ship,0,residential,11.696054890432015,241.61629829113852,3065.84,3135.89,3055.55,3130.33
-187827281,423389699,423389695,3,highway.residential,50.004000000000005,1,,tram rail_urban rail rail_electric rail_fast ship,0,residential,9.658830156908158,130.6334652084476,2830.1,3401.49,2837.43,3395.2
-187827282#0,1687165265,1687165259,3,highway.residential,50.004000000000005,1,,tram rail_urban rail rail_electric rail_fast ship,0,residential,5.327682422967813,140.48359044446636,2977.44,3253.09,2980.83,3248.98
-187827282#1,423398312,1687165265,3,highway.residential,50.004000000000005,1,,tram rail_urban rail rail_electric rail_fast ship,0,residential,94.83390918496409,139.63661442067735,2916.03,3325.34,2977.44,3253.09
-187827282#2,423389695,423398312,3,highway.residential,50.004000000000005,1,,tram rail_urban rail rail_electric rail_fast ship,0,residential,105.36572215584316,131.630824497223,2837.43,3395.2,2916.03,3325.34
-187827283#0,423401245,423401233,3,highway.residential,50.004000000000005,1,,tram rail_urban rail rail_electric rail_fast ship,0,residential,72.72903637519747,120.39999691041379,2887.61,3184.49,2950.3,3147.71
-187827283#1,423398305,423401245,3,highway.residential,50.004000000000005,1,,tram rail_urban rail rail_electric rail_fast ship,0,residential,97.95006789350614,143.8167957472932,2833.03,3259.11,2887.61,3184.49
-187827283#2,423405335,423398305,3,highway.residential,50.004000000000005,1,,tram rail_urban rail rail_electric rail_fast ship,0,residential,15.565610061003834,228.74397113806947,2844.59,3269.25,2833.03,3259.11
-187827283#3,1687165249,423405335,3,highway.residential,50.004000000000005,1,,tram rail_urban rail rail_electric rail_fast ship,0,residential,41.53041295243758,236.27166896994964,2879.13,3292.31,2844.59,3269.25
-187827283#4,423398312,1687165249,3,highway.residential,50.004000000000005,1,,tram rail_urban rail rail_electric rail_fast ship,0,residential,49.5360840535982,228.16757783275034,2916.03,3325.34,2879.13,3292.31
-187827288,131830870,131830869,3,highway.residential,29.988,1,,tram rail_urban rail rail_electric rail_fast ship,0,residential,15.382704573643991,253.37924308610786,2803.05,3001.26,2788.31,2996.86
-187827289,131830869,423361240,3,highway.residential,29.988,1,,tram rail_urban rail rail_electric rail_fast ship,0,residential,102.31397121331452,251.4782206619126,2788.31,2996.86,2691.36,2964.38
-196288048,1663642244,1663642246,3,highway.residential,50.004000000000005,1,,tram rail_urban rail rail_electric rail_fast ship,0,residential,37.200724540678756,39.85518855508428,3238.15,1467.54,3245.73,1476.62
-201772616#0,4103049473,4314812339,4,highway.unclassified,50.004000000000005,1,,tram rail_urban rail rail_electric rail_fast ship,0,unclassified,38.29427276825619,213.66931871124498,3964.61,1147.48,3943.38,1115.61
-201772616#1,5900283485,4103049473,4,highway.unclassified,50.004000000000005,1,,tram rail_urban rail rail_electric rail_fast ship,0,unclassified,173.6499634362805,221.2257666366,4078.73,1277.72,3964.61,1147.48
-201772616#2,11634481194,5900283485,4,highway.unclassified,50.004000000000005,1,,tram rail_urban rail rail_electric rail_fast ship,0,unclassified,21.347002252118763,228.58935695002847,4094.74,1291.84,4078.73,1277.72
-201772616#3,429521761,11634481194,4,highway.unclassified,50.004000000000005,1,,tram rail_urban rail rail_electric rail_fast ship,0,unclassified,40.1663088136969,221.2173545534034,4120.73,1321.51,4094.74,1291.84
-202422660#0,1663642195,1663642187,3,highway.residential,50.004000000000005,1,,tram rail_urban rail rail_electric rail_fast ship,0,residential,98.25434223423618,189.4836621398161,4151.33,2119.65,4135.33,2023.87
-202422660#1,1663642174,1663642195,3,highway.residential,50.004000000000005,1,,tram rail_urban rail rail_electric rail_fast ship,0,residential,62.51750837362226,195.08041980853093,4167.57,2179.92,4151.33,2119.65
-202422660#2,1663642168,1663642174,3,highway.residential,50.004000000000005,1,,tram rail_urban rail rail_electric rail_fast ship,0,residential,98.23047100975978,181.43914210078012,4170.02,2277.44,4167.57,2179.92
-215094374,2245121883,2245121875,3,highway.residential,50.004000000000005,1,,tram rail_urban rail rail_electric rail_fast ship,0,residential,186.37687471621092,272.8792576736489,3198.45,2739.98,3108.58,2744.5
-218916903,429498763,429498813,3,highway.residential,50.004000000000005,1,,tram rail_urban rail rail_electric rail_fast ship,0,residential,63.358422805859064,298.5243311384157,3676.37,2827.28,3620.86,2857.45
-239346831,2471405414,2471405429,3,highway.residential,50.004000000000005,1,,tram rail_urban rail rail_electric rail_fast ship,0,residential,86.03650338996869,281.92298476831775,2997.87,1970.1,2913.76,1987.86
-243835844,2511985615,2511985649,4,highway.unclassified,50.004000000000005,1,,tram rail_urban rail rail_electric rail_fast ship,0,unclassified,82.44700176477008,343.8665525840644,2386.2,689.29,2363.29,768.49
-243836884#0,2511985644,8010572069,10,highway.tertiary,79.992,1,,tram rail_urban rail rail_electric rail_fast ship,0,tertiary,45.392899224438246,227.15148747642633,3282.84,1182.09,3249.56,1151.22
-243836884#1,2511985564,2511985644,10,highway.tertiary,79.992,1,,tram rail_urban rail rail_electric rail_fast ship,0,tertiary,125.66440187867568,226.11887815385234,3373.41,1269.19,3282.84,1182.09
-243836884#2,2511985641,2511985564,10,highway.tertiary,79.992,1,,tram rail_urban rail rail_electric rail_fast ship,0,tertiary,29.594114279701035,212.49792022213003,3389.31,1294.15,3373.41,1269.19
-243836884#3,12698229029,2511985641,10,highway.tertiary,79.992,1,,tram rail_urban rail rail_electric rail_fast ship,0,tertiary,78.89306325370339,209.8637987647632,3428.59,1362.56,3389.31,1294.15
-243836884#4,12698229034,12698229029,10,highway.tertiary,79.992,1,,tram rail_urban rail rail_electric rail_fast ship,0,tertiary,47.99565455484294,208.50373357147214,3451.49,1404.73,3428.59,1362.56
-243836884#5,477356677,12698229034,10,highway.tertiary,79.992,1,,tram rail_urban rail rail_electric rail_fast ship,0,tertiary,53.752226082101316,209.7990935709894,3478.2,1451.37,3451.49,1404.73
-243836890#0,3469068929,2511999133,4,highway.unclassified,50.004000000000005,1,,tram rail_urban rail rail_electric rail_fast ship,0,unclassified,182.72778433398182,181.2524870954113,3318.56,2238.58,3316.42,2140.7
-243836890#1,3469068925,3469068929,4,highway.unclassified,50.004000000000005,1,,tram rail_urban rail rail_electric rail_fast ship,0,unclassified,33.60097171213957,254.76432336593254,3350.98,2247.41,3318.56,2238.58
-243836890#2,2511999127,3469068925,4,highway.unclassified,50.004000000000005,1,,tram rail_urban rail rail_electric rail_fast ship,0,unclassified,44.20303972700089,259.0028226355734,3394.36,2255.84,3350.98,2247.41
-243957897#0,1532579486,12390642059,11,highway.secondary,50.004000000000005,1,,tram rail_urban rail rail_electric rail_fast ship,0,secondary,34.360472787437025,12.84570591305652,5349.29,3860.39,5356.92,3893.85
-243957897#1,3974700337,1532579486,11,highway.secondary,50.004000000000005,1,,tram rail_urban rail rail_electric rail_fast ship,0,secondary,167.21678492856432,30.393434849315895,5265.52,3717.57,5349.29,3860.39
-243957897#2,2513116021,3974700337,11,highway.secondary,50.004000000000005,1,,tram rail_urban rail rail_electric rail_fast ship,0,secondary,497.1738566189605,32.71850470544774,5001.79,3307.06,5265.52,3717.57
-243957897#3,7706126188,2513116021,11,highway.secondary,50.004000000000005,1,,tram rail_urban rail rail_electric rail_fast ship,0,secondary,19.215392300300003,39.77497050527455,4989.52,3292.32,5001.79,3307.06
-243957899#0,6333738360,3340881714,4,highway.unclassified,79.992,1,,tram rail_urban rail rail_electric rail_fast ship,0,unclassified,160.04815674241644,198.93640528799241,4346.79,4431.63,4296.37,4284.67
-243957899#1,2513116004,6333738360,4,highway.unclassified,79.992,1,,tram rail_urban rail rail_electric rail_fast ship,0,unclassified,515.9919133760673,229.29204253155535,4609.14,4657.35,4346.79,4431.63
-243957900#0,4860226893,2513116130,3,highway.residential,50.004000000000005,1,,tram rail_urban rail rail_electric rail_fast ship,0,residential,154.79229267170598,39.22218378771055,5208.22,3534.29,5303.4,3650.9
-243957900#1,2513116138,4860226893,3,highway.residential,50.004000000000005,1,,tram rail_urban rail rail_electric rail_fast ship,0,residential,48.28561540865986,344.70345268556974,5220.06,3491.0,5208.22,3534.29
-243957903,2513116021,2513116138,4,highway.unclassified,50.004000000000005,1,,tram rail_urban rail rail_electric rail_fast ship,0,unclassified,294.6797847583068,49.87856667320182,5001.79,3307.06,5220.06,3491.0
-243957904#0,2513116067,2513116173,4,highway.unclassified,50.004000000000005,1,,tram rail_urban rail rail_electric rail_fast ship,0,unclassified,810.6805074128705,103.28159303230655,5325.53,3090.26,6053.17,2918.5
-243957904#1,2513116199,2513116067,4,highway.unclassified,50.004000000000005,1,,tram rail_urban rail rail_electric rail_fast ship,0,unclassified,180.4918703030982,96.21951558843557,5147.79,3109.63,5325.53,3090.26
-243957913,2513115997,2513116138,3,highway.residential,50.004000000000005,1,,tram rail_urban rail rail_electric rail_fast ship,0,residential,197.39465161116476,255.73062551335892,5402.03,3537.28,5220.06,3491.0
-269702559,429478908,5779266071,3,highway.residential,50.004000000000005,1,,tram rail_urban rail rail_electric rail_fast ship,0,residential,137.3660215466735,297.20323904236545,3672.23,2081.42,3551.53,2143.46
-269702560,2748535477,429503665,3,highway.residential,50.004000000000005,1,,tram rail_urban rail rail_electric rail_fast ship,0,residential,9.228146827741178,205.34322270348014,3945.66,2662.79,3941.71,2654.45
-269702562,429655333,429655331,11,highway.secondary,50.004000000000005,1,,tram rail_urban rail rail_electric rail_fast ship,0,secondary,51.90930358242664,94.27316109056153,4437.02,2618.02,4488.68,2614.16
-269702565#0,1663593112,1663593129,3,highway.residential,50.004000000000005,1,,tram rail_urban rail rail_electric rail_fast ship,0,residential,130.71128568216187,222.75418171884766,4048.09,2570.17,3976.92,2493.19
-269702565#1,1663593123,1663593112,3,highway.residential,50.004000000000005,1,,tram rail_urban rail rail_electric rail_fast ship,0,residential,36.199615268032495,212.15588950652298,4066.56,2599.55,4048.09,2570.17
-270968314,423427964,430957521,11,highway.secondary,100.00800000000001,1,,tram rail_urban rail rail_electric rail_fast ship,0,secondary,35.547194558707396,196.37498440433578,4375.68,3254.23,4365.66,3220.13
-270968319,430928663,430928761,3,highway.residential,50.004000000000005,1,,tram rail_urban rail rail_electric rail_fast ship,0,residential,86.3183851499446,263.0171861614198,3572.84,3195.46,3513.81,3188.23
-270968320,430928663,430960036,3,highway.residential,50.004000000000005,1,,tram rail_urban rail rail_electric rail_fast ship,0,residential,35.35551287637065,177.37598341543014,3572.84,3195.46,3574.45,3160.33
-270968323#0,1663593054,1663593126,3,highway.residential,50.004000000000005,1,,tram rail_urban rail rail_electric rail_fast ship,0,residential,19.030102469508662,358.1329753339907,4058.61,2447.19,4057.99,2466.21
-270968323#1,1663593089,1663593054,3,highway.residential,50.004000000000005,1,,tram rail_urban rail rail_electric rail_fast ship,0,residential,38.71132263304888,359.52636962494137,4058.93,2408.48,4058.61,2447.19
-270968324,1663593054,1663593067,3,highway.residential,50.004000000000005,1,,tram rail_urban rail rail_electric rail_fast ship,0,residential,82.36704984397605,264.9712035931799,4058.61,2447.19,3976.56,2439.97
-313248247,621155691,621155688,3,highway.residential,50.004000000000005,1,,tram rail_urban rail rail_electric rail_fast ship,0,residential,32.87973387970129,276.7770267957535,4076.95,2836.44,4044.3,2840.32
-314422857,423361227,3254769434,4,highway.unclassified,50.004000000000005,1,,tram rail_urban rail rail_electric rail_fast ship,0,unclassified,102.73227374841368,204.14441063143337,2570.05,2854.39,2530.94,2767.14
-319058586,2510773402,1663593028,10,highway.tertiary,79.992,1,,tram rail_urban rail rail_electric rail_fast ship,0,tertiary,78.23822339496259,257.5553899875239,4252.26,2406.74,4175.86,2389.88
-319058587#0,9972395321,2510773402,10,highway.tertiary,79.992,1,,tram rail_urban rail rail_electric rail_fast ship,0,tertiary,6.386235197673002,259.5346615713962,4258.54,2407.9,4252.26,2406.74
-319058587#1,2510773419,9972395321,10,highway.tertiary,79.992,1,,tram rail_urban rail rail_electric rail_fast ship,0,tertiary,4.853720222674175,255.07618677397494,4263.23,2409.15,4258.54,2407.9
-319058587#2,9972395328,2510773419,10,highway.tertiary,79.992,1,,tram rail_urban rail rail_electric rail_fast ship,0,tertiary,47.67748824823231,258.4072208216289,4309.93,2418.73,4263.23,2409.15
-319058589#0,3974640310,430957314,11,highway.secondary,100.00800000000001,1,,tram rail_urban rail rail_electric rail_fast ship,0,secondary,41.63073037722239,263.7114835677737,4578.31,2992.25,4536.93,2987.69
-319058589#1,9719060103,3974640310,11,highway.secondary,100.00800000000001,1,,tram rail_urban rail rail_electric rail_fast ship,0,secondary,18.664310863248353,260.7193602678984,4596.73,2995.26,4578.31,2992.25
-319058589#2,9719060107,9719060103,11,highway.secondary,100.00800000000001,1,,tram rail_urban rail rail_electric rail_fast ship,0,secondary,71.66571844333956,249.80514827904807,4663.99,3020.0,4596.73,2995.26
-319058589#3,429653979,9719060107,11,highway.secondary,100.00800000000001,1,,tram rail_urban rail rail_electric rail_fast ship,0,secondary,169.89502384340332,249.59276337467418,4823.22,3079.24,4663.99,3020.0
-319058590#0,418600282,418600284,10,highway.tertiary,50.004000000000005,1,,tram rail_urban rail rail_electric rail_fast ship,0,tertiary,56.00521890947089,96.22268528337798,2302.12,2779.96,2357.79,2773.89
-319058590#1,131830494,418600282,10,highway.tertiary,50.004000000000005,1,,tram rail_urban rail rail_electric rail_fast ship,0,tertiary,79.06634764796172,83.828807055234,2226.93,2771.83,2302.12,2779.96
-319058591,6551565512,3254769439,3,highway.residential,50.004000000000005,1,,tram rail_urban rail rail_electric rail_fast ship,0,residential,47.49378256696209,224.91468770522596,2668.3,2937.02,2634.77,2903.39
-319058593,423413664,1687124699,11,highway.secondary,100.00800000000001,1,,tram rail_urban rail rail_electric rail_fast ship,0,secondary,63.64169376667327,339.8580473817921,3238.17,4078.86,3216.31,4138.46
-319058599,418600480,3469068912,12,highway.primary,50.004000000000005,1,,tram rail_urban rail rail_electric rail_fast ship,0,primary,163.17094332171263,194.63196106220224,3087.33,2349.9,3046.14,2192.13
-319058600#0,418604009,418600480,12,highway.primary,50.004000000000005,1,,tram rail_urban rail rail_electric rail_fast ship,0,primary,176.7650269176612,222.0445638919501,3203.7,2478.94,3087.33,2349.9
-319058600#1,418600130,418604009,12,highway.primary,50.004000000000005,1,,tram rail_urban rail rail_electric rail_fast ship,0,primary,16.002690398804905,263.50560702533136,3219.6,2480.75,3203.7,2478.94
-319058602#0,430921309,3340881416,11,highway.secondary,100.00800000000001,1,,tram rail_urban rail rail_electric rail_fast ship,0,secondary,167.82387336054308,304.4838675891577,4351.7,3281.2,4214.57,3375.39
-319058602#1,423427964,430921309,11,highway.secondary,100.00800000000001,1,,tram rail_urban rail rail_electric rail_fast ship,0,secondary,36.53085094618613,318.3585499775811,4375.68,3254.23,4351.7,3281.2
-319058603,431292590,431337530,11,highway.secondary,100.00800000000001,1,,tram rail_urban rail rail_electric rail_fast ship,0,secondary,694.6815418501444,304.53692529899627,5408.45,2366.39,4917.19,2704.49
-319058604#0,423336231,418600147,10,highway.tertiary,50.004000000000005,1,,tram rail_urban rail rail_electric rail_fast ship,0,tertiary,115.2626689753854,107.39770431266993,3379.53,2730.55,3488.55,2696.39
-319058604#1,429504429,423336231,10,highway.tertiary,50.004000000000005,1,,tram rail_urban rail rail_electric rail_fast ship,0,tertiary,6.302705768160606,93.6387109907547,3373.24,2730.95,3379.53,2730.55
-319058608#0,431333760,12390642064,11,highway.secondary,50.004000000000005,1,,tram rail_urban rail rail_electric rail_fast ship,0,secondary,77.30480839981718,89.78423974136331,4317.02,2614.9,4394.03,2615.19
-319058608#1,423353686,431333760,11,highway.secondary,50.004000000000005,1,,tram rail_urban rail rail_electric rail_fast ship,0,secondary,43.308866923262215,107.81843798679029,4275.89,2628.12,4317.02,2614.9
-319058611,3352997394,429655324,11,highway.secondary,50.004000000000005,1,,tram rail_urban rail rail_electric rail_fast ship,0,secondary,29.078669157993183,76.45598441620024,4593.12,2656.13,4621.39,2662.94
-319058613#0,1767335325,1767325521,3,highway.residential,50.004000000000005,1,,tram rail_urban rail rail_electric rail_fast ship,0,residential,41.77226446312787,103.30343043562402,3349.33,1093.8,3389.93,1084.2
-319058613#1,12384666204,1767335325,3,highway.residential,50.004000000000005,1,,tram rail_urban rail rail_electric rail_fast ship,0,residential,73.0428250565077,83.527762539391,3276.96,1085.59,3349.33,1093.8
-319058613#2,9897124731,12384666204,3,highway.residential,50.004000000000005,1,,tram rail_urban rail rail_electric rail_fast ship,0,residential,10.123126987250556,79.70021589025214,3267.0,1083.78,3276.96,1085.59
-319058623#0,10839457934,423366587,2,highway.living_street,10.008,1,,tram rail_urban rail rail_electric rail_fast ship,0,living_street,7.294120920302643,333.1890456996507,2612.79,2951.07,2609.5,2957.58
-319058625,1687124690,1687124708,3,highway.residential,50.004000000000005,1,,tram rail_urban rail rail_electric rail_fast ship,0,residential,25.26813803983202,350.4780335407657,3362.9,3926.31,3358.72,3951.23
-319058626,1687124735,1687124690,3,highway.residential,50.004000000000005,1,,tram rail_urban rail rail_electric rail_fast ship,0,residential,52.5531537549415,61.45396258305834,3316.76,3901.21,3362.9,3926.31
-319058629,3254769380,3254769381,3,highway.residential,50.004000000000005,1,,tram rail_urban rail rail_electric rail_fast ship,0,residential,21.86070675893173,307.7715410321714,3724.01,1210.93,3706.73,1224.32
-319058645#0,9442763205,1687124677,3,highway.residential,50.004000000000005,1,,tram rail_urban rail rail_electric rail_fast ship,0,residential,20.932930994010327,228.75742793789456,3315.85,4226.76,3300.11,4212.96
-319058645#1,1687124739,9442763205,3,highway.residential,50.004000000000005,1,,tram rail_urban rail rail_electric rail_fast ship,0,residential,113.22548890743127,233.30084884124506,3406.25,4294.14,3315.85,4226.76
-319058646#0,3254769381,3254769383,3,highway.residential,50.004000000000005,1,,tram rail_urban rail rail_electric rail_fast ship,0,residential,58.251162970740666,11.445897523766234,3706.73,1224.32,3718.21,1281.02
-319058646#1,3254769378,3254769381,3,highway.residential,50.004000000000005,1,,tram rail_urban rail rail_electric rail_fast ship,0,residential,54.68605344785071,15.736692625476678,3691.9,1171.69,3706.73,1224.32
-319779150#0,6100271280,429517435,4,highway.unclassified,50.004000000000005,1,,tram rail_urban rail rail_electric rail_fast ship,0,unclassified,29.85017431627945,323.20308078293164,3943.27,1989.12,3925.4,2013.01
-319779150#1,3469086276,6100271280,4,highway.unclassified,50.004000000000005,1,,tram rail_urban rail rail_electric rail_fast ship,0,unclassified,31.2602559170586,324.9779489957038,3961.21,1963.52,3943.27,1989.12
-319779150#2,3262396886,3469086276,4,highway.unclassified,50.004000000000005,1,,tram rail_urban rail rail_electric rail_fast ship,0,unclassified,47.87960421724459,324.76975527553867,3988.83,1924.41,3961.21,1963.52
-319779150#3,3262396884,3262396886,4,highway.unclassified,50.004000000000005,1,,tram rail_urban rail rail_electric rail_fast ship,0,unclassified,36.434384858262575,55.76037044400931,3958.71,1903.91,3988.83,1924.41
-319779153,3262396891,3262396894,4,highway.unclassified,50.004000000000005,1,,tram rail_urban rail rail_electric rail_fast ship,0,unclassified,27.02574513311331,345.9740402579823,4082.83,1983.26,4076.28,2009.48
-319779154,1663572887,1663572709,3,highway.residential,50.004000000000005,1,,tram rail_urban rail rail_electric rail_fast ship,0,residential,95.02763218948377,169.94751019589648,4221.72,1955.35,4237.99,1863.57
-327342931,3340881527,3340881532,3,highway.residential,50.004000000000005,1,,tram rail_urban rail rail_electric rail_fast ship,0,residential,4.948989795908198,7.196815533769723,3238.7,3472.74,3239.32,3477.65
-327342936,3340880859,3340880853,3,highway.residential,29.988,1,,tram rail_urban rail rail_electric rail_fast ship,0,residential,152.72145446083306,256.3255588682715,4067.72,2081.95,4049.06,2077.41
-327342938,3262396894,3340880858,3,highway.residential,29.988,1,,tram rail_urban rail rail_electric rail_fast ship,0,residential,72.4551874382046,346.05581635164765,4076.28,2009.48,4058.82,2079.8
-327343082,3340881070,418600484,3,highway.residential,50.004000000000005,1,,tram rail_urban rail rail_electric rail_fast ship,0,residential,216.48570489817502,61.64729810935847,2905.07,2518.34,3073.37,2609.16
-327343096,6883313316,3340881053,3,highway.residential,50.004000000000005,1,,tram rail_urban rail rail_electric rail_fast ship,0,residential,120.82623444089597,96.74960334599234,2802.12,2518.36,2895.74,2507.28
-328471845#0,429655325,3352997394,11,highway.secondary,29.988,1,,tram rail_urban rail rail_electric rail_fast ship,0,secondary,33.89783069711332,77.7021928381015,4560.0,2648.91,4593.12,2656.13
-328471845#1,12390642063,429655325,11,highway.secondary,29.988,1,,tram rail_urban rail rail_electric rail_fast ship,0,secondary,51.465311650607525,65.49935630890894,4513.57,2627.75,4560.0,2648.91
-339700984,418603034,3469068906,3,highway.residential,50.004000000000005,1,,tram rail_urban rail rail_electric rail_fast ship,0,residential,156.9635354913416,273.2823246019766,3221.07,2576.24,3074.95,2584.62
-339701637,3469076361,3469076357,3,highway.residential,50.004000000000005,1,,tram rail_urban rail rail_electric rail_fast ship,0,residential,126.89206857908982,104.80562310685525,2971.92,2421.66,3083.68,2392.12
-339717960#0,3469226182,430938463,4,highway.unclassified,50.004000000000005,1,,tram rail_urban rail rail_electric rail_fast ship,0,unclassified,84.0381112556876,239.7091913505364,3555.38,4243.89,3483.89,4202.13
-339717960#1,3469226493,3469226182,4,highway.unclassified,50.004000000000005,1,,tram rail_urban rail rail_electric rail_fast ship,0,unclassified,200.3513687872233,225.2084662810053,3696.06,4383.55,3555.38,4243.89
-339940214,3471386122,423336230,3,highway.residential,50.004000000000005,1,,tram rail_urban rail rail_electric rail_fast ship,0,residential,173.22057396661162,133.67275312980945,3232.03,2738.29,3352.59,2623.19
-35801597#0,418600481,418600480,3,highway.residential,50.004000000000005,1,,tram rail_urban rail rail_electric rail_fast ship,0,residential,15.370897826737455,169.4284308515447,3084.51,2365.01,3087.33,2349.9
-35801597#1,3469076357,418600481,3,highway.residential,50.004000000000005,1,,tram rail_urban rail rail_electric rail_fast ship,0,residential,27.122702667691193,178.24637968313118,3083.68,2392.12,3084.51,2365.01
-35801597#2,3469068906,3469076357,3,highway.residential,50.004000000000005,1,,tram rail_urban rail rail_electric rail_fast ship,0,residential,192.85319354547215,177.40337835990522,3074.95,2584.62,3083.68,2392.12
-35801597#3,418600484,3469068906,3,highway.residential,50.004000000000005,1,,tram rail_urban rail rail_electric rail_fast ship,0,residential,24.59081129202528,176.31611444281793,3073.37,2609.16,3074.95,2584.62
-35801597#4,418600142,418600484,3,highway.residential,50.004000000000005,1,,tram rail_urban rail rail_electric rail_fast ship,0,residential,138.03150571961243,176.1008248266353,3063.99,2746.78,3073.37,2609.16
-35801699#0,418603034,418604009,3,highway.residential,50.004000000000005,1,,tram rail_urban rail rail_electric rail_fast ship,0,residential,102.22493452856656,190.12181833067586,3221.07,2576.24,3203.7,2478.94
-35801699#1,418600143,418603034,3,highway.residential,50.004000000000005,1,,tram rail_urban rail rail_electric rail_fast ship,0,residential,218.60887082268874,142.49104855526355,3091.25,2745.37,3221.07,2576.24
-35802071#0,3400054739,2085837443,10,highway.tertiary,50.004000000000005,1,,tram rail_urban rail rail_electric rail_fast ship,0,tertiary,100.89280057347575,233.30901489174624,3323.45,2559.01,3243.33,2499.31
-35802071#1,9719107979,3400054739,10,highway.tertiary,50.004000000000005,1,,tram rail_urban rail rail_electric rail_fast ship,0,tertiary,57.049232247244234,237.6220115757061,3371.63,2589.56,3323.45,2559.01
-35802071#2,423329664,9719107979,10,highway.tertiary,50.004000000000005,1,,tram rail_urban rail rail_electric rail_fast ship,0,tertiary,19.4349457344432,236.41643008281082,3387.79,2600.29,3371.63,2589.56
-35802097#0,4271010195,418600142,10,highway.tertiary,50.004000000000005,1,,tram rail_urban rail rail_electric rail_fast ship,0,tertiary,21.746218061998515,91.37019896103419,3042.25,2747.3,3063.99,2746.78
-35802097#1,4271010196,4271010195,10,highway.tertiary,50.004000000000005,1,,tram rail_urban rail rail_electric rail_fast ship,0,tertiary,40.18146960975925,91.36901867958255,3002.08,2748.26,3042.25,2747.3
-35802097#2,3398666972,4271010196,10,highway.tertiary,50.004000000000005,1,,tram rail_urban rail rail_electric rail_fast ship,0,tertiary,98.25326457680666,92.49664536314816,2903.92,2752.54,3002.08,2748.26
-35802097#3,441267975,3398666972,10,highway.tertiary,50.004000000000005,1,,tram rail_urban rail rail_electric rail_fast ship,0,tertiary,24.28668153536006,92.12371587178961,2879.65,2753.44,2903.92,2752.54
-35802097#4,3583200297,441267975,10,highway.tertiary,50.004000000000005,1,,tram rail_urban rail rail_electric rail_fast ship,0,tertiary,203.41028854407563,92.27372297977342,2676.4,2761.51,2879.65,2753.44
-35802097#5,3254769434,3583200297,10,highway.tertiary,50.004000000000005,1,,tram rail_urban rail rail_electric rail_fast ship,0,tertiary,145.5780235227413,92.21651522145675,2530.94,2767.14,2676.4,2761.51
-35802600,5705779286,12390308745,12,highway.primary,69.98400000000001,1,,tram rail_urban rail rail_electric rail_fast ship,0,primary,665.8859979223403,57.610985617317056,2055.59,1030.86,2591.13,1370.58
-36284844,423336230,423329664,3,highway.residential,50.004000000000005,1,,tram rail_urban rail rail_electric rail_fast ship,0,residential,41.9934518704999,123.0467469713775,3352.59,2623.19,3387.79,2600.29
-36285797#0,423336230,3400054739,3,highway.residential,50.004000000000005,1,,tram rail_urban rail rail_electric rail_fast ship,0,residential,71.7489387710328,204.41973620137745,3352.59,2623.19,3323.45,2559.01
-36285797#1,423335651,423336230,3,highway.residential,50.004000000000005,1,,tram rail_urban rail rail_electric rail_fast ship,0,residential,30.564333789565787,204.51066614500786,3365.27,2651.0,3352.59,2623.19
-36285797#2,423336231,423335651,3,highway.residential,50.004000000000005,1,,tram rail_urban rail rail_electric rail_fast ship,0,residential,80.8180060382588,190.16280735370992,3379.53,2730.55,3365.27,2651.0
-36287006,3204643489,423356668,4,highway.unclassified,50.004000000000005,1,,tram rail_urban rail rail_electric rail_fast ship,0,unclassified,51.35127534191674,164.33936089883002,2450.23,2817.25,2463.51,2769.88
-36288851#0,9719107963,423329664,3,highway.residential,50.004000000000005,1,,tram rail_urban rail rail_electric rail_fast ship,0,residential,164.65085533873852,305.50045225156174,3521.8,2504.7,3387.79,2600.29
-36288851#1,423329662,9719107963,3,highway.residential,50.004000000000005,1,,tram rail_urban rail rail_electric rail_fast ship,0,residential,27.724568606408155,305.0715952674301,3544.49,2488.77,3521.8,2504.7
-36288851#2,429482304,423329662,3,highway.residential,50.004000000000005,1,,tram rail_urban rail rail_electric rail_fast ship,0,residential,83.44199961650025,304.5566186836442,3613.21,2441.44,3544.49,2488.77
-36288851#3,423348293,429482304,3,highway.residential,50.004000000000005,1,,tram rail_urban rail rail_electric rail_fast ship,0,residential,43.164013946805206,301.63532965985473,3649.96,2418.8,3613.21,2441.44
-36288941#0,429515241,429515164,10,highway.tertiary,50.004000000000005,1,,tram rail_urban rail rail_electric rail_fast ship,0,tertiary,66.99494943817659,14.841069691001962,3927.01,2791.64,3944.17,2856.4
-36288941#1,10839333847,429515241,10,highway.tertiary,50.004000000000005,1,,tram rail_urban rail rail_electric rail_fast ship,0,tertiary,40.74392830895102,12.617274128354268,3918.11,2751.88,3927.01,2791.64
-36288941#2,423348300,10839333847,10,highway.tertiary,50.004000000000005,1,,tram rail_urban rail rail_electric rail_fast ship,0,tertiary,79.12576053140623,12.605995972037533,3900.89,2674.88,3918.11,2751.88
-36289599#0,423353689,423353686,10,highway.tertiary,79.992,1,,tram rail_urban rail rail_electric rail_fast ship,1,tertiary,40.017902020662724,127.43910926636102,4244.4,2652.23,4275.89,2628.12
-36289599#1,8176004097,423353689,10,highway.tertiary,79.992,1,,tram rail_urban rail rail_electric rail_fast ship,0,tertiary,82.2928683537439,145.59514882681066,4197.92,2720.1,4244.4,2652.23
-36290738#0,3582727733,423363238,3,highway.residential,50.004000000000005,1,,tram rail_urban rail rail_electric rail_fast ship,0,residential,25.06147498115604,143.1438215125288,3050.81,3155.94,3065.84,3135.89
-36290738#1,1687165295,3582727733,3,highway.residential,50.004000000000005,1,,tram rail_urban rail rail_electric rail_fast ship,0,residential,5.420147599466262,145.37170265722563,3047.73,3160.4,3050.81,3155.94
-36290738#2,1687165275,1687165295,3,highway.residential,50.004000000000005,1,,tram rail_urban rail rail_electric rail_fast ship,0,residential,47.67715595544668,143.52908488893002,3019.39,3198.74,3047.73,3160.4
-36291216#0,423392202,423389714,4,highway.unclassified,50.004000000000005,1,,tram rail_urban rail rail_electric rail_fast ship,0,unclassified,298.0560886100879,77.7671870054246,2290.31,3569.96,2576.14,3631.93
-36291216#1,423394196,423392202,4,highway.unclassified,50.004000000000005,1,,tram rail_urban rail rail_electric rail_fast ship,0,unclassified,1086.242420686574,100.20367128474663,1226.0,3761.53,2290.31,3569.96
-36291218,423389702,423389699,3,highway.residential,50.004000000000005,1,,tram rail_urban rail rail_electric rail_fast ship,0,residential,39.00139741086216,140.07592889254983,2805.07,3431.4,2830.1,3401.49
-36291828#0,423401224,423400279,3,highway.residential,50.004000000000005,1,,tram rail_urban rail rail_electric rail_fast ship,0,residential,40.55752704492726,160.24259454504806,2973.11,3109.39,2986.82,3071.22
-36291828#1,423401233,423401224,3,highway.residential,50.004000000000005,1,,tram rail_urban rail rail_electric rail_fast ship,0,residential,44.62487210519507,149.236754741649,2950.3,3147.71,2973.11,3109.39
-36292047#0,10825018410,423402520,3,highway.residential,50.004000000000005,1,,tram rail_urban rail rail_electric rail_fast ship,0,residential,18.72241218881952,153.79244124814363,2817.5,3024.26,2825.73,3007.54
-36292047#1,3339957021,10825018410,3,highway.residential,50.004000000000005,1,,tram rail_urban rail rail_electric rail_fast ship,0,residential,72.59267630026463,206.17423710373646,2846.71,3083.69,2817.5,3024.26
-36292047#2,1687073956,3339957021,3,highway.residential,50.004000000000005,1,,tram rail_urban rail rail_electric rail_fast ship,0,residential,14.877091894849608,242.05666966861133,2859.85,3090.66,2846.71,3083.69
-36292047#3,423401233,1687073956,3,highway.residential,50.004000000000005,1,,tram rail_urban rail rail_electric rail_fast ship,0,residential,107.19041070261936,237.75892650714053,2950.3,3147.71,2859.85,3090.66
-36292142#0,1687165253,423401233,3,highway.residential,50.004000000000005,1,,tram rail_urban rail rail_electric rail_fast ship,0,residential,67.89718617627224,141.74519570814357,2908.44,3200.8,2950.3,3147.71
-36292142#1,423405335,1687165253,3,highway.residential,50.004000000000005,1,,tram rail_urban rail rail_electric rail_fast ship,0,residential,93.63042698767086,136.99134130938546,2844.59,3269.25,2908.44,3200.8
-36292142#2,423406178,423405335,3,highway.residential,50.004000000000005,1,,tram rail_urban rail rail_electric rail_fast ship,0,residential,75.14539573387079,134.68190305265693,2791.16,3322.09,2844.59,3269.25
-36292324,423389695,423406178,3,highway.residential,50.004000000000005,1,,tram rail_urban rail rail_electric rail_fast ship,0,residential,90.0641418994866,212.3289816240683,2837.43,3395.2,2791.16,3322.09
-36292768#0,8766045849,423389702,4,highway.unclassified,50.004000000000005,1,,tram rail_urban rail rail_electric rail_fast ship,0,unclassified,284.93160230213164,223.5073619057559,2965.23,3600.13,2805.07,3431.4
-36292768#1,3974640348,8766045849,4,highway.unclassified,50.004000000000005,1,,tram rail_urban rail rail_electric rail_fast ship,0,unclassified,134.6209077711044,181.59526592745794,2968.88,3731.19,2965.23,3600.13
-36292830#0,423411199,3974640348,4,highway.unclassified,50.004000000000005,1,,tram rail_urban rail rail_electric rail_fast ship,0,unclassified,15.737784673407992,221.3302294144113,2979.24,3742.97,2968.88,3731.19
-36292830#1,423413660,423411199,4,highway.unclassified,50.004000000000005,1,,tram rail_urban rail rail_electric rail_fast ship,0,unclassified,386.348152842037,197.32674111678162,3058.71,3997.7,2979.24,3742.97
-36293029#0,5327152041,1078560165,11,highway.secondary,100.00800000000001,1,,tram rail_urban rail rail_electric rail_fast ship,0,secondary,100.21225105149131,337.3172355188802,2768.19,5335.77,2729.55,5428.22
-36293029#1,1687124699,5327152041,11,highway.secondary,100.00800000000001,1,,tram rail_urban rail rail_electric rail_fast ship,0,secondary,1322.1463548532856,339.48051592467965,3216.31,4138.46,2768.19,5335.77
-36293283#0,1687124670,1687124698,3,highway.residential,50.004000000000005,1,,tram rail_urban rail rail_electric rail_fast ship,0,residential,211.0876880493713,19.270420819466267,3182.6,4637.56,3252.17,4836.55
-36293283#1,11510936199,1687124670,3,highway.residential,50.004000000000005,1,,tram rail_urban rail rail_electric rail_fast ship,0,residential,142.37481673774403,338.8186504997337,3232.51,4508.76,3182.6,4637.56
-36293459#0,1687124829,430939369,11,highway.secondary,100.00800000000001,1,,tram rail_urban rail rail_electric rail_fast ship,0,secondary,172.9550897692733,282.57596382986344,3702.36,3578.85,3533.86,3616.44
-36293459#1,423422179,1687124829,11,highway.secondary,100.00800000000001,1,,tram rail_urban rail rail_electric rail_fast ship,0,secondary,50.647721617097,286.31142220190486,3750.03,3564.9,3702.36,3578.85
-36293459#10,430894463,430894386,11,highway.secondary,100.00800000000001,1,,tram rail_urban rail rail_electric rail_fast ship,0,secondary,31.346637622131873,286.7465251929383,4063.59,3447.45,4033.58,3456.48
-36293459#2,423422182,423422179,11,highway.secondary,100.00800000000001,1,,tram rail_urban rail rail_electric rail_fast ship,0,secondary,20.51289594377145,303.52738389478105,3767.13,3553.57,3750.03,3564.9
-36293459#3,9442787168,423422182,11,highway.secondary,100.00800000000001,1,,tram rail_urban rail rail_electric rail_fast ship,0,secondary,87.56681633069383,300.71808556342256,3842.09,3509.03,3767.13,3553.57
-36293459#4,9442787165,9442787168,11,highway.secondary,100.00800000000001,1,,tram rail_urban rail rail_electric rail_fast ship,0,secondary,20.927400698605332,293.7845782422738,3861.24,3500.59,3842.09,3509.03
-36293459#5,423422147,9442787165,11,highway.secondary,100.00800000000001,1,,tram rail_urban rail rail_electric rail_fast ship,0,secondary,31.27485435835259,293.77833656110477,3889.86,3487.98,3861.24,3500.59
-36293459#6,9442787182,423422147,11,highway.secondary,100.00800000000001,1,,tram rail_urban rail rail_electric rail_fast ship,0,secondary,50.48194606299211,291.0464791596549,3936.95,3469.86,3889.86,3487.98
-36293459#7,9442787141,9442787182,11,highway.secondary,100.00800000000001,1,,tram rail_urban rail rail_electric rail_fast ship,0,secondary,24.156630639507206,283.7942231091575,3960.37,3464.11,3936.95,3469.86
-36293459#8,430894385,9442787141,11,highway.secondary,100.00800000000001,1,,tram rail_urban rail rail_electric rail_fast ship,0,secondary,64.68344849826883,275.98488122483604,4024.66,3457.37,3960.37,3464.11
-36293459#9,430894386,430894385,11,highway.secondary,100.00800000000001,1,,tram rail_urban rail rail_electric rail_fast ship,0,secondary,8.964290267500326,275.6978734619362,4033.58,3456.48,4024.66,3457.37
-36293752#0,9790999492,423422147,3,highway.residential,50.004000000000005,1,,tram rail_urban rail rail_electric rail_fast ship,0,residential,25.609986333459734,201.365187268457,3899.19,3511.83,3889.86,3487.98
-36293752#1,9790999494,9790999492,3,highway.residential,50.004000000000005,1,,tram rail_urban rail rail_electric rail_fast ship,0,residential,5.33521321036027,201.32279245768285,3901.13,3516.8,3899.19,3511.83
-36293752#2,9790999489,9790999494,3,highway.residential,50.004000000000005,1,,tram rail_urban rail rail_electric rail_fast ship,0,residential,31.888588868119918,201.35098024765315,3912.74,3546.5,3901.13,3516.8
-36293752#3,9790999490,9790999489,3,highway.residential,50.004000000000005,1,,tram rail_urban rail rail_electric rail_fast ship,0,residential,4.936000405186436,201.26252602086362,3914.53,3551.1,3912.74,3546.5
-36293752#4,9790999487,9790999490,3,highway.residential,50.004000000000005,1,,tram rail_urban rail rail_electric rail_fast ship,0,residential,28.636930701456127,201.35928106214473,3924.96,3577.77,3914.53,3551.1
-36293752#5,9790999485,9790999487,3,highway.residential,50.004000000000005,1,,tram rail_urban rail rail_electric rail_fast ship,0,residential,41.732637108143464,201.345051739203,3940.15,3616.64,3924.96,3577.77
-36293752#6,9442787175,9790999485,3,highway.residential,50.004000000000005,1,,tram rail_urban rail rail_electric rail_fast ship,0,residential,27.639690663971013,201.36642569866854,3950.22,3642.38,3940.15,3616.64
-36293752#7,423422155,9442787175,3,highway.residential,50.004000000000005,1,,tram rail_urban rail rail_electric rail_fast ship,0,residential,45.4912134373222,201.34767438148626,3966.78,3684.75,3950.22,3642.38
-36294081#0,2513116265,2513116050,3,highway.residential,50.004000000000005,1,,tram rail_urban rail rail_electric rail_fast ship,0,residential,27.619692604491,187.2872758319348,4178.95,3877.19,4175.45,3849.82
-36294081#1,3974640360,2513116265,3,highway.residential,50.004000000000005,1,,tram rail_urban rail rail_electric rail_fast ship,0,residential,39.87024579808847,180.20118826596595,4179.09,3917.06,4178.95,3877.19
-36294081#2,2513116012,3974640360,3,highway.residential,50.004000000000005,1,,tram rail_urban rail rail_electric rail_fast ship,0,residential,7.200062499729007,180.23873103309685,4179.12,3924.26,4179.09,3917.06
-36294081#3,2513116083,2513116012,3,highway.residential,50.004000000000005,1,,tram rail_urban rail rail_electric rail_fast ship,0,residential,36.784741401836605,173.66324840896596,4175.06,3960.82,4179.12,3924.26
-36294081#4,3340881714,2513116083,3,highway.residential,50.004000000000005,1,,tram rail_urban rail rail_electric rail_fast ship,0,residential,355.8188979903526,200.53529662956024,4296.37,4284.67,4175.06,3960.82
-36294383#0,423429428,423427964,11,highway.secondary,100.00800000000001,1,,tram rail_urban rail rail_electric rail_fast ship,0,secondary,37.736202776644106,194.15776528094491,4384.91,3290.82,4375.68,3254.23
-36294383#1,3400032680,423429428,11,highway.secondary,100.00800000000001,1,,tram rail_urban rail rail_electric rail_fast ship,0,secondary,22.875128719948314,176.5067006579054,4383.52,3313.59,4384.91,3290.82
-36294383#10,423436157,2513116184,11,highway.secondary,100.00800000000001,1,,tram rail_urban rail rail_electric rail_fast ship,0,secondary,188.32472117234752,207.07135760023976,4646.45,4061.96,4560.77,3894.32
-36294383#2,9719060069,3400032680,11,highway.secondary,100.00800000000001,1,,tram rail_urban rail rail_electric rail_fast ship,0,secondary,43.02233749969341,155.71132400946203,4366.06,3352.28,4383.52,3313.59
-36294383#3,9719060064,9719060069,11,highway.secondary,100.00800000000001,1,,tram rail_urban rail rail_electric rail_fast ship,0,secondary,48.403260220774555,144.36599911884048,4337.86,3391.62,4366.06,3352.28
-36294383#4,3340881534,9719060064,11,highway.secondary,100.00800000000001,1,,tram rail_urban rail rail_electric rail_fast ship,0,secondary,106.16272636872625,149.29925454250747,4284.07,3482.21,4337.86,3391.62
-36294383#5,423436101,3340881534,11,highway.secondary,100.00800000000001,1,,tram rail_urban rail rail_electric rail_fast ship,0,secondary,47.22605067634937,172.02629753142662,4277.53,3528.9,4284.07,3482.21
-36294383#6,6333709080,423436101,11,highway.secondary,100.00800000000001,1,,tram rail_urban rail rail_electric rail_fast ship,0,secondary,206.6515010894584,162.03273251562234,4214.43,3723.48,4277.53,3528.9
-36294383#7,423436118,6333709080,11,highway.secondary,100.00800000000001,1,,tram rail_urban rail rail_electric rail_fast ship,0,secondary,149.14723430877274,187.1442633458307,4231.88,3862.7,4214.43,3723.48
-36294383#8,3974640355,423436118,11,highway.secondary,100.00800000000001,1,,tram rail_urban rail rail_electric rail_fast ship,0,secondary,5.804980620122232,279.21892613810655,4237.61,3861.77,4231.88,3862.7
-36294383#9,2513116184,3974640355,11,highway.secondary,100.00800000000001,1,,tram rail_urban rail rail_electric rail_fast ship,0,secondary,656.5933288827973,264.24833273873355,4560.77,3894.32,4237.61,3861.77
-36933126#0,429478913,429478908,3,highway.residential,50.004000000000005,1,,tram rail_urban rail rail_electric rail_fast ship,0,residential,86.17489540690792,197.38338226399745,3697.97,2163.64,3672.23,2081.42
-36933126#1,9719107988,429478913,3,highway.residential,50.004000000000005,1,,tram rail_urban rail rail_electric rail_fast ship,0,residential,105.14339384538326,215.14097368122205,3758.37,2249.45,3697.97,2163.64
-36933126#2,429478936,9719107988,3,highway.residential,50.004000000000005,1,,tram rail_urban rail rail_electric rail_fast ship,0,residential,179.3220698508067,245.98529561508306,3913.06,2318.37,3758.37,2249.45
-36933151#0,5779266071,429478889,3,highway.residential,50.004000000000005,1,,tram rail_urban rail rail_electric rail_fast ship,0,residential,102.33536351772513,316.83743399835294,3551.53,2143.46,3483.04,2216.49
-36933282#0,3974640274,429482301,3,highway.residential,50.004000000000005,1,,tram rail_urban rail rail_electric rail_fast ship,0,residential,60.59415195226431,219.60540244254574,3532.7,2340.16,3494.15,2293.57
-36933282#1,429482304,3974640274,3,highway.residential,50.004000000000005,1,,tram rail_urban rail rail_electric rail_fast ship,0,residential,129.39947781731018,218.48206492809746,3613.21,2441.44,3532.7,2340.16
-36933306,429482525,429482526,3,highway.residential,50.004000000000005,1,,tram rail_urban rail rail_electric rail_fast ship,0,residential,141.52222645383938,129.843470958107,3566.84,2540.71,3675.33,2450.18
-36933307#0,429482526,423348293,3,highway.residential,50.004000000000005,1,,tram rail_urban rail rail_electric rail_fast ship,0,residential,40.35271118524718,218.95473322400576,3675.33,2450.18,3649.96,2418.8
-36933307#1,429483201,429482526,3,highway.residential,50.004000000000005,1,,tram rail_urban rail rail_electric rail_fast ship,0,residential,35.26640327563912,221.8736982643206,3698.87,2476.44,3675.33,2450.18
-36933307#2,429483203,429483201,3,highway.residential,50.004000000000005,1,,tram rail_urban rail rail_electric rail_fast ship,0,residential,66.57407678668957,219.85075007667118,3741.53,2527.55,3698.87,2476.44
-36934835#0,3974640296,429498763,10,highway.tertiary,50.004000000000005,1,,tram rail_urban rail rail_electric rail_fast ship,0,tertiary,69.89190491365764,40.40522959147722,3631.17,2774.18,3676.37,2827.28
-36934835#1,3398666969,3974640296,10,highway.tertiary,50.004000000000005,1,,tram rail_urban rail rail_electric rail_fast ship,0,tertiary,78.2316740116255,45.3936368406836,3575.48,2719.25,3631.17,2774.18
-36935320#0,2631123569,429504429,3,highway.residential,50.004000000000005,1,,tram rail_urban rail rail_electric rail_fast ship,0,residential,76.67373065589332,164.13551563601527,3352.5,2803.93,3373.24,2730.95
-36935320#1,429504646,2631123569,3,highway.residential,50.004000000000005,1,,tram rail_urban rail rail_electric rail_fast ship,0,residential,139.6458020337531,140.69009165820336,3265.3,2910.43,3352.5,2803.93
-36936200,441267991,429498811,3,highway.residential,50.004000000000005,1,,tram rail_urban rail rail_electric rail_fast ship,0,residential,34.21695754481205,352.61364729742894,3604.66,2895.11,3600.29,2928.82
-36936220,429513955,429498763,10,highway.tertiary,50.004000000000005,1,,tram rail_urban rail rail_electric rail_fast ship,0,tertiary,118.68194436363676,203.3752221302631,3723.18,2935.58,3676.37,2827.28
-36936288,429483726,429514401,3,highway.residential,50.004000000000005,1,,tram rail_urban rail rail_electric rail_fast ship,0,residential,202.113796589481,241.15463358075903,3775.82,2752.76,3641.63,2678.85
-36936392#0,3400054744,429515241,3,highway.residential,50.004000000000005,1,,tram rail_urban rail rail_electric rail_fast ship,0,residential,5.547340339418581,102.70810156401262,3921.6,2792.86,3927.01,2791.64
-36936392#1,429515276,3400054744,3,highway.residential,50.004000000000005,1,,tram rail_urban rail rail_electric rail_fast ship,0,residential,80.95988799911305,103.21742021115824,3842.79,2811.37,3921.6,2792.86
-36936749#0,1663642191,429518008,10,highway.tertiary,79.992,1,,tram rail_urban rail rail_electric rail_fast ship,0,tertiary,35.364154161293804,345.0803670068514,4329.32,2298.51,4320.45,2331.8
-36936749#1,429520292,1663642191,10,highway.tertiary,79.992,1,,tram rail_urban rail rail_electric rail_fast ship,0,tertiary,74.99151333523945,354.5822524661738,4336.36,2224.28,4329.32,2298.51
-36936749#2,429520294,429520292,10,highway.tertiary,79.992,1,,tram rail_urban rail rail_electric rail_fast ship,0,tertiary,110.49777908201939,23.01331782225725,4293.18,2122.62,4336.36,2224.28
-36936749#3,429520296,429520294,10,highway.tertiary,79.992,1,,tram rail_urban rail rail_electric rail_fast ship,0,tertiary,44.08963227158982,15.641243046069519,4281.32,2080.26,4293.18,2122.62
-36936749#4,429520299,429520296,10,highway.tertiary,79.992,1,,tram rail_urban rail rail_electric rail_fast ship,0,tertiary,170.33689981404635,3.1865531792087154,4271.86,1910.34,4281.32,2080.26
-36936749#5,3262396875,429520299,10,highway.tertiary,79.992,1,,tram rail_urban rail rail_electric rail_fast ship,0,tertiary,138.44852964972353,37.37438224630989,4191.06,1804.56,4271.86,1910.34
-36936997#0,2466457128,2466457229,10,highway.tertiary,79.992,1,,tram rail_urban rail rail_electric rail_fast ship,0,tertiary,826.2612174463801,344.5035960446655,4812.82,473.07,4593.08,1265.62
-36936997#1,429522909,2466457128,10,highway.tertiary,79.992,1,,tram rail_urban rail rail_electric rail_fast ship,0,tertiary,488.06216146124615,347.84876220443795,4914.68,0.0,4812.82,473.07
-36950439#0,3974640308,429653586,11,highway.secondary,100.00800000000001,1,,tram rail_urban rail rail_electric rail_fast ship,0,secondary,179.1592616356754,263.02056216295756,4470.19,2980.29,4292.36,2958.52
-36950439#1,429653976,3974640308,11,highway.secondary,100.00800000000001,1,,tram rail_urban rail rail_electric rail_fast ship,0,secondary,26.522781548148995,263.53996283919474,4496.42,2983.26,4470.19,2980.29
-36950447#0,429654068,429654069,11,highway.secondary,100.00800000000001,1,,tram rail_urban rail rail_electric rail_fast ship,0,secondary,22.30426216695305,287.01952174328477,4898.03,2711.22,4876.73,2717.74
-36950447#1,4980006045,429654068,11,highway.secondary,100.00800000000001,1,,tram rail_urban rail rail_electric rail_fast ship,0,secondary,12.363438033169153,290.1058462391207,4909.64,2706.97,4898.03,2711.22
-36950506#0,429655322,429654069,11,highway.secondary,50.004000000000005,1,,tram rail_urban rail rail_electric rail_fast ship,0,secondary,52.79871590574487,81.02000240283178,4824.84,2709.54,4876.73,2717.74
-36950506#1,960161525,429655322,11,highway.secondary,50.004000000000005,1,,tram rail_urban rail rail_electric rail_fast ship,0,secondary,123.88561096419377,77.14612472679175,4704.06,2681.98,4824.84,2709.54
-36950506#2,9719107956,960161525,11,highway.secondary,50.004000000000005,1,,tram rail_urban rail rail_electric rail_fast ship,0,secondary,63.910134617474704,76.63781900881656,4641.88,2667.21,4704.06,2681.98
-36950506#3,429655324,9719107956,11,highway.secondary,50.004000000000005,1,,tram rail_urban rail rail_electric rail_fast ship,0,secondary,20.93019350125533,78.22836115590695,4621.39,2662.94,4641.88,2667.21
-36950518#0,430912567,429653586,11,highway.secondary,100.00800000000001,1,,tram rail_urban rail rail_electric rail_fast ship,0,secondary,93.88532654737021,194.65348106794548,4316.11,3049.35,4292.36,2958.52
-36950518#1,9719107937,430912567,11,highway.secondary,100.00800000000001,1,,tram rail_urban rail rail_electric rail_fast ship,0,secondary,44.133042328729324,196.00781346471953,4328.28,3091.77,4316.11,3049.35
-36950525,621153280,1697857756,11,highway.secondary,50.004000000000005,1,,tram rail_urban rail rail_electric rail_fast ship,0,secondary,38.47088509509538,79.04640903162027,4174.65,2903.65,4212.42,2910.96
-36950657#0,3750151720,429655333,3,highway.residential,50.004000000000005,1,,tram rail_urban rail rail_electric rail_fast ship,1,residential,177.74719521336948,196.0777226258708,4485.61,2786.61,4437.02,2618.02
-36950657#1,429655343,3750151720,3,highway.residential,50.004000000000005,1,,tram rail_urban rail rail_electric rail_fast ship,0,residential,97.92709584111772,189.80637882257366,4502.21,2882.65,4485.61,2786.61
-37049908,430920519,430894463,3,highway.residential,50.004000000000005,1,,tram rail_urban rail rail_electric rail_fast ship,0,residential,138.50171044982682,7.951666082599843,4044.43,3310.28,4063.59,3447.45
-37051625#0,430912564,430912563,3,highway.residential,50.004000000000005,1,,tram rail_urban rail rail_electric rail_fast ship,0,residential,95.27430440453334,291.83275964495607,4021.25,3150.09,3933.04,3185.43
-37051625#1,9790998983,430912564,3,highway.residential,50.004000000000005,1,,tram rail_urban rail rail_electric rail_fast ship,0,residential,85.37204337838332,292.2899653416959,4100.24,3117.71,4021.25,3150.09
-37051625#2,430912565,9790998983,3,highway.residential,50.004000000000005,1,,tram rail_urban rail rail_electric rail_fast ship,0,residential,82.78089412055492,295.8468316176293,4174.41,3081.78,4100.24,3117.71
-37051872#0,9442787176,430894386,3,highway.residential,50.004000000000005,1,,tram rail_urban rail rail_electric rail_fast ship,0,residential,157.42207433246458,179.58156590033832,4032.49,3605.73,4033.58,3456.48
-37051872#1,430918670,9442787176,3,highway.residential,50.004000000000005,1,,tram rail_urban rail rail_electric rail_fast ship,0,residential,43.50139537991869,198.84312644733137,4046.54,3646.9,4032.49,3605.73
-37052277#0,3340881355,430920519,3,highway.residential,50.004000000000005,1,,tram rail_urban rail rail_electric rail_fast ship,0,residential,19.640309151070635,8.963526750578637,4041.37,3290.88,4044.43,3310.28
-37052277#1,3340881343,3340881355,3,highway.residential,50.004000000000005,1,,tram rail_urban rail rail_electric rail_fast ship,0,residential,17.212556463233597,7.880602960520207,4039.01,3273.83,4041.37,3290.88
-37052277#2,9790998977,3340881343,3,highway.residential,50.004000000000005,1,,tram rail_urban rail rail_electric rail_fast ship,0,residential,67.66588874758096,8.164829241994767,4029.4,3206.85,4039.01,3273.83
-37052277#3,430912564,9790998977,3,highway.residential,50.004000000000005,1,,tram rail_urban rail rail_electric rail_fast ship,0,residential,57.34248526865626,8.171081398784793,4021.25,3150.09,4029.4,3206.85
-37052381#0,3340881396,3340881368,3,highway.residential,50.004000000000005,1,,tram rail_urban rail rail_electric rail_fast ship,0,residential,33.00015151480378,194.4236557406425,4006.3,3351.32,3998.08,3319.36
-37052381#1,3340881457,3340881396,3,highway.residential,50.004000000000005,1,,tram rail_urban rail rail_electric rail_fast ship,0,residential,78.18398191275513,191.06237387397138,4021.28,3427.94,4006.3,3351.32
-37052381#2,430894385,3340881457,3,highway.residential,50.004000000000005,1,,tram rail_urban rail rail_electric rail_fast ship,0,residential,29.625853251921143,186.55164585286266,4024.66,3457.37,4021.28,3427.94
-37053056#0,430929444,430929448,3,highway.residential,50.004000000000005,1,,tram rail_urban rail rail_electric rail_fast ship,0,residential,26.890897604997303,138.73139699915953,3114.41,3431.85,3129.03,3415.19
-37053056#1,430929448,430929444,3,highway.residential,50.004000000000005,1,,tram rail_urban rail rail_electric rail_fast ship,0,residential,22.165288177689124,318.73139699915953,3129.03,3415.19,3114.41,3431.85
-37053056#2,3583021207,430929448,3,highway.residential,50.004000000000005,1,,tram rail_urban rail rail_electric rail_fast ship,0,residential,71.79333084735426,326.54038182766243,3168.57,3355.36,3129.03,3415.19
-37053056#3,3583021203,3583021207,3,highway.residential,50.004000000000005,1,,tram rail_urban rail rail_electric rail_fast ship,0,residential,111.22002536831069,312.5897381698032,3250.27,3280.26,3168.57,3355.36
-37053056#4,430929475,3583021203,3,highway.residential,50.004000000000005,1,,tram rail_urban rail rail_electric rail_fast ship,0,residential,89.46622708924676,290.95525939192186,3332.47,3248.78,3250.27,3280.26
-37053056#5,430929490,430929475,3,highway.residential,50.004000000000005,1,,tram rail_urban rail rail_electric rail_fast ship,0,residential,113.88789052392137,287.91060870191484,3439.99,3214.03,3332.47,3248.78
-37053056#6,430929493,430929490,3,highway.residential,50.004000000000005,1,,tram rail_urban rail rail_electric rail_fast ship,0,residential,18.82105469945844,267.28961696885307,3458.79,3214.92,3439.99,3214.03
-37053056#7,3974640336,430929493,3,highway.residential,50.004000000000005,1,,tram rail_urban rail rail_electric rail_fast ship,0,residential,40.75377376450252,294.00822725115745,3495.97,3198.36,3458.79,3214.92
-37053056#8,430928761,3974640336,3,highway.residential,50.004000000000005,1,,tram rail_urban rail rail_electric rail_fast ship,0,residential,20.515421029069994,299.5889983636597,3513.81,3188.23,3495.97,3198.36
-37054066,430938925,423422182,3,highway.residential,50.004000000000005,1,,tram rail_urban rail rail_electric rail_fast ship,0,residential,200.33411934659082,210.11303585845948,3866.98,3725.73,3767.13,3553.57
-37054132,423416419,423413959,3,highway.residential,50.004000000000005,1,,tram rail_urban rail rail_electric rail_fast ship,0,residential,177.07167853680536,248.67861419090212,3504.79,3882.5,3351.17,3822.54
-37054319,3340881400,430928663,3,highway.residential,50.004000000000005,1,,tram rail_urban rail rail_electric rail_fast ship,0,residential,164.1587192527824,198.3443469638495,3624.45,3351.11,3572.84,3195.46
-37055188#0,2513116199,429653979,11,highway.secondary,50.004000000000005,1,,tram rail_urban rail rail_electric rail_fast ship,0,secondary,326.2433558965866,264.6509012195013,5147.79,3109.63,4823.22,3079.24
-37055188#1,3974700315,2513116199,11,highway.secondary,50.004000000000005,1,,tram rail_urban rail rail_electric rail_fast ship,0,secondary,10.412554921824338,253.42724794467193,5157.77,3112.6,5147.79,3109.63
-37055188#2,6292164276,3974700315,11,highway.secondary,50.004000000000005,1,,tram rail_urban rail rail_electric rail_fast ship,0,secondary,202.0563620332808,219.26716605974931,5282.82,3265.56,5157.77,3112.6
-37055188#3,4860226907,6292164276,11,highway.secondary,50.004000000000005,1,,tram rail_urban rail rail_electric rail_fast ship,0,secondary,34.48364249901699,224.01304974387077,5306.78,3290.36,5282.82,3265.56
-37055188#4,3974700326,4860226907,11,highway.secondary,50.004000000000005,1,,tram rail_urban rail rail_electric rail_fast ship,0,secondary,13.004126268227562,225.4673287840955,5316.05,3299.48,5306.78,3290.36
-37055188#5,4860226903,3974700326,11,highway.secondary,50.004000000000005,1,,tram rail_urban rail rail_electric rail_fast ship,0,secondary,19.15647410146219,224.42896462688526,5329.46,3313.16,5316.05,3299.48
-37055188#6,3254769467,4860226903,11,highway.secondary,50.004000000000005,1,,tram rail_urban rail rail_electric rail_fast ship,0,secondary,490.75543261226346,240.90689851851866,5746.31,3545.11,5329.46,3313.16
-37055217#0,430951504,7706126188,11,highway.secondary,50.004000000000005,1,,tram rail_urban rail rail_electric rail_fast ship,0,secondary,177.00744330923797,55.207374971725585,4845.11,3191.98,4989.52,3292.32
-37055563#0,430953262,423429428,3,highway.residential,50.004000000000005,1,,tram rail_urban rail rail_electric rail_fast ship,0,residential,28.873690446494766,197.74467162505726,4393.71,3318.32,4384.91,3290.82
-37055563#1,5711675675,430953262,3,highway.residential,50.004000000000005,1,,tram rail_urban rail rail_electric rail_fast ship,0,residential,351.43214875578764,201.0976860536021,4520.19,3646.14,4393.71,3318.32
-37055563#2,431084039,5711675675,3,highway.residential,50.004000000000005,1,,tram rail_urban rail rail_electric rail_fast ship,0,residential,397.650739080785,201.6138183608616,4666.64,4015.77,4520.19,3646.14
-37055902#0,430912565,430895813,3,highway.residential,50.004000000000005,1,,tram rail_urban rail rail_electric rail_fast ship,0,residential,138.3743278222666,191.80572535934604,4174.41,3081.78,4146.31,2947.34
-37055902#1,9719060073,430912565,3,highway.residential,50.004000000000005,1,,tram rail_urban rail rail_electric rail_fast ship,0,residential,100.11156586010908,183.5177607094984,4180.55,3181.66,4174.41,3081.78
-37055902#2,430958141,9719060073,3,highway.residential,50.004000000000005,1,,tram rail_urban rail rail_electric rail_fast ship,0,residential,63.97534837732435,183.4411398263509,4184.39,3245.52,4180.55,3181.66
-37056002,430959632,430901995,3,highway.residential,50.004000000000005,1,,tram rail_urban rail rail_electric rail_fast ship,0,residential,27.7889711756289,182.95699379690038,3794.04,3055.27,3792.62,3027.78
-37066023,431084476,431084283,11,highway.secondary,100.00800000000001,1,,tram rail_urban rail rail_electric rail_fast ship,0,secondary,451.9501645064084,243.42190824158882,5208.1,4331.28,4803.93,4129.08
-37088258#0,430895816,429653586,11,highway.secondary,100.00800000000001,1,,tram rail_urban rail rail_electric rail_fast ship,0,secondary,10.401735432128325,45.350547642030676,4284.96,2951.21,4292.36,2958.52
-37088258#1,621159240,430895816,11,highway.secondary,100.00800000000001,1,,tram rail_urban rail rail_electric rail_fast ship,0,secondary,17.82678041599214,44.522735604557624,4272.46,2938.5,4284.96,2951.21
-37088332#0,3750151724,431332568,3,highway.residential,50.004000000000005,1,,tram rail_urban rail rail_electric rail_fast ship,0,residential,8.623044705902815,4.189764987939839,4315.16,2833.77,4315.79,2842.37
-37088332#1,3750151718,3750151724,3,highway.residential,50.004000000000005,1,,tram rail_urban rail rail_electric rail_fast ship,0,residential,55.963278138436365,3.955047869510338,4311.3,2777.94,4315.16,2833.77
-37088332#2,1663593100,3750151718,3,highway.residential,50.004000000000005,1,,tram rail_urban rail rail_electric rail_fast ship,0,residential,18.519161614664768,356.87271069944217,4312.29,2759.82,4311.3,2777.94
-37088332#3,431333760,1663593100,3,highway.residential,50.004000000000005,1,,tram rail_urban rail rail_electric rail_fast ship,0,residential,145.53802573079432,358.13060402535086,4317.02,2614.9,4312.29,2759.82
-37088447#0,9972369475,429478936,10,highway.tertiary,79.992,1,,tram rail_urban rail rail_electric rail_fast ship,0,tertiary,13.82446302560089,312.95887594836654,3922.94,2309.17,3913.06,2318.37
-37088447#1,9972369493,9972369475,10,highway.tertiary,79.992,1,,tram rail_urban rail rail_electric rail_fast ship,0,tertiary,208.81367588787495,251.47877160534767,4120.07,2375.21,3922.94,2309.17
-37088447#2,9972369512,9972369493,10,highway.tertiary,79.992,1,,tram rail_urban rail rail_electric rail_fast ship,0,tertiary,40.74888347266668,254.91636224289346,4159.4,2385.81,4120.07,2375.21
-37088673#0,431336421,2025263890,3,highway.residential,50.004000000000005,1,,tram rail_urban rail rail_electric rail_fast ship,0,residential,214.03889404181857,256.0132831370012,4529.05,2406.17,4322.13,2354.63
-37088673#1,3974640291,431336421,3,highway.residential,50.004000000000005,1,,tram rail_urban rail rail_electric rail_fast ship,0,residential,182.40736799304005,229.71903184707816,4667.14,2523.2,4529.05,2406.17
-37640678#0,10936505658,418600282,3,highway.residential,50.004000000000005,1,,tram rail_urban rail rail_electric rail_fast ship,0,residential,320.4115305330525,306.64454855067333,2543.25,2600.59,2302.12,2779.96
-37640678#1,441267972,10936505658,3,highway.residential,50.004000000000005,1,,tram rail_urban rail rail_electric rail_fast ship,0,residential,14.529476934838378,298.98183056974057,2555.96,2593.55,2543.25,2600.59
-37640678#2,3340881095,441267972,3,highway.residential,50.004000000000005,1,,tram rail_urban rail rail_electric rail_fast ship,0,residential,18.463014380105992,293.1211693381854,2572.94,2586.3,2555.96,2593.55
-37640678#3,441267973,3340881095,3,highway.residential,50.004000000000005,1,,tram rail_urban rail rail_electric rail_fast ship,0,residential,33.4267033971343,293.1288192017519,2603.68,2573.17,2572.94,2586.3
-37640679#0,9719060057,441267975,3,highway.residential,50.004000000000005,1,,tram rail_urban rail rail_electric rail_fast ship,0,residential,29.696048694758147,49.13384139706602,2857.47,2734.25,2879.65,2753.44
-37640679#1,9719060053,9719060057,3,highway.residential,50.004000000000005,1,,tram rail_urban rail rail_electric rail_fast ship,0,residential,48.28729086547925,57.85373303217273,2816.59,2708.56,2857.47,2734.25
-37640679#2,441267981,9719060053,3,highway.residential,50.004000000000005,1,,tram rail_urban rail rail_electric rail_fast ship,0,residential,143.68972964013426,68.26910699015986,2683.44,2655.49,2816.59,2708.56
-37640683,441268012,441268010,3,highway.residential,50.004000000000005,1,,tram rail_urban rail rail_electric rail_fast ship,0,residential,17.05531397112184,211.40879701398472,3142.96,3133.43,3134.1,3118.92
-394443146,3974531815,3974531809,3,highway.residential,50.004000000000005,1,,tram rail_urban rail rail_electric rail_fast ship,0,residential,100.38391670945529,205.65880273022557,3578.59,969.31,3535.86,880.36
-394443147#0,3974531809,3974531806,3,highway.residential,50.004000000000005,1,,tram rail_urban rail rail_electric rail_fast ship,0,residential,150.27812711495943,206.06952235838892,3535.86,880.36,3475.64,757.27
-394443147#1,3974531813,3974531809,3,highway.residential,50.004000000000005,1,,tram rail_urban rail rail_electric rail_fast ship,0,residential,23.375957994638632,122.55194009273504,3517.97,891.78,3535.86,880.36
-394443149#0,3974531835,3254769376,3,highway.residential,50.004000000000005,1,,tram rail_urban rail rail_electric rail_fast ship,0,residential,56.27997143812683,339.67473417863613,3648.18,1075.03,3628.7,1127.62
-394443149#1,3974531838,3974531835,3,highway.residential,50.004000000000005,1,,tram rail_urban rail rail_electric rail_fast ship,0,residential,82.08366460644488,242.61462183830116,3688.12,1095.72,3648.18,1075.03
-394443151#0,1663642244,477356672,3,highway.residential,29.988,1,,tram rail_urban rail rail_electric rail_fast ship,0,residential,249.9648871254361,216.701150509842,3238.15,1467.54,3088.8,1267.18
-394443151#1,1663642246,1663642244,3,highway.residential,29.988,1,,tram rail_urban rail rail_electric rail_fast ship,0,residential,11.828051403337643,219.85518855508425,3245.73,1476.62,3238.15,1467.54
-394443151#2,3974531856,1663642246,3,highway.residential,29.988,1,,tram rail_urban rail rail_electric rail_fast ship,0,residential,96.89618942555813,216.98938198144918,3304.01,1553.99,3245.73,1476.62
-394443152#0,3974531825,3974531818,3,highway.residential,50.004000000000005,1,,tram rail_urban rail rail_electric rail_fast ship,0,residential,89.07275279908364,226.3282212960402,3583.85,1047.64,3522.51,989.08
-394443152#1,3974531835,3974531825,3,highway.residential,50.004000000000005,1,,tram rail_urban rail rail_electric rail_fast ship,0,residential,71.1739903380391,246.93698743753103,3648.18,1075.03,3583.85,1047.64
-394443153#0,3262396894,1663642190,3,highway.residential,50.004000000000005,1,,tram rail_urban rail rail_electric rail_fast ship,0,residential,116.84407197506866,312.9767675739441,4076.28,2009.48,4012.83,2068.6
-394443153#1,1663642187,3262396894,3,highway.residential,50.004000000000005,1,,tram rail_urban rail rail_electric rail_fast ship,0,residential,60.77807663952491,256.30443136113854,4135.33,2023.87,4076.28,2009.48
-394446866,3974576101,3974576099,3,highway.residential,50.004000000000005,1,,tram rail_urban rail rail_electric rail_fast ship,0,residential,83.75634479743982,90.83990777615423,4701.62,2565.51,4782.11,2564.33
-394446867#0,423341314,423329664,10,highway.tertiary,50.004000000000005,1,,tram rail_urban rail rail_electric rail_fast ship,0,tertiary,56.8770251001642,239.99212352939958,3436.93,2628.67,3387.79,2600.29
-394446867#1,3400054762,423341314,10,highway.tertiary,50.004000000000005,1,,tram rail_urban rail rail_electric rail_fast ship,0,tertiary,80.81544567412371,236.56359117634867,3504.37,2673.2,3436.93,2628.67
-394446869,3974576065,3974569750,3,highway.residential,50.004000000000005,1,,tram rail_urban rail rail_electric rail_fast ship,0,residential,331.6859068945042,214.96125536226154,3077.41,2050.7,2987.36,1921.91
-394446871#0,9972395442,3974576094,3,highway.residential,50.004000000000005,1,,tram rail_urban rail rail_electric rail_fast ship,0,residential,7.173318618323932,259.8023150886602,4323.15,2382.09,4316.09,2380.82
-394446871#1,3974576095,9972395442,3,highway.residential,50.004000000000005,1,,tram rail_urban rail rail_electric rail_fast ship,0,residential,89.59670362239923,259.79753676823395,4411.33,2397.96,4323.15,2382.09
-394446872#0,3974576065,3974569756,3,highway.residential,50.004000000000005,1,,tram rail_urban rail rail_electric rail_fast ship,0,residential,72.7456590754505,195.66132440978353,3077.41,2050.7,3059.61,1987.21
-394446872#1,3974576073,3974576065,3,highway.residential,50.004000000000005,1,,tram rail_urban rail rail_electric rail_fast ship,0,residential,39.71263085375731,132.86763156344642,3050.11,2076.04,3077.41,2050.7
-394446873#0,3974569750,418610140,12,highway.primary,50.004000000000005,1,,tram rail_urban rail rail_electric rail_fast ship,0,primary,169.38871778460887,201.81907467503595,2987.36,1921.91,2924.68,1765.35
-394446873#1,2471405414,3974569750,12,highway.primary,50.004000000000005,1,,tram rail_urban rail rail_electric rail_fast ship,0,primary,49.322775672096746,192.30326966326706,2997.87,1970.1,2987.36,1921.91
-394446873#2,418610143,2471405414,12,highway.primary,50.004000000000005,1,,tram rail_urban rail rail_electric rail_fast ship,0,primary,87.79271325115764,192.13805936832003,3016.33,2055.93,2997.87,1970.1
-394446874#1,418610137,1766515560,12,highway.primary,50.004000000000005,1,,tram rail_urban rail rail_electric rail_fast ship,0,primary,169.7489895047531,219.99489648976504,2725.2,1531.5,2616.12,1401.48
-394446875,1663642233,3340880859,3,highway.residential,50.004000000000005,1,,tram rail_urban rail rail_electric rail_fast ship,0,residential,88.82471487045879,198.76292636501302,4088.51,2143.15,4067.72,2081.95
-394446876#0,5326376767,3974576096,3,highway.residential,50.004000000000005,1,,tram rail_urban rail rail_electric rail_fast ship,0,residential,39.16715331665527,217.33675703832492,4463.66,2580.65,4439.99,2549.62
-394446876#1,429655331,5326376767,3,highway.residential,50.004000000000005,1,,tram rail_urban rail rail_electric rail_fast ship,0,residential,43.565514726705004,216.74659271530132,4488.68,2614.16,4463.66,2580.65
-394456356#0,9719060110,430957314,3,highway.residential,50.004000000000005,1,,tram rail_urban rail rail_electric rail_fast ship,0,residential,49.11415858357354,176.5656704310236,4533.99,3036.68,4536.93,2987.69
-394456356#1,430957521,9719060110,3,highway.residential,50.004000000000005,1,,tram rail_urban rail rail_electric rail_fast ship,0,residential,276.6483987861364,137.46113849936233,4365.66,3220.13,4533.99,3036.68
-394456359#0,3974640351,423411199,3,highway.residential,50.004000000000005,1,,tram rail_urban rail rail_electric rail_fast ship,0,residential,20.52118857536582,121.59260523218512,2962.07,3753.53,2979.24,3742.97
-394456359#1,3974640348,3974640351,3,highway.residential,50.004000000000005,1,,tram rail_urban rail rail_electric rail_fast ship,0,residential,24.529825275514938,343.04697634095083,2968.88,3731.19,2962.07,3753.53
-394456360,3974640357,3974640351,3,highway.residential,50.004000000000005,1,,tram rail_urban rail rail_electric rail_fast ship,0,residential,117.01260295787972,173.349621907695,2948.77,3867.6,2962.07,3753.53
-394456375,429503790,3974640293,3,highway.residential,50.004000000000005,1,,tram rail_urban rail rail_electric rail_fast ship,0,residential,47.90846480529269,204.39842539085663,4072.41,2784.7,4052.62,2741.07
-394456377,431339383,431337530,10,highway.tertiary,79.992,1,,tram rail_urban rail rail_electric rail_fast ship,0,tertiary,981.3031508197021,304.03989845030685,5572.15,2262.05,4917.19,2704.49
-394456379,430957314,429653976,11,highway.secondary,100.00800000000001,1,,tram rail_urban rail rail_electric rail_fast ship,0,secondary,40.751503039765495,263.75917756231985,4536.93,2987.69,4496.42,2983.26
-394456384,3974640336,3974640320,3,highway.residential,50.004000000000005,1,,tram rail_urban rail rail_electric rail_fast ship,0,residential,93.20632080312681,192.58955965189085,3495.97,3198.36,3475.68,3107.51
-394456385#0,4530855189,3974640266,3,highway.residential,50.004000000000005,1,,tram rail_urban rail rail_electric rail_fast ship,0,residential,11.944488268653323,126.35183204379729,3612.26,2308.67,3621.88,2301.59
-394456385#1,3974640274,4530855189,3,highway.residential,50.004000000000005,1,,tram rail_urban rail rail_electric rail_fast ship,0,residential,91.91245594305225,111.59375391788325,3532.7,2340.16,3612.26,2308.67
-394456402#0,9442763201,1687124677,3,highway.residential,50.004000000000005,1,,tram rail_urban rail rail_electric rail_fast ship,0,residential,53.728768297289534,323.26319335638993,3332.04,4170.18,3300.11,4212.96
-394456402#1,1687124747,9442763201,3,highway.residential,50.004000000000005,1,,tram rail_urban rail rail_electric rail_fast ship,0,residential,52.636351216830704,330.2333394474262,3357.96,4124.86,3332.04,4170.18
-394456408#0,4314812339,1222774761,4,highway.unclassified,50.004000000000005,1,,tram rail_urban rail rail_electric rail_fast ship,0,unclassified,395.6659180266794,197.2750723385503,3943.38,1115.61,3826.52,739.84
-394459768,3974700323,3974700315,3,highway.residential,50.004000000000005,1,,tram rail_urban rail rail_electric rail_fast ship,0,residential,102.97759805010168,179.83215814191556,5157.47,3215.01,5157.77,3112.6
-394459769#0,3974700345,3974700337,3,highway.residential,50.004000000000005,1,,tram rail_urban rail rail_electric rail_fast ship,0,residential,159.57982956863964,240.47036822818853,5401.4,3794.54,5265.52,3717.57
-394459769#1,1532578485,3974700345,3,highway.residential,50.004000000000005,1,,tram rail_urban rail rail_electric rail_fast ship,0,residential,76.05458145815113,205.65834392537536,5432.36,3858.99,5401.4,3794.54
-394459774,3974700326,3974700330,3,highway.residential,50.004000000000005,1,,tram rail_urban rail rail_electric rail_fast ship,0,residential,205.44886756159488,69.11592652942664,5316.05,3299.48,5502.66,3370.68
-394700695#0,1037893368,2513116124,10,highway.tertiary,79.992,1,,tram rail_urban rail rail_electric rail_fast ship,0,tertiary,327.16972493608057,215.28390847347583,4948.42,4522.47,4759.67,4255.73
-394700695#1,2513116208,1037893368,10,highway.tertiary,79.992,1,,tram rail_urban rail rail_electric rail_fast ship,0,tertiary,672.1766376922228,217.38818386474864,5355.48,5055.11,4948.42,4522.47
-394700695#2,3976679088,2513116208,10,highway.tertiary,79.992,1,,tram rail_urban rail rail_electric rail_fast ship,0,tertiary,4288.7393303082645,194.9381171304005,6421.89,9052.27,5355.48,5055.11
-476687231#0,423422155,6333711041,3,highway.residential,50.004000000000005,1,,tram rail_urban rail rail_electric rail_fast ship,0,residential,48.78699929284454,293.0860192171183,3966.78,3684.75,3921.9,3703.88
-476687231#1,9442787184,423422155,3,highway.residential,50.004000000000005,1,,tram rail_urban rail rail_electric rail_fast ship,0,residential,73.24065791818224,295.20654030703764,4033.0,3653.58,3966.78,3684.75
-476687231#2,430918670,9442787184,3,highway.residential,50.004000000000005,1,,tram rail_urban rail rail_electric rail_fast ship,0,residential,15.098145581494332,296.2595670957047,4046.54,3646.9,4033.0,3653.58
-476687231#3,423425135,430918670,3,highway.residential,50.004000000000005,1,,tram rail_urban rail rail_electric rail_fast ship,0,residential,95.94391259751023,303.91322101046126,4125.73,3593.66,4046.54,3646.9
-48956015,621155736,621155613,3,highway.residential,50.004000000000005,1,,tram rail_urban rail rail_electric rail_fast ship,0,residential,43.16263430329526,163.4291729606182,4126.99,2935.43,4139.3,2894.06
-494235944#0,2466457229,429521217,10,highway.tertiary,79.992,1,,tram rail_urban rail rail_electric rail_fast ship,0,tertiary,12.224896727580347,330.121413291462,4593.08,1265.62,4586.99,1276.22
-508751758#0,3262396897,9972395328,10,highway.tertiary,79.992,1,,tram rail_urban rail rail_electric rail_fast ship,0,tertiary,13.275089453559215,349.67199124459074,4312.31,2405.67,4309.93,2418.73
-508751758#1,9972395334,3262396897,10,highway.tertiary,79.992,1,,tram rail_urban rail rail_electric rail_fast ship,0,tertiary,16.99583478385236,350.85912491381686,4315.01,2388.89,4312.31,2405.67
-508751758#2,3974576094,9972395334,10,highway.tertiary,79.992,1,,tram rail_urban rail rail_electric rail_fast ship,0,tertiary,8.141946941610167,352.3774551096245,4316.09,2380.82,4315.01,2388.89
-509025806#0,9897124723,9897124748,10,highway.tertiary,79.992,1,,tram rail_urban rail rail_electric rail_fast ship,0,tertiary,38.78014514640228,319.9901060430671,3152.61,1197.32,3127.68,1227.02
-509025806#1,12384666225,9897124723,10,highway.tertiary,79.992,1,,tram rail_urban rail rail_electric rail_fast ship,0,tertiary,22.706908640323494,317.9452682037914,3167.82,1180.46,3152.61,1197.32
-509025806#2,477356673,12384666225,10,highway.tertiary,79.992,1,,tram rail_urban rail rail_electric rail_fast ship,0,tertiary,39.84876660575596,317.94973235455865,3194.51,1150.87,3167.82,1180.46
-509025807#0,6100223501,2511999100,10,highway.tertiary,79.992,1,,tram rail_urban rail rail_electric rail_fast ship,0,tertiary,72.45833356300406,308.64250880427977,2842.47,1452.36,2785.91,1497.58
-509025807#1,6100223498,6100223501,10,highway.tertiary,79.992,1,,tram rail_urban rail rail_electric rail_fast ship,0,tertiary,28.900036332157192,308.5235742877223,2865.08,1434.36,2842.47,1452.36
-509025807#2,9897114305,6100223498,10,highway.tertiary,79.992,1,,tram rail_urban rail rail_electric rail_fast ship,0,tertiary,87.5449913031846,306.71936076024696,2935.25,1382.02,2865.08,1434.36
-509025807#3,6085692942,9897114305,10,highway.tertiary,79.992,1,,tram rail_urban rail rail_electric rail_fast ship,0,tertiary,19.79951567999109,307.14879184478673,2950.97,1370.11,2935.25,1382.02
-550211682,703891016,2511999115,12,highway.primary,100.00800000000001,1,,tram rail_urban rail rail_electric rail_fast ship,0,primary,174.63461452373014,142.33930423798574,3293.94,2452.94,3400.54,2314.82
-551044538#0,5321863284,4271010196,4,highway.unclassified,29.988,1,,tram rail_urban rail rail_electric rail_fast ship,0,unclassified,82.71585700456684,176.59693121890405,2997.17,2830.83,3002.08,2748.26
-551044538#1,5321863283,5321863284,4,highway.unclassified,29.988,1,,tram rail_urban rail rail_electric rail_fast ship,0,unclassified,18.882653415237936,176.62997572297115,2996.06,2849.68,2997.17,2830.83
-551044539,5321863285,5321863284,4,highway.unclassified,29.988,1,,tram rail_urban rail rail_electric rail_fast ship,0,unclassified,39.63763993983509,267.86017861887086,3036.78,2832.31,2997.17,2830.83
-599886761#0,418610139,12390308742,12,highway.primary,50.004000000000005,2,,tram rail_urban rail rail_electric rail_fast ship,0,primary,151.87506175188847,221.26935556654468,2909.66,1739.45,2809.52,1625.34
-599886761#1,418610140,418610139,12,highway.primary,50.004000000000005,2,,tram rail_urban rail rail_electric rail_fast ship,0,primary,29.940113560238753,210.11042236619076,2924.68,1765.35,2909.66,1739.45
-599886769,2023683308,10152611760,12,highway.primary,100.00800000000001,1,,tram rail_urban rail rail_electric rail_fast ship,0,primary,357.56837657725714,262.17050567310656,5295.86,1903.08,4942.57,1854.5
-607476021,2513116138,5757100185,3,highway.residential,50.004000000000005,1,,tram rail_urban rail rail_electric rail_fast ship,0,residential,78.70723268757119,86.10917489543658,5220.06,3491.0,5288.43,3495.65
-607476276,2513116085,4860226906,3,highway.residential,50.004000000000005,1,,tram rail_urban rail rail_electric rail_fast ship,0,residential,219.2664562836376,219.9877375344885,5450.74,3480.37,5311.77,3314.68
-610135148#0,5900283518,477356701,11,highway.secondary,100.00800000000001,1,,tram rail_urban rail rail_electric rail_fast ship,0,secondary,155.09918644977853,197.57137620467108,4592.39,1519.3,4545.58,1371.48
-610135148#1,10092616465,5900283518,11,highway.secondary,100.00800000000001,1,,tram rail_urban rail rail_electric rail_fast ship,0,secondary,85.2474864859501,195.84107247831955,4615.66,1601.31,4592.39,1519.3
-610220874#0,9497470958,5779266070,3,highway.residential,50.004000000000005,1,,tram rail_urban rail rail_electric rail_fast ship,0,residential,16.009297298757378,214.2062317557446,3470.33,2026.44,3461.33,2013.2
-610220874#1,5779266071,9497470958,3,highway.residential,50.004000000000005,1,,tram rail_urban rail rail_electric rail_fast ship,0,residential,142.43286278103113,214.75672193218824,3551.53,2143.46,3470.33,2026.44
-617837421#0,2513116004,416862695,11,highway.secondary,79.992,1,,tram rail_urban rail rail_electric rail_fast ship,0,secondary,444.8116086793496,170.75462677352448,4609.14,4657.35,4680.57,4218.53
-617837421#1,5840037268,2513116004,11,highway.secondary,79.992,1,,tram rail_urban rail rail_electric rail_fast ship,0,secondary,2740.5997155530254,164.27189966558694,3867.1,7292.28,4609.14,4657.35
-648178450#0,4983153143,6085692941,10,highway.tertiary,79.992,1,,tram rail_urban rail rail_electric rail_fast ship,0,tertiary,141.40253371114397,306.6728273473608,3081.19,1273.18,2967.86,1357.57
-648178450#1,477356672,4983153143,10,highway.tertiary,79.992,1,,tram rail_urban rail rail_electric rail_fast ship,0,tertiary,9.690825558227841,308.25352750548825,3088.8,1267.18,3081.19,1273.18
-648178452#0,9897114307,6085692943,3,highway.residential,50.004000000000005,1,,tram rail_urban rail rail_electric rail_fast ship,0,residential,45.90626437847833,175.56767036511246,2960.72,1411.57,2963.75,1372.48
-648178452#1,9719107999,9897114307,3,highway.residential,50.004000000000005,1,,tram rail_urban rail rail_electric rail_fast ship,0,residential,285.17728784664985,176.26410906581384,2943.6,1673.76,2960.72,1411.57
-648178452#2,418610139,9719107999,3,highway.residential,50.004000000000005,1,,tram rail_urban rail rail_electric rail_fast ship,0,residential,74.8705522520377,152.67599395885054,2909.66,1739.45,2943.6,1673.76
-650145324#0,2510773439,2510773343,4,highway.unclassified,50.004000000000005,1,,tram rail_urban rail rail_electric rail_fast ship,0,unclassified,219.93407180696886,204.63673170211743,3821.83,2133.88,3741.44,1958.59
-650145324#1,6100271241,2510773439,4,highway.unclassified,50.004000000000005,1,,tram rail_urban rail rail_electric rail_fast ship,0,unclassified,148.07263078779158,285.1556072007254,3944.66,2100.61,3821.83,2133.88
-650145324#2,2510773429,6100271241,4,highway.unclassified,50.004000000000005,1,,tram rail_urban rail rail_electric rail_fast ship,0,unclassified,15.93463209490599,290.03840241547334,3959.63,2095.15,3944.66,2100.61
-650145324#3,2510773390,2510773429,4,highway.unclassified,50.004000000000005,1,,tram rail_urban rail rail_electric rail_fast ship,0,unclassified,6.881634980148196,299.32147030248075,3965.63,2091.78,3959.63,2095.15
-650145327,2510773430,2510773441,4,highway.unclassified,50.004000000000005,1,,tram rail_urban rail rail_electric rail_fast ship,0,unclassified,25.924139329975908,326.54899553530333,3757.22,1923.51,3742.93,1945.14
-650145330#0,2510773434,2510773440,4,highway.unclassified,50.004000000000005,1,,tram rail_urban rail rail_electric rail_fast ship,0,unclassified,7.362806985579397,161.3081211525764,3733.28,1953.04,3735.54,1946.36
-650145330#1,2510773343,2510773434,4,highway.unclassified,50.004000000000005,1,,tram rail_urban rail rail_electric rail_fast ship,0,unclassified,10.880170997889508,235.77853660267346,3741.44,1958.59,3733.28,1953.04
-650145330#2,6100271231,2510773343,4,highway.unclassified,50.004000000000005,1,,tram rail_urban rail rail_electric rail_fast ship,0,unclassified,6.789572315883498,307.49930414319317,3746.64,1954.6,3741.44,1958.59
-650145330#3,2510773441,6100271231,4,highway.unclassified,50.004000000000005,1,,tram rail_urban rail rail_electric rail_fast ship,0,unclassified,11.297328137749655,21.41399875269917,3742.93,1945.14,3746.64,1954.6
-650145330#4,2510773440,2510773441,4,highway.unclassified,50.004000000000005,1,,tram rail_urban rail rail_electric rail_fast ship,0,unclassified,7.866336125097897,99.37429100938544,3735.54,1946.36,3742.93,1945.14
-697624157#0,1687073965,423402520,3,highway.residential,50.004000000000005,1,,tram rail_urban rail rail_electric rail_fast ship,0,residential,68.52963065483672,253.66811363687725,2891.39,3026.78,2825.73,3007.54
-697624157#1,423400279,1687073965,3,highway.residential,50.004000000000005,1,,tram rail_urban rail rail_electric rail_fast ship,0,residential,105.32351761761333,245.02946843904462,2986.82,3071.22,2891.39,3026.78
-697627694#0,131830868,6551565512,3,highway.residential,50.004000000000005,1,,tram rail_urban rail rail_electric rail_fast ship,0,residential,25.71792848372754,226.5387301041569,2686.84,2954.59,2668.3,2937.02
-697627694#1,423361240,131830868,3,highway.residential,50.004000000000005,1,,tram rail_urban rail rail_electric rail_fast ship,0,residential,10.783065426862581,204.78256278260127,2691.36,2964.38,2686.84,2954.59
-697627696,423361240,423366592,3,highway.residential,50.004000000000005,1,,tram rail_urban rail rail_electric rail_fast ship,0,residential,48.731222114860756,270.49184867172175,2691.36,2964.38,2643.6,2964.79
-697704135,1687124735,423413664,11,highway.secondary,100.00800000000001,1,,tram rail_urban rail rail_electric rail_fast ship,0,secondary,194.25757665595114,336.13603807095814,3316.76,3901.21,3238.17,4078.86
-698018295#0,2245121883,3471386122,10,highway.tertiary,50.004000000000005,1,,tram rail_urban rail rail_electric rail_fast ship,0,tertiary,33.622499985465716,92.88112683350874,3198.45,2739.98,3232.03,2738.29
-698018295#1,2245121875,2245121883,10,highway.tertiary,50.004000000000005,1,,tram rail_urban rail rail_electric rail_fast ship,0,tertiary,89.98359461590752,92.87925767364891,3108.58,2744.5,3198.45,2739.98
-698018295#2,418600143,2245121875,10,highway.tertiary,50.004000000000005,1,,tram rail_urban rail rail_electric rail_fast ship,0,tertiary,17.3797932307437,92.8739478183112,3091.25,2745.37,3108.58,2744.5
-698018295#3,418600142,418600143,10,highway.tertiary,50.004000000000005,1,,tram rail_urban rail rail_electric rail_fast ship,0,tertiary,27.29644115997565,92.9609361341644,3063.99,2746.78,3091.25,2745.37
-698024152#0,1767322353,12698229059,3,highway.residential,50.004000000000005,1,,tram rail_urban rail rail_electric rail_fast ship,0,residential,19.96953978164975,326.9388312930597,3550.32,1449.75,3539.43,1466.48
-698024152#1,1767335334,1767322353,3,highway.residential,50.004000000000005,1,,tram rail_urban rail rail_electric rail_fast ship,0,residential,62.29338536957361,335.02067237221,3576.39,1393.79,3550.32,1449.75
-698024153,1767322362,1767344724,3,highway.residential,50.004000000000005,1,,tram rail_urban rail rail_electric rail_fast ship,0,residential,69.49853865518183,8.974341184710795,3648.65,1196.8,3659.49,1265.44
-698026762,431337530,4980006045,11,highway.secondary,100.00800000000001,1,,tram rail_urban rail rail_electric rail_fast ship,0,secondary,7.946879890874726,288.18415314070114,4917.19,2704.49,4909.64,2706.97
-707542551#0,12390308736,11492610792,3,highway.residential,50.004000000000005,1,,tram rail_urban rail rail_electric rail_fast ship,0,residential,48.50960804001814,261.4885335770809,2592.65,2954.65,2544.74,2947.48
-707542551#1,423366587,12390308736,3,highway.residential,50.004000000000005,1,,tram rail_urban rail rail_electric rail_fast ship,0,residential,17.102847716096754,260.1356280703031,2609.5,2957.58,2592.65,2954.65
-707542552,423366592,423366587,3,highway.residential,50.004000000000005,1,,tram rail_urban rail rail_electric rail_fast ship,0,residential,34.853896482315925,258.06138998273207,2643.6,2964.79,2609.5,2957.58
-710476024#0,3262396898,431334400,10,highway.tertiary,79.992,1,,tram rail_urban rail rail_electric rail_fast ship,0,tertiary,42.15167602651603,163.582068450487,4297.36,2462.96,4309.27,2422.54
-710476024#1,1663593216,3262396898,10,highway.tertiary,79.992,1,,tram rail_urban rail rail_electric rail_fast ship,0,tertiary,5.012953221405215,149.29106393412502,4294.8,2467.27,4297.36,2462.96
-710476653#0,3400054749,3400054762,10,highway.tertiary,50.004000000000005,1,,tram rail_urban rail rail_electric rail_fast ship,0,tertiary,25.882573442345812,236.56779857900807,3525.97,2687.46,3504.37,2673.2
-710476653#1,3400054740,3400054749,10,highway.tertiary,50.004000000000005,1,,tram rail_urban rail rail_electric rail_fast ship,0,tertiary,21.622303300065106,237.61823067494464,3544.23,2699.04,3525.97,2687.46
-710476923,3254769439,423361227,3,highway.residential,50.004000000000005,1,,tram rail_urban rail rail_electric rail_fast ship,0,residential,81.52887192805446,232.87036176060718,2634.77,2903.39,2570.05,2854.39
-710478296,418600284,423356668,10,highway.tertiary,50.004000000000005,1,,tram rail_urban rail rail_electric rail_fast ship,0,tertiary,105.79610214939123,92.17220948207489,2357.79,2773.89,2463.51,2769.88
-710478618#0,3433618582,423366573,3,highway.residential,50.004000000000005,1,,tram rail_urban rail rail_electric rail_fast ship,0,residential,45.60916254926069,282.8371619861506,2458.9,2951.67,2414.49,2961.79
-710478618#1,3204645807,3433618582,3,highway.residential,50.004000000000005,1,,tram rail_urban rail rail_electric rail_fast ship,0,residential,70.14134829474851,272.81246999589996,2528.72,2948.24,2458.9,2951.67
-710478618#2,3204645804,3204645807,3,highway.residential,50.004000000000005,1,,tram rail_urban rail rail_electric rail_fast ship,0,residential,8.276351853323032,273.60224443330617,2536.98,2947.72,2528.72,2948.24
-710478629#0,10936505649,3254769434,10,highway.tertiary,50.004000000000005,1,,tram rail_urban rail rail_electric rail_fast ship,0,tertiary,8.918099573339461,92.44211110089418,2522.03,2767.52,2530.94,2767.14
-710478629#1,423356668,10936505649,10,highway.tertiary,50.004000000000005,1,,tram rail_urban rail rail_electric rail_fast ship,0,tertiary,58.567567817009426,92.30937810863111,2463.51,2769.88,2522.03,2767.52
-719004326,418610137,2511999113,12,highway.primary,50.004000000000005,1,,tram rail_urban rail rail_electric rail_fast ship,0,primary,10.17805973651159,41.69431323134279,2725.2,1531.5,2731.97,1539.1
-734943619,3340881095,3340881074,3,highway.residential,50.004000000000005,1,,tram rail_urban rail rail_electric rail_fast ship,0,residential,239.2441435428828,106.06060150819388,2572.94,2586.3,2794.83,2522.42
-777654407,429503796,621155637,3,highway.residential,50.004000000000005,1,,tram rail_urban rail rail_electric rail_fast ship,0,residential,33.02821369677744,20.283974035345693,4122.55,2754.63,4134.0,2785.61
-859784039#0,3974640333,9719107937,11,highway.secondary,100.00800000000001,1,,tram rail_urban rail rail_electric rail_fast ship,0,secondary,104.36764848738108,196.20706340903425,4357.41,3191.99,4328.28,3091.77
-859784039#1,430957521,3974640333,11,highway.secondary,100.00800000000001,1,,tram rail_urban rail rail_electric rail_fast ship,0,secondary,29.324428383176006,196.3399221550698,4365.66,3220.13,4357.41,3191.99
-859784611,429653979,430951504,11,highway.secondary,50.004000000000005,1,,tram rail_urban rail rail_electric rail_fast ship,0,secondary,119.64785531567452,10.988032968777986,4823.22,3079.24,4845.11,3191.98
-859785184,429653979,429654069,11,highway.secondary,50.004000000000005,1,,tram rail_urban rail rail_electric rail_fast ship,0,secondary,385.8961967775869,171.58009634779398,4823.22,3079.24,4876.73,2717.74
-878854447,1697838087,1697838035,10,highway.tertiary,79.992,1,,tram rail_urban rail rail_electric rail_fast ship,0,tertiary,7.894973084184545,316.74503057976096,4184.19,2735.16,4178.78,2740.91
-878854448,8176004097,1697838087,10,highway.tertiary,79.992,1,,tram rail_urban rail rail_electric rail_fast ship,0,tertiary,20.381553112646394,317.6449894707773,4197.92,2720.1,4184.19,2735.16
-918716575,429514061,1687286974,10,highway.tertiary,10.008,1,,tram rail_urban rail rail_electric rail_fast ship,0,tertiary,11.60980619993271,111.52647983295094,3831.15,2898.92,3841.95,2894.66
-932857453,429521228,429521761,4,highway.unclassified,50.004000000000005,1,,tram rail_urban rail rail_electric rail_fast ship,0,unclassified,5.630719314617161,195.34436439336935,4122.22,1326.94,4120.73,1321.51
1024000539#0,430921309,1687124785,3,highway.residential,50.004000000000005,1,,tram rail_urban rail rail_electric rail_fast ship,0,residential,185.03542831931532,270.06990128233394,4351.7,3281.2,4179.57,3281.41
1024000539#1,1687124785,3340881357,3,highway.residential,50.004000000000005,1,,tram rail_urban rail rail_electric rail_fast ship,0,residential,106.3303926448123,281.21482355410717,4179.57,3281.41,4075.27,3302.09
1024000539#2,3340881357,430920519,3,highway.residential,50.004000000000005,1,,tram rail_urban rail rail_electric rail_fast ship,0,residential,31.928160390181297,284.872428084898,4075.27,3302.09,4044.43,3310.28
1024000539#3,430920519,3340881368,3,highway.residential,50.004000000000005,1,,tram rail_urban rail rail_electric rail_fast ship,0,residential,47.24399240726884,281.0839194847166,4044.43,3310.28,3998.08,3319.36
1057740851,1697857752,9719060086,3,highway.residential,50.004000000000005,1,,tram rail_urban rail rail_electric rail_fast ship,0,residential,85.4598001032387,31.35469302052934,4210.41,3007.03,4245.33,3064.34
1057740871#0,1687286936,9719107957,3,highway.residential,50.004000000000005,1,,tram rail_urban rail rail_electric rail_fast ship,0,residential,6.704811705036712,208.89690207652242,3837.52,2772.48,3834.28,2766.61
1057740871#1,9719107957,429483724,3,highway.residential,50.004000000000005,1,,tram rail_urban rail rail_electric rail_fast ship,0,residential,40.487143607304915,203.39751402755758,3834.28,2766.61,3818.21,2729.47
1057740876,9719107999,9719107989,4,highway.unclassified,50.004000000000005,1,,tram rail_urban rail rail_electric rail_fast ship,0,unclassified,266.5149039534316,42.77733191373244,2943.6,1673.76,3119.06,1863.39
1057740877#0,9719108001,10152611762,4,highway.unclassified,29.988,1,,tram rail_urban rail rail_electric rail_fast ship,0,unclassified,13.820032561466414,269.87562440770694,4760.25,1609.48,4746.43,1609.45
1057740877#1,10152611762,10152611763,4,highway.unclassified,29.988,1,,tram rail_urban rail rail_electric rail_fast ship,0,unclassified,104.06040409300785,269.8403254560521,4746.43,1609.45,4642.37,1609.16
1057740877#2,10152611763,10092616463,4,highway.unclassified,29.988,1,,tram rail_urban rail rail_electric rail_fast ship,0,unclassified,8.670024193508116,269.8678300394854,4642.37,1609.16,4633.7,1609.14
1057740878,5778604533,9719108008,4,highway.unclassified,50.004000000000005,1,,tram rail_urban rail rail_electric rail_fast ship,0,unclassified,30.451833711365417,54.31770260357581,4561.96,1319.62,4586.65,1337.35
1057740879,9719108002,9719108001,4,highway.unclassified,50.004000000000005,1,,tram rail_urban rail rail_electric rail_fast ship,0,unclassified,216.84401767168944,0.3487801824770145,4758.93,1392.64,4760.25,1609.48
1057740880#0,9719108008,9719108002,4,highway.unclassified,50.004000000000005,1,,tram rail_urban rail rail_electric rail_fast ship,0,unclassified,180.9387947593059,72.20695176076458,4586.65,1337.35,4758.93,1392.64
1057740880#1,9719108002,9719108003,4,highway.unclassified,50.004000000000005,1,,tram rail_urban rail rail_electric rail_fast ship,0,unclassified,18.848872645333433,72.33407585965665,4758.93,1392.64,4776.89,1398.36
1057740881,9719108008,9719108005,4,highway.unclassified,50.004000000000005,1,,tram rail_urban rail rail_electric rail_fast ship,0,unclassified,32.80826107897226,265.6106739965867,4586.65,1337.35,4553.95,1334.84
106219259,1222774784,1222774761,4,highway.unclassified,50.004000000000005,1,,tram rail_urban rail rail_electric rail_fast ship,0,unclassified,397.3283717627742,34.35700734975717,3603.84,414.1,3826.52,739.84
1079723591,9897114285,4983153143,4,highway.unclassified,50.004000000000005,1,,tram rail_urban rail rail_electric rail_fast ship,0,unclassified,55.25198461710576,57.446090852359646,3034.62,1243.45,3081.19,1273.18
1079723596,9897114302,9897114298,4,highway.unclassified,50.004000000000005,1,,tram rail_urban rail rail_electric rail_fast ship,0,unclassified,105.15828847655608,229.32220292170786,2938.51,1341.96,2866.43,1280.01
1079723597#0,6085692953,9897114302,4,highway.unclassified,50.004000000000005,1,,tram rail_urban rail rail_electric rail_fast ship,0,unclassified,21.03845624079149,209.0678578068009,2948.71,1360.31,2938.51,1341.96
1079723597#1,9897114302,6085692948,4,highway.unclassified,50.004000000000005,1,,tram rail_urban rail rail_electric rail_fast ship,0,unclassified,23.443450334445796,62.74002061609605,2938.51,1341.96,2959.16,1352.6
1079723603,1766536971,5263712552,10,highway.tertiary,79.992,1,,tram rail_urban rail rail_electric rail_fast ship,0,tertiary,15.170843747135653,217.47418141738322,3195.13,1096.64,3185.9,1084.6
1088466838#0,9972369512,9972395432,10,highway.tertiary,79.992,1,,tram rail_urban rail rail_electric rail_fast ship,0,tertiary,8.074187265602065,75.58511766168402,4159.4,2385.81,4167.22,2387.82
1088466838#1,9972395432,1663593028,10,highway.tertiary,79.992,1,,tram rail_urban rail rail_electric rail_fast ship,0,tertiary,8.882184416008807,76.5895730365969,4167.22,2387.82,4175.86,2389.88
1102935201,2511999107,2511999113,12,highway.primary,50.004000000000005,2,,tram rail_urban rail rail_electric rail_fast ship,0,primary,23.855282433876187,221.99256824262415,2747.93,1556.83,2731.97,1539.1
1102935202,10092616465,10092616463,4,highway.unclassified,50.004000000000005,1,,tram rail_urban rail rail_electric rail_fast ship,0,unclassified,19.775494823431877,66.53744602128234,4615.66,1601.31,4633.7,1609.14
1102935203,10092616465,9719108000,11,highway.secondary,100.00800000000001,1,,tram rail_urban rail rail_electric rail_fast ship,0,secondary,22.97222018003509,15.839191217196742,4615.66,1601.31,4621.93,1623.41
1102935204,10092616463,9719108000,4,highway.unclassified,50.004000000000005,1,,tram rail_urban rail rail_electric rail_fast ship,0,unclassified,18.58899408019807,320.48393927721753,4633.7,1609.14,4621.93,1623.41
1102935205,9719108000,2010682070,11,highway.secondary,100.00800000000001,1,,tram rail_urban rail rail_electric rail_fast ship,0,secondary,122.19356656521607,15.899659263472358,4621.93,1623.41,4655.4,1740.91
1109771198#0,429515276,10152611637,3,highway.residential,50.004000000000005,1,,tram rail_urban rail rail_electric rail_fast ship,0,residential,31.261233638541746,183.27258453850953,3842.79,2811.37,3841.01,2780.24
1109771198#1,10152611637,1687286936,3,highway.residential,50.004000000000005,1,,tram rail_urban rail rail_electric rail_fast ship,0,residential,8.602144879647195,204.21546392282514,3841.01,2780.24,3837.52,2772.48
1109772705,3064106031,10152611759,12,highway.primary,100.00800000000001,1,,tram rail_urban rail rail_electric rail_fast ship,0,primary,137.28112285709315,71.86713508892598,4664.87,1771.41,4794.83,1813.97
1109772706,10152611759,5705784632,12,highway.primary,100.00800000000001,1,,tram rail_urban rail rail_electric rail_fast ship,0,primary,79.98813036944944,258.8193080196572,4794.08,1817.08,4715.61,1801.57
1109772709,2023683308,431325283,12,highway.primary,100.00800000000001,1,,tram rail_urban rail rail_electric rail_fast ship,0,primary,115.71205394570617,91.10922734535058,5295.86,1903.08,5411.55,1900.84
1109772710,10152611759,10152611760,12,highway.primary,100.00800000000001,1,,tram rail_urban rail rail_electric rail_fast ship,0,primary,153.259409219072,75.25738860773049,4794.36,1815.5,4942.57,1854.5
1119243206,1675788426,423389702,4,highway.unclassified,50.004000000000005,1,,tram rail_urban rail rail_electric rail_fast ship,0,unclassified,25.685501747094893,56.14288985833991,2783.74,3417.09,2805.07,3431.4
1119243207,441268024,423389699,3,highway.residential,50.004000000000005,1,,tram rail_urban rail rail_electric rail_fast ship,0,residential,117.8075967232483,252.22028906221033,2935.69,3435.35,2830.1,3401.49
1119245056,430938925,6333711041,3,highway.residential,50.004000000000005,1,,tram rail_urban rail rail_electric rail_fast ship,0,residential,59.106927681956236,111.69520630948284,3866.98,3725.73,3921.9,3703.88
1119245057#0,423425148,423425137,3,highway.residential,50.004000000000005,1,,tram rail_urban rail rail_electric rail_fast ship,0,residential,115.26635247033057,351.9686846179322,4131.75,3417.93,4116.05,3529.2
1119245057#1,423425137,423425135,3,highway.residential,50.004000000000005,1,,tram rail_urban rail rail_electric rail_fast ship,0,residential,65.30787660167876,8.54032765583895,4116.05,3529.2,4125.73,3593.66
1119245057#2,423425135,3340881679,3,highway.residential,50.004000000000005,1,,tram rail_urban rail rail_electric rail_fast ship,0,residential,142.36024343062437,5.154305561620788,4125.73,3593.66,4138.39,3734.01
1119245057#3,3340881679,3340881694,3,highway.residential,50.004000000000005,1,,tram rail_urban rail rail_electric rail_fast ship,0,residential,49.468186956898634,11.253125255361454,4138.39,3734.01,4148.04,3782.51
1119245058,3340881694,2513116050,3,highway.residential,50.004000000000005,1,,tram rail_urban rail rail_electric rail_fast ship,0,residential,72.85378566330513,22.15715201928691,4148.04,3782.51,4175.45,3849.82
1119245060#0,430894463,3340881462,11,highway.secondary,100.00800000000001,1,,tram rail_urban rail rail_electric rail_fast ship,0,secondary,34.45249592538532,109.94612407209809,4063.59,3447.45,4095.94,3435.71
1119245060#1,3340881462,423425148,11,highway.secondary,100.00800000000001,1,,tram rail_urban rail rail_electric rail_fast ship,0,secondary,39.981051762053525,116.40482849765044,4095.94,3435.71,4131.75,3417.93
1119245060#2,423425148,8916107651,11,highway.secondary,100.00800000000001,1,,tram rail_urban rail rail_electric rail_fast ship,0,secondary,16.91816183868641,116.73165223401435,4131.75,3417.93,4146.86,3410.32
1119245061,8916107651,3340881416,11,highway.secondary,100.00800000000001,1,,tram rail_urban rail rail_electric rail_fast ship,0,secondary,76.19181985285528,117.28814707231692,4146.86,3410.32,4214.57,3375.39
1119245064,1687124711,1687124785,3,highway.residential,50.004000000000005,1,,tram rail_urban rail rail_electric rail_fast ship,0,residential,19.472935819063427,350.83296434202987,4182.67,3262.2,4179.57,3281.41
1119245066#0,429655343,5757066087,3,highway.residential,50.004000000000005,1,,tram rail_urban rail rail_electric rail_fast ship,0,residential,26.34013085081102,56.038361927337405,4502.21,2882.65,4524.05,2897.36
1119245066#1,5757066087,1663642204,3,highway.residential,50.004000000000005,1,,tram rail_urban rail rail_electric rail_fast ship,0,residential,21.44067396328777,52.67580765271953,4524.05,2897.36,4541.1,2910.36
1119245067,1697857764,430895813,3,highway.residential,50.004000000000005,1,,tram rail_urban rail rail_electric rail_fast ship,0,residential,63.182218130044724,265.58738114855333,4209.29,2952.2,4146.31,2947.34
1119245068,1697857764,1801078053,3,highway.residential,50.004000000000005,1,,tram rail_urban rail rail_electric rail_fast ship,0,residential,4.751273513490875,1.3266125159003082,4209.29,2952.2,4209.4,2956.95
1119245069,621153280,621155613,10,highway.tertiary,50.004000000000005,1,,tram rail_urban rail rail_electric rail_fast ship,0,tertiary,36.62940521997724,254.82171099211035,4174.65,2903.65,4139.3,2894.06
1119245070,430895473,429653579,3,highway.residential,50.004000000000005,1,,tram rail_urban rail rail_electric rail_fast ship,0,residential,15.52998171630201,181.69770263391726,3986.26,2897.75,3985.8,2882.23
1119245072,2759219816,430943725,3,highway.residential,50.004000000000005,1,,tram rail_urban rail rail_electric rail_fast ship,0,residential,124.65935599184847,303.27918850119033,3735.09,3082.05,3639.06,3145.08
1119245073,131830869,1675788409,4,highway.unclassified,50.004000000000005,1,,tram rail_urban rail rail_electric rail_fast ship,0,unclassified,33.82138089664539,328.535856369134,2788.31,2996.86,2770.68,3025.67
1119245074,1687165275,1687165259,3,highway.residential,50.004000000000005,1,,tram rail_urban rail rail_electric rail_fast ship,0,residential,63.3758896569728,322.4931871303163,3019.39,3198.74,2980.83,3248.98
1119245115,430959632,2759219823,3,highway.residential,50.004000000000005,1,,tram rail_urban rail rail_electric rail_fast ship,0,residential,49.69695290917589,298.7890705596186,3794.04,3055.27,3756.57,3075.86
1119245264#0,3710856334,427667738,3,highway.residential,50.004000000000005,1,,tram rail_urban rail rail_electric rail_fast ship,0,residential,69.21516581689828,304.4601443109616,3287.5,3021.94,3230.67,3060.94
1119245264#1,427667738,423354944,3,highway.residential,50.004000000000005,1,,tram rail_urban rail rail_electric rail_fast ship,0,residential,57.66019008785701,302.8625101786576,3230.67,3060.94,3182.28,3092.2
1119245265,441268006,1687339920,3,highway.residential,29.988,1,,tram rail_urban rail rail_electric rail_fast ship,0,residential,27.279026742169428,28.293643049167827,3369.98,2917.82,3382.91,2941.84
1119245693,621155637,7257331823,3,highway.residential,50.004000000000005,1,,tram rail_urban rail rail_electric rail_fast ship,0,residential,8.311245394043004,107.65012421992986,4134.0,2785.61,4141.92,2783.09
1162674260,431334400,9972395328,10,highway.tertiary,79.992,1,,tram rail_urban rail rail_electric rail_fast ship,0,tertiary,3.8667428153420538,170.17227598883892,4309.27,2422.54,4309.93,2418.73
1165362990#1,3204645334,10839457927,2,highway.living_street,10.008,1,,tram rail_urban rail rail_electric rail_fast ship,0,living_street,13.426961681631594,156.145828688866,2620.98,2934.55,2626.41,2922.27
1165362990#2,10839457927,3254769439,2,highway.living_street,10.008,1,,tram rail_urban rail rail_electric rail_fast ship,0,living_street,20.64810067290714,156.116399735718,2626.41,2922.27,2634.77,2903.39
1237352048,430901229,430895473,3,highway.residential,50.004000000000005,1,,tram rail_urban rail rail_electric rail_fast ship,0,residential,71.8830604869028,187.54618494447635,3995.7,2969.01,3986.26,2897.75
1237369283,418600284,3204643489,4,highway.unclassified,50.004000000000005,1,,tram rail_urban rail rail_electric rail_fast ship,0,unclassified,104.44727881681567,64.87055726899831,2357.79,2773.89,2450.23,2817.25
1237371405,3204645804,11492610792,3,highway.residential,50.004000000000005,1,,tram rail_urban rail rail_electric rail_fast ship,0,residential,7.763710453127179,91.7714697400325,2536.98,2947.72,2544.74,2947.48
1238426234#0,418609058,3469068912,12,highway.primary,50.004000000000005,1,,tram rail_urban rail rail_electric rail_fast ship,0,primary,47.507863472650186,11.129772569516433,3036.99,2145.62,3046.14,2192.13
1238426234#1,3469068912,418600480,12,highway.primary,50.004000000000005,1,,tram rail_urban rail rail_electric rail_fast ship,0,primary,163.17094332171263,14.631961062202208,3046.14,2192.13,3087.33,2349.9
1238426236,1767322357,1767323500,3,highway.residential,50.004000000000005,1,,tram rail_urban rail rail_electric rail_fast ship,0,residential,24.411513676951962,248.1637231639208,3530.76,1094.11,3508.1,1085.03
1238426237,5263712552,1767285014,10,highway.tertiary,79.992,1,,tram rail_urban rail rail_electric rail_fast ship,0,tertiary,731.4994919384117,237.31364443889981,3185.9,1084.6,2574.65,692.39
1238426239,1767302227,1767302209,4,highway.unclassified,50.004000000000005,1,,tram rail_urban rail rail_electric rail_fast ship,0,unclassified,395.5387917842847,194.1697919956346,3066.82,738.33,2975.63,377.15
1238426240,12384666217,1767302227,4,highway.unclassified,50.004000000000005,1,,tram rail_urban rail rail_electric rail_fast ship,0,unclassified,581.6507152139146,206.01200895684548,3239.13,1091.43,3066.82,738.33
1238426242,1767322317,1767344724,3,highway.residential,50.004000000000005,1,,tram rail_urban rail rail_electric rail_fast ship,0,residential,32.0992347704192,170.53180852550145,3654.21,1297.1,3659.49,1265.44
1238426243,1767344707,5777445927,3,highway.residential,50.004000000000005,1,,tram rail_urban rail rail_electric rail_fast ship,0,residential,7.3046902740636295,112.87931120750898,3963.66,1582.8,3970.39,1579.96
1238948417,1687124747,1687124708,3,highway.residential,50.004000000000005,1,,tram rail_urban rail rail_electric rail_fast ship,0,residential,208.0999805994993,179.7492108832662,3357.96,4124.86,3358.72,3951.23
1238948418#0,2511985648,9897124748,10,highway.tertiary,79.992,1,,tram rail_urban rail rail_electric rail_fast ship,0,tertiary,1.4305593311708669,141.52784100789194,3126.79,1228.14,3127.68,1227.02
1238948418#1,9897124748,9897124723,10,highway.tertiary,79.992,1,,tram rail_urban rail rail_electric rail_fast ship,0,tertiary,38.78014514640228,139.99010604306704,3127.68,1227.02,3152.61,1197.32
1238956370,430908400,429513633,3,highway.residential,29.988,1,,tram rail_urban rail rail_electric rail_fast ship,0,residential,48.55720852767413,118.58126652617341,3609.18,2993.4,3651.82,2970.17
1238956371,429500997,1687350531,3,highway.residential,50.004000000000005,1,,tram rail_urban rail rail_electric rail_fast ship,0,residential,34.508435200686826,302.20249891959355,3412.37,2976.37,3383.17,2994.76
1239117012#0,429517442,6100271687,10,highway.tertiary,79.992,1,,tram rail_urban rail rail_electric rail_fast ship,0,tertiary,48.82781805726034,226.6565445370081,3903.72,2013.23,3868.32,1979.82
1239117012#1,6100271687,6100271699,10,highway.tertiary,79.992,1,,tram rail_urban rail rail_electric rail_fast ship,0,tertiary,48.71973431014758,237.0930141335786,3868.32,1979.82,3827.43,1953.36
1239117012#2,6100271699,2510773350,10,highway.tertiary,79.992,1,,tram rail_urban rail rail_electric rail_fast ship,0,tertiary,72.88100182518623,236.57413751145586,3827.43,1953.36,3766.69,1913.27
1239117012#3,2510773350,2510773365,10,highway.tertiary,79.992,1,,tram rail_urban rail rail_electric rail_fast ship,0,tertiary,32.8106193290345,233.56010104649562,3765.81,1914.61,3739.44,1895.14
1239117012#4,2510773365,429519019,10,highway.tertiary,79.992,1,,tram rail_urban rail rail_electric rail_fast ship,0,tertiary,18.544045756136565,236.1812552397401,3739.44,1895.14,3724.05,1884.83
1239117012#5,429519019,8010593583,10,highway.tertiary,79.992,1,,tram rail_urban rail rail_electric rail_fast ship,0,tertiary,110.58367912063534,212.69821370241942,3724.05,1884.83,3664.76,1792.47
1239117013#1,2510773346,2510773398,10,highway.tertiary,79.992,2,,tram rail_urban rail rail_electric rail_fast ship,0,tertiary,20.845060813680718,57.14091079389232,3731.65,1879.16,3749.16,1890.47
1239117013#2,2510773398,429517433,10,highway.tertiary,79.992,1,,tram rail_urban rail rail_electric rail_fast ship,0,tertiary,200.74574508736336,54.07045653606832,3750.03,1889.13,3912.16,2006.62
1239117016#0,3974640291,3471018057,4,highway.unclassified,50.004000000000005,1,,tram rail_urban rail rail_electric rail_fast ship,0,unclassified,11.384537759610478,40.4757419754593,4667.14,2523.2,4674.53,2531.86
1239117016#1,3471018057,3974576101,4,highway.unclassified,50.004000000000005,1,,tram rail_urban rail rail_electric rail_fast ship,0,unclassified,43.19942823695719,38.83587296358712,4674.53,2531.86,4701.62,2565.51
1239117016#2,3974576101,4980006045,4,highway.unclassified,50.004000000000005,1,,tram rail_urban rail rail_electric rail_fast ship,0,unclassified,255.88886815227127,55.78309248439405,4701.62,2565.51,4909.64,2706.97
1239117018,1687124670,2962483937,3,highway.residential,50.004000000000005,1,,tram rail_urban rail rail_electric rail_fast ship,0,residential,336.25393153964444,340.9656479892371,3182.6,4637.56,3075.34,4948.46
1239117021,11510936199,1687124701,4,highway.unclassified,50.004000000000005,1,,tram rail_urban rail rail_electric rail_fast ship,0,unclassified,177.97215029092195,141.08460187845697,3232.51,4508.76,3344.23,4370.38
1239117022#0,1663593216,3262396899,3,highway.residential,50.004000000000005,1,,tram rail_urban rail rail_electric rail_fast ship,0,residential,5.3207988122087215,264.9323098907754,4294.8,2467.27,4289.5,2466.8
1239117022#1,3262396899,1663593022,3,highway.residential,50.004000000000005,1,,tram rail_urban rail rail_electric rail_fast ship,0,residential,131.63081589878334,257.1797105996988,4289.5,2466.8,4161.23,2437.61
1239117026,11510936202,11510936201,12,highway.primary,100.00800000000001,2,,tram rail_urban rail rail_electric rail_fast ship,0,primary,45.62475753360224,302.98648884578193,3585.97,1870.41,3547.7,1895.25
1239117030,11510936201,11510936208,12,highway.primary,100.00800000000001,1,,tram rail_urban rail rail_electric rail_fast ship,0,primary,100.22076983936758,304.0420962815961,3547.7,1895.25,3464.66,1951.35
1239117037#0,11510936208,10092616462,12,highway.primary,100.00800000000001,3,,tram rail_urban rail rail_electric rail_fast ship,0,primary,81.03429520888056,303.96265038072056,3465.55,1952.68,3398.34,1997.95
1239117037#1,10092616462,11510936240,12,highway.primary,100.00800000000001,2,,tram rail_urban rail rail_electric rail_fast ship,0,primary,243.09079785133775,304.62360092464337,3397.45,1996.62,3197.41,2134.74
1239117047,3064106026,2010682070,11,highway.secondary,100.00800000000001,1,,tram rail_urban rail rail_electric rail_fast ship,0,secondary,23.830878935861307,147.30254860494756,4642.6,1760.85,4655.4,1740.91
1239117048,2010682070,11510947833,11,highway.secondary,100.00800000000001,1,,tram rail_urban rail rail_electric rail_fast ship,0,secondary,24.454795569437042,13.127135242621819,4655.4,1740.91,4660.92,1764.58
1239117049,477356701,5778604519,11,highway.secondary,100.00800000000001,1,,tram rail_urban rail rail_electric rail_fast ship,0,secondary,38.32616682999035,208.90153582092105,4545.58,1371.48,4527.13,1338.06
1239117050,5778604536,477356701,11,highway.secondary,100.00800000000001,1,,tram rail_urban rail rail_electric rail_fast ship,0,secondary,35.14633633007868,351.1300079005174,4550.95,1337.07,4545.58,1371.48
1239117051,1239117051-AddedOnRampNode,11510936249,12,highway.primary,100.00800000000001,2,,tram rail_urban rail rail_electric rail_fast ship,0,primary,816.9428888973774,304.02201022286954,3115.12,2191.56,2438.21,2648.52
1239117051-AddedOnRampEdge,11510936240,1239117051-AddedOnRampNode,12,highway.primary,100.00800000000001,3,,tram rail_urban rail rail_electric rail_fast ship,0,primary,100.00078249693856,304.62449185245225,3198.32,2136.06,3116.03,2192.88
1263186435,11510936249,131830504,12,highway.primary,100.00800000000001,1,,tram rail_urban rail rail_electric rail_fast ship,0,primary,221.31852224716334,295.47649511363585,2438.21,2648.52,2238.66,2743.6
1263186436,11510947798,3064106028,12,highway.primary,100.00800000000001,1,,tram rail_urban rail rail_electric rail_fast ship,0,primary,239.36839285513716,78.59754521971286,4403.41,1716.92,4637.94,1764.22
1338884371#0,12384641098,12384641083,10,highway.tertiary,79.992,1,,tram rail_urban rail rail_electric rail_fast ship,0,tertiary,10.948814455517692,321.2407487803657,3234.45,1130.77,3227.69,1139.19
1338884371#1,12384641083,12384641100,10,highway.tertiary,79.992,1,,tram rail_urban rail rail_electric rail_fast ship,0,tertiary,7.310898362494084,288.28469799728794,3227.69,1139.19,3220.82,1141.46
1338884371#2,12384641100,12384666201,10,highway.tertiary,79.992,1,,tram rail_urban rail rail_electric rail_fast ship,0,tertiary,6.539473700556423,265.642181255224,3220.82,1141.46,3214.39,1140.97
1338884371#3,12384666201,12384641088,10,highway.tertiary,79.992,1,,tram rail_urban rail rail_electric rail_fast ship,0,tertiary,14.334700395803738,230.91416067834945,3214.39,1140.97,3203.63,1132.23
1338884371#4,12384641088,12384641097,10,highway.tertiary,79.992,1,,tram rail_urban rail rail_electric rail_fast ship,0,tertiary,16.86624949148414,176.0049892531057,3203.63,1132.23,3204.76,1116.05
1338884371#5,12384641097,12384641091,10,highway.tertiary,79.992,1,,tram rail_urban rail rail_electric rail_fast ship,0,tertiary,10.958191925939586,127.8982273737638,3204.76,1116.05,3213.29,1109.41
1338884371#6,12384641091,1767322283,10,highway.tertiary,79.992,1,,tram rail_urban rail rail_electric rail_fast ship,0,tertiary,10.676909646258721,90.6522956822763,3213.29,1109.41,3223.83,1109.29
1338884371#7,1767322283,9897124734,10,highway.tertiary,79.992,1,,tram rail_urban rail rail_electric rail_fast ship,0,tertiary,10.664406504708962,53.924616755722184,3223.83,1109.29,3232.34,1115.49
1338884371#8,9897124734,12384641098,10,highway.tertiary,79.992,1,,tram rail_urban rail rail_electric rail_fast ship,0,tertiary,15.972197466936628,7.862195188179953,3232.34,1115.49,3234.45,1130.77
1338884372,477356673,12384641088,10,highway.tertiary,79.992,1,,tram rail_urban rail rail_electric rail_fast ship,0,tertiary,20.751481874796152,153.9288657215409,3194.51,1150.87,3203.63,1132.23
1338884373,12384666201,477356673,10,highway.tertiary,79.992,1,,tram rail_urban rail rail_electric rail_fast ship,0,tertiary,22.20865597013884,296.4727503636282,3214.39,1140.97,3194.51,1150.87
1338884374,12384641097,1766536971,10,highway.tertiary,79.992,1,,tram rail_urban rail rail_electric rail_fast ship,0,tertiary,21.667602543890187,206.38766542954613,3204.76,1116.05,3195.13,1096.64
1338884375,1766536971,12384641091,10,highway.tertiary,79.992,1,,tram rail_urban rail rail_electric rail_fast ship,0,tertiary,22.20041666275645,54.885349810023,3195.13,1096.64,3213.29,1109.41
1338884376,8010572069,12384641083,10,highway.tertiary,79.992,1,,tram rail_urban rail rail_electric rail_fast ship,0,tertiary,24.96032451712106,241.18618926058326,3249.56,1151.22,3227.69,1139.19
1338884377,12384641098,8010572069,10,highway.tertiary,79.992,1,,tram rail_urban rail rail_electric rail_fast ship,0,tertiary,25.42665137213325,36.45977990106775,3234.45,1130.77,3249.56,1151.22
1339478328#1,3471386122,2245121883,10,highway.tertiary,50.004000000000005,1,,tram rail_urban rail rail_electric rail_fast ship,0,tertiary,33.622499985465716,272.88112683350874,3232.03,2738.29,3198.45,2739.98
1339478330,418600147,423336231,10,highway.tertiary,50.004000000000005,1,,tram rail_urban rail rail_electric rail_fast ship,0,tertiary,115.2626689753854,287.39770431266993,3488.55,2696.39,3379.53,2730.55
1339478331#0,2511999107,12390308742,12,highway.primary,50.004000000000005,1,,tram rail_urban rail rail_electric rail_fast ship,0,primary,92.12463438721664,41.95531499315035,2747.93,1556.83,2809.52,1625.34
1339478332#0,1766515560,3974531848,12,highway.primary,50.004000000000005,1,,tram rail_urban rail rail_electric rail_fast ship,0,primary,14.467377094691441,219.33399067181782,2616.12,1401.48,2606.95,1390.29
1339478332#1,3974531848,12390308745,12,highway.primary,50.004000000000005,1,,tram rail_urban rail rail_electric rail_fast ship,0,primary,25.273632505043516,218.75186096283275,2606.95,1390.29,2591.13,1370.58
1339510606#0,2513116272,2513116129,11,highway.secondary,79.992,1,,tram rail_urban rail rail_electric rail_fast ship,0,secondary,79.97570821123814,159.91100452970045,5340.83,4347.99,5368.3,4272.88
1339510606#1,2513116129,12390642059,11,highway.secondary,79.992,1,,tram rail_urban rail rail_electric rail_fast ship,0,secondary,383.3966749497651,181.71973235827136,5368.3,4272.88,5356.92,3893.85
1339510609#0,12390642063,429655331,11,highway.secondary,50.004000000000005,1,,tram rail_urban rail rail_electric rail_fast ship,0,secondary,28.58005101929482,241.36535333486012,4513.57,2627.75,4488.68,2614.16
1339510609#1,429655331,429655333,11,highway.secondary,50.004000000000005,1,,tram rail_urban rail rail_electric rail_fast ship,1,secondary,51.90930358242663,274.27316109056153,4488.68,2614.16,4437.02,2618.02
1339510610,12390642064,429655333,11,highway.secondary,50.004000000000005,2,,tram rail_urban rail rail_electric rail_fast ship,1,secondary,43.09755851921651,86.2336952277281,4394.03,2615.19,4437.02,2618.02
1339510611,1663672790,423353683,10,highway.tertiary,50.004000000000005,2,,tram rail_urban rail rail_electric rail_fast ship,0,tertiary,22.052460736745292,60.85454643237688,4218.1,2527.45,4237.36,2538.19
1339510612#0,12390642067,10942462451,10,highway.tertiary,50.004000000000005,2,,tram rail_urban rail rail_electric rail_fast ship,0,tertiary,12.809156880918986,122.27564431457665,3864.38,2698.6,3875.21,2691.76
1339510612#1,10942462451,12018562130,10,highway.tertiary,50.004000000000005,2,,tram rail_urban rail rail_electric rail_fast ship,0,tertiary,3.955477215204239,119.87064793615775,3875.21,2691.76,3878.64,2689.79
1339510612#2,12018562130,423348300,10,highway.tertiary,50.004000000000005,2,,tram rail_urban rail rail_electric rail_fast ship,1,tertiary,26.83769276882196,123.8265281697698,3878.64,2689.79,3900.89,2674.88
1371061454,1767335324,1767325521,3,highway.residential,50.004000000000005,1,,tram rail_urban rail rail_electric rail_fast ship,0,residential,15.790392648696374,278.6689182520391,3405.54,1081.82,3389.93,1084.2
1371061467,429517161,429517163,10,highway.tertiary,79.992,1,,tram rail_urban rail rail_electric rail_fast ship,0,tertiary,19.547207925888394,24.506595000697132,3515.41,1474.66,3523.26,1491.88
1371061468,429517163,429517164,10,highway.tertiary,79.992,1,,tram rail_urban rail rail_electric rail_fast ship,0,tertiary,11.49455958268939,338.3004084314525,3523.26,1491.88,3519.01,1502.56
1371061469#0,429517161,12698229055,3,highway.residential,50.004000000000005,1,,tram rail_urban rail rail_electric rail_fast ship,0,residential,11.099031489278644,94.80651170106768,3515.41,1474.66,3526.47,1473.73
1371061469#1,12698229055,12698229059,3,highway.residential,50.004000000000005,1,,tram rail_urban rail rail_electric rail_fast ship,0,residential,15.560249383918169,119.22324185385844,3526.47,1473.73,3539.43,1466.48
1371061470#0,12698229059,12698229056,3,highway.residential,50.004000000000005,1,,tram rail_urban rail rail_electric rail_fast ship,0,residential,18.984223441987375,330.6853384440899,3539.43,1466.48,3530.21,1482.9
1371061470#1,12698229056,429517163,3,highway.residential,50.004000000000005,1,,tram rail_urban rail rail_electric rail_fast ship,0,residential,11.3553027260394,322.2622037877404,3530.21,1482.9,3523.26,1491.88
13937774#0,3204643489,423359653,3,highway.residential,50.004000000000005,1,,tram rail_urban rail rail_electric rail_fast ship,0,residential,40.33901807723713,73.60323477682118,2450.23,2817.25,2488.87,2828.62
13937774#1,423359653,423361227,3,highway.residential,50.004000000000005,1,,tram rail_urban rail rail_electric rail_fast ship,0,residential,85.86098311082753,72.38833811769888,2488.87,2828.62,2570.05,2854.39
139832421#0,5318265357,1532578485,3,highway.residential,50.004000000000005,1,,tram rail_urban rail rail_electric rail_fast ship,0,residential,721.9699188788647,206.46054213648176,5745.9,4488.94,5432.36,3858.99
139832421#1,1532578485,1532579486,3,highway.residential,50.004000000000005,1,,tram rail_urban rail rail_electric rail_fast ship,0,residential,89.68136090972453,270.96552904958975,5432.36,3858.99,5349.29,3860.39
153730003#0,1663572789,1663572730,3,highway.residential,50.004000000000005,1,,tram rail_urban rail rail_electric rail_fast ship,0,residential,43.961961967137015,353.86274405073823,4479.74,2227.33,4475.04,2271.04
153730003#1,1663572730,1663572707,3,highway.residential,50.004000000000005,1,,tram rail_urban rail rail_electric rail_fast ship,0,residential,29.47066677223313,340.5567298890517,4475.04,2271.04,4465.23,2298.83
153730003#2,1663572707,1663572697,3,highway.residential,50.004000000000005,1,,tram rail_urban rail rail_electric rail_fast ship,0,residential,16.056416163016838,330.03381513184917,4465.23,2298.83,4457.21,2312.74
153730008#0,429520296,1663572768,3,highway.residential,50.004000000000005,1,,tram rail_urban rail rail_electric rail_fast ship,0,residential,48.17685974521396,214.28687697720886,4281.32,2080.26,4254.32,2040.66
153730008#1,1663572768,1663572830,3,highway.residential,50.004000000000005,1,,tram rail_urban rail rail_electric rail_fast ship,0,residential,62.828802994826944,186.586903274125,4254.32,2040.66,4247.23,1979.26
153730008#2,1663572830,429520299,3,highway.residential,50.004000000000005,1,,tram rail_urban rail rail_electric rail_fast ship,0,residential,73.950042368336,160.33459071789844,4247.23,1979.26,4271.86,1910.34
153730009#0,1663572779,1663572713,3,highway.residential,50.004000000000005,1,,tram rail_urban rail rail_electric rail_fast ship,0,residential,74.34837234955579,311.3013642982703,4612.9,2257.01,4566.95,2297.38
153730009#1,1663572713,1663572730,3,highway.residential,50.004000000000005,1,,tram rail_urban rail rail_electric rail_fast ship,0,residential,95.60986251037006,254.00850736808863,4566.95,2297.38,4475.04,2271.04
153730010#0,1663572725,1663572771,3,highway.residential,50.004000000000005,1,,tram rail_urban rail rail_electric rail_fast ship,0,residential,22.28632316018128,70.36174027755186,4541.15,2329.54,4562.14,2337.03
153730010#1,1663572771,1663572666,3,highway.residential,50.004000000000005,1,,tram rail_urban rail rail_electric rail_fast ship,0,residential,16.32711854553655,70.38866621230653,4562.14,2337.03,4577.52,2342.51
153730010#2,1663572666,431336421,3,highway.residential,50.004000000000005,1,,tram rail_urban rail rail_electric rail_fast ship,0,residential,80.0121022096033,322.71476714559446,4577.52,2342.51,4529.05,2406.17
153730011,1663572898,429520294,3,highway.residential,50.004000000000005,1,,tram rail_urban rail rail_electric rail_fast ship,0,residential,68.50511235053727,72.72401792131251,4227.94,2102.33,4293.18,2122.62
153730013#0,1663572768,1663572633,3,highway.residential,50.004000000000005,1,,tram rail_urban rail rail_electric rail_fast ship,0,residential,36.695565127137534,282.1765458197735,4254.32,2040.66,4218.45,2048.4
153730013#1,1663572633,1663572804,3,highway.residential,50.004000000000005,1,,tram rail_urban rail rail_electric rail_fast ship,0,residential,18.435088825388988,282.18158524242546,4218.45,2048.4,4200.43,2052.29
153730013#2,1663572804,1663572742,3,highway.residential,50.004000000000005,1,,tram rail_urban rail rail_electric rail_fast ship,0,residential,22.055647802774146,281.6665617440493,4200.43,2052.29,4178.83,2056.75
153730014#0,1663572582,1663572766,3,highway.residential,50.004000000000005,1,,tram rail_urban rail rail_electric rail_fast ship,0,residential,31.329770187475027,312.65873879793344,4228.69,1963.19,4205.65,1984.42
153730014#1,1663572766,1663572804,3,highway.residential,50.004000000000005,1,,tram rail_urban rail rail_electric rail_fast ship,0,residential,72.8670629434709,355.6019402094311,4205.65,1984.42,4200.43,2052.29
153730015#0,429520292,1663572680,3,highway.residential,50.004000000000005,1,,tram rail_urban rail rail_electric rail_fast ship,0,residential,9.684152002111649,148.08241673558126,4336.36,2224.28,4341.48,2216.06
153730015#1,1663572680,3974640257,3,highway.residential,50.004000000000005,1,,tram rail_urban rail rail_electric rail_fast ship,0,residential,47.40502188587191,176.37164436467242,4341.48,2216.06,4344.48,2168.75
153730015#2,3974640257,3974637330,3,highway.residential,50.004000000000005,1,,tram rail_urban rail rail_electric rail_fast ship,0,residential,260.45230894745083,174.9535529103557,4344.48,2168.75,4367.39,1909.31
153730015#3,3974637330,1663572827,3,highway.residential,50.004000000000005,1,,tram rail_urban rail rail_electric rail_fast ship,0,residential,81.92894575877426,175.84213321458242,4367.39,1909.31,4373.33,1827.6
153730016#0,1663572641,1663572674,3,highway.residential,50.004000000000005,1,,tram rail_urban rail rail_electric rail_fast ship,0,residential,62.38247439442283,282.3526121296397,4462.93,2193.26,4402.29,2206.54
153730016#1,1663572674,1663572576,3,highway.residential,50.004000000000005,1,,tram rail_urban rail rail_electric rail_fast ship,0,residential,12.957113876168375,312.05952241321313,4402.29,2206.54,4392.67,2215.22
153730017,1663572766,1663572633,3,highway.residential,50.004000000000005,1,,tram rail_urban rail rail_electric rail_fast ship,0,residential,65.24783827836757,11.313376764939733,4205.65,1984.42,4218.45,2048.4
153730018,1663572719,1663572709,3,highway.residential,50.004000000000005,1,,tram rail_urban rail rail_electric rail_fast ship,0,residential,211.4554200204927,100.34502186880621,4077.37,1892.89,4237.99,1863.57
153730020#0,1663572590,1663572719,3,highway.residential,50.004000000000005,1,,tram rail_urban rail rail_electric rail_fast ship,0,residential,127.37197223085221,60.111451908177855,3967.15,1829.54,4077.37,1892.89
153730020#1,1663572719,1663572887,3,highway.residential,50.004000000000005,1,,tram rail_urban rail rail_electric rail_fast ship,0,residential,161.59720808544867,66.60194676178128,4077.37,1892.89,4221.72,1955.35
153730020#2,1663572887,1663572582,3,highway.residential,50.004000000000005,1,,tram rail_urban rail rail_electric rail_fast ship,0,residential,10.49030504799518,41.63807510124349,4221.72,1955.35,4228.69,1963.19
153730020#3,1663572582,1663572830,3,highway.residential,50.004000000000005,1,,tram rail_urban rail rail_electric rail_fast ship,0,residential,24.5352093938486,49.08208733831418,4228.69,1963.19,4247.23,1979.26
153730022#0,1663572894,3974576076,3,highway.residential,50.004000000000005,1,,tram rail_urban rail rail_electric rail_fast ship,0,residential,168.6735741939476,323.0856301196683,4625.34,2104.48,4527.84,2234.27
153730022#1,3974576076,1663572789,3,highway.residential,50.004000000000005,1,,tram rail_urban rail rail_electric rail_fast ship,0,residential,48.74769093100164,261.789866344831,4527.84,2234.27,4479.74,2227.33
153730022#2,1663572789,1663572576,3,highway.residential,50.004000000000005,1,,tram rail_urban rail rail_electric rail_fast ship,0,residential,87.90811680385352,262.08189843652247,4479.74,2227.33,4392.67,2215.22
153730022#3,1663572576,1663572680,3,highway.residential,50.004000000000005,1,,tram rail_urban rail rail_electric rail_fast ship,0,residential,51.896271738943085,270.94010813900576,4392.67,2215.22,4341.48,2216.06
153730023,1663572648,1663572674,3,highway.residential,50.004000000000005,1,,tram rail_urban rail rail_electric rail_fast ship,0,residential,33.699735904009756,1.37728234191934,4401.48,2172.85,4402.29,2206.54
153730925#0,1663593092,1663593067,3,highway.residential,50.004000000000005,1,,tram rail_urban rail rail_electric rail_fast ship,0,residential,53.60150815933538,176.84035971319963,3973.61,2493.41,3976.56,2439.97
153730925#1,1663593067,1663593057,3,highway.residential,50.004000000000005,1,,tram rail_urban rail rail_electric rail_fast ship,0,residential,47.526382147182176,174.53052202902882,3976.56,2439.97,3981.09,2392.66
153730928,429483201,429482598,3,highway.residential,50.004000000000005,1,,tram rail_urban rail rail_electric rail_fast ship,0,residential,155.71489794665388,312.8113015176178,3698.87,2476.44,3584.64,2582.26
153730933#0,1663593013,1663593092,3,highway.residential,50.004000000000005,1,,tram rail_urban rail rail_electric rail_fast ship,0,residential,74.82213868119842,89.83888481542681,3898.93,2493.2,3973.61,2493.41
153730933#1,1663593092,1663593129,3,highway.residential,50.004000000000005,1,,tram rail_urban rail rail_electric rail_fast ship,0,residential,3.3173031215129485,93.8025858070672,3973.61,2493.41,3976.92,2493.19
153730933#2,1663593129,1663593112,3,highway.residential,50.004000000000005,1,,tram rail_urban rail rail_electric rail_fast ship,0,residential,130.71128568216187,42.75418171884763,3976.92,2493.19,4048.09,2570.17
153730934,1663593112,423353680,3,highway.residential,50.004000000000005,1,,tram rail_urban rail rail_electric rail_fast ship,0,residential,30.04815468543789,94.38993066832501,4048.09,2570.17,4078.05,2567.87
153730935,1697838087,1663593224,3,highway.residential,50.004000000000005,1,,tram rail_urban rail rail_electric rail_fast ship,0,residential,96.17324594104804,206.9060135547544,4184.19,2735.16,4141.0,2650.05
153730936#0,1663593022,3974640279,3,highway.residential,50.004000000000005,1,,tram rail_urban rail rail_electric rail_fast ship,0,residential,51.919250046293435,252.8337213328445,4161.23,2437.61,4111.83,2422.35
153730936#1,3974640279,1663593089,3,highway.residential,50.004000000000005,1,,tram rail_urban rail rail_electric rail_fast ship,0,residential,54.69060660007714,255.3081630614575,4111.83,2422.35,4058.93,2408.48
153730936#2,1663593089,1663593057,3,highway.residential,50.004000000000005,1,,tram rail_urban rail rail_electric rail_fast ship,0,residential,79.53117903833224,258.5118233669433,4058.93,2408.48,3981.09,2392.66
153730936#3,1663593057,423348297,3,highway.residential,50.004000000000005,1,,tram rail_urban rail rail_electric rail_fast ship,1,residential,76.50194711671318,265.2979445766838,3981.09,2392.66,3904.86,2386.39
153730937,1663593188,2759219803,3,highway.residential,50.004000000000005,1,,tram rail_urban rail rail_electric rail_fast ship,0,residential,87.1152016509566,205.5610011307352,4096.92,2551.7,4059.48,2473.42
153730938,1663593204,1663593129,3,highway.residential,50.004000000000005,1,,tram rail_urban rail rail_electric rail_fast ship,0,residential,123.79595130928833,116.96410837876334,3897.37,2533.66,3976.92,2493.19
153730939#0,1663593059,1663593224,3,highway.residential,50.004000000000005,1,,tram rail_urban rail rail_electric rail_fast ship,0,residential,52.85337453748807,116.10933196064332,4093.54,2673.31,4141.0,2650.05
153730939#1,1663593224,1663593156,3,highway.residential,50.004000000000005,1,,tram rail_urban rail rail_electric rail_fast ship,0,residential,55.20047792185612,110.81884014855109,4141.0,2650.05,4192.52,2630.46
153730941#0,1663593219,1663593156,3,highway.residential,50.004000000000005,1,,tram rail_urban rail rail_electric rail_fast ship,0,residential,125.36756638173213,16.011941491806112,4157.94,2509.96,4192.52,2630.46
153730941#1,1663593156,423353689,3,highway.residential,50.004000000000005,1,,tram rail_urban rail rail_electric rail_fast ship,0,residential,70.70179887011825,67.2359970009266,4192.52,2630.46,4244.4,2652.23
153732959#0,1663642153,9897114272,4,highway.unclassified,50.004000000000005,1,,tram rail_urban rail rail_electric rail_fast ship,0,unclassified,113.94699450146788,71.19468718711744,2878.42,1175.12,2983.08,1210.76
153732959#1,9897114272,9897114285,4,highway.unclassified,50.004000000000005,1,,tram rail_urban rail rail_electric rail_fast ship,0,unclassified,61.03284115949379,57.61448815299434,2983.08,1210.76,3034.62,1243.45
153732960#0,429519302,1663642190,3,highway.residential,50.004000000000005,1,,tram rail_urban rail rail_electric rail_fast ship,0,residential,77.99267754708907,166.03503320055256,3994.01,2144.28,4012.83,2068.6
153732960#1,1663642190,3262396894,3,highway.residential,50.004000000000005,1,,tram rail_urban rail rail_electric rail_fast ship,0,residential,116.84407197506866,132.97676757394407,4012.83,2068.6,4076.28,2009.48
153732962#0,1663642190,3340880853,3,highway.residential,50.004000000000005,1,,tram rail_urban rail rail_electric rail_fast ship,0,residential,37.285774767329166,76.33272835022558,4012.83,2068.6,4049.06,2077.41
153732962#1,3340880853,3340880858,3,highway.residential,50.004000000000005,1,,tram rail_urban rail rail_electric rail_fast ship,0,residential,10.048368026699949,76.24034516082435,4049.06,2077.41,4058.82,2079.8
153732962#2,3340880858,3340880859,3,highway.residential,50.004000000000005,1,,tram rail_urban rail rail_electric rail_fast ship,0,residential,9.156008955871108,76.41907764506664,4058.82,2079.8,4067.72,2081.95
153732962#3,3340880859,1663642233,3,highway.residential,50.004000000000005,1,,tram rail_urban rail rail_electric rail_fast ship,0,residential,88.82471487045879,18.762926365013016,4067.72,2081.95,4088.51,2143.15
153732963#0,1663642193,1663642195,3,highway.residential,50.004000000000005,1,,tram rail_urban rail rail_electric rail_fast ship,0,residential,48.75936422883311,255.94665671776477,4198.63,2131.49,4151.33,2119.65
153732963#1,1663642195,1663642233,3,highway.residential,50.004000000000005,1,,tram rail_urban rail rail_electric rail_fast ship,0,residential,67.21054127858737,290.510053433531,4151.33,2119.65,4088.51,2143.15
153732963#2,1663642233,1663642179,3,highway.residential,50.004000000000005,1,,tram rail_urban rail rail_electric rail_fast ship,0,residential,45.071933638768684,312.95596772179874,4088.51,2143.15,4057.75,2171.79
153732964,3974531856,429478908,3,highway.residential,50.004000000000005,1,,tram rail_urban rail rail_electric rail_fast ship,0,residential,650.4988217904387,34.92043553756656,3304.01,1553.99,3672.23,2081.42
153732965,1663642191,1663642213,3,highway.residential,50.004000000000005,1,,tram rail_urban rail rail_electric rail_fast ship,0,residential,42.88242588390729,43.46786386359537,4329.32,2298.51,4351.88,2322.31
153732966,1663642174,1663642177,3,highway.residential,50.004000000000005,1,,tram rail_urban rail rail_electric rail_fast ship,0,residential,87.81057453405015,299.627530122251,4167.57,2179.92,4091.24,2223.33
153732967#0,1663572680,1663642147,3,highway.residential,50.004000000000005,1,,tram rail_urban rail rail_electric rail_fast ship,0,residential,29.154898387749622,40.2559765939053,4341.48,2216.06,4360.32,2238.31
153732967#1,1663642147,1663642161,3,highway.residential,50.004000000000005,1,,tram rail_urban rail rail_electric rail_fast ship,0,residential,77.07390854031635,54.511880172836015,4360.32,2238.31,4408.47,2272.64
153732967#2,1663642161,1663642147,3,highway.residential,50.004000000000005,1,,tram rail_urban rail rail_electric rail_fast ship,0,residential,89.47647089898183,234.51188017283602,4408.47,2272.64,4360.32,2238.31
153733877,1663672756,1663672790,3,highway.residential,50.004000000000005,1,,tram rail_urban rail rail_electric rail_fast ship,0,residential,74.73215205363695,293.38173200391816,4262.97,2508.05,4218.1,2527.45
153733879,477356691,429655324,3,highway.residential,50.004000000000005,1,,tram rail_urban rail rail_electric rail_fast ship,0,residential,32.702955523927834,344.6081227834491,4630.07,2631.41,4621.39,2662.94
155153634#0,1675788409,520853237,4,highway.unclassified,50.004000000000005,1,,tram rail_urban rail rail_electric rail_fast ship,0,unclassified,215.3737569996033,327.1142018209272,2770.68,3025.67,2653.74,3206.53
155153634#1,520853237,1687073915,4,highway.unclassified,50.004000000000005,1,,tram rail_urban rail rail_electric rail_fast ship,0,unclassified,56.08619794566199,326.0775999565004,2653.74,3206.53,2622.44,3253.07
155153634#2,1687073915,1675788426,4,highway.unclassified,50.004000000000005,1,,tram rail_urban rail rail_electric rail_fast ship,0,unclassified,259.67199056041267,44.5209612414742,2622.44,3253.07,2783.74,3417.09
155153635#0,441268012,1675788417,3,highway.residential,50.004000000000005,1,,tram rail_urban rail rail_electric rail_fast ship,0,residential,22.958930724230157,29.915127574578946,3142.96,3133.43,3154.41,3153.33
155153635#1,1675788417,3583021195,3,highway.residential,50.004000000000005,1,,tram rail_urban rail rail_electric rail_fast ship,0,residential,29.198768740636446,5.817607916893337,3154.41,3153.33,3157.11,3179.83
155153635#2,3583021195,3582727735,3,highway.residential,50.004000000000005,1,,tram rail_urban rail rail_electric rail_fast ship,0,residential,43.451792405312624,327.33160358507257,3157.11,3179.83,3135.7,3213.22
155153635#3,3582727735,1675788405,3,highway.residential,50.004000000000005,1,,tram rail_urban rail rail_electric rail_fast ship,0,residential,71.16891146070654,310.420165017959,3135.7,3213.22,3081.63,3259.27
155153635#4,1675788405,1675788424,3,highway.residential,50.004000000000005,1,,tram rail_urban rail rail_electric rail_fast ship,0,residential,31.29368687758734,252.31889951014915,3081.63,3259.27,3051.86,3249.78
156456329,1687073965,1687073956,3,highway.residential,50.004000000000005,1,,tram rail_urban rail rail_electric rail_fast ship,0,residential,71.25673262143866,333.7226841542472,2891.39,3026.78,2859.85,3090.66
156460671,430958141,1687124711,3,highway.residential,50.004000000000005,1,,tram rail_urban rail rail_electric rail_fast ship,0,residential,16.768446558939065,354.1126105725213,4184.39,3245.52,4182.67,3262.2
156460672,1687124809,1687124690,3,highway.residential,50.004000000000005,1,,tram rail_urban rail rail_electric rail_fast ship,0,residential,90.44747702396135,240.78234631399408,3441.84,3970.46,3362.9,3926.31
156460677,1687124747,1687124708,3,highway.residential,50.004000000000005,1,,tram rail_urban rail rail_electric rail_fast ship,0,residential,185.86976754504434,179.7492108832662,3357.96,4124.86,3358.72,3951.23
156460679,430920519,3340881355,3,highway.residential,50.004000000000005,1,,tram rail_urban rail rail_electric rail_fast ship,0,residential,19.640309151070635,188.96352675057864,4044.43,3310.28,4041.37,3290.88
156460680#1,1687124785,8916107651,3,highway.residential,50.004000000000005,1,,tram rail_urban rail rail_electric rail_fast ship,0,residential,132.99775851098758,345.7620962825234,4179.57,3281.41,4146.86,3410.32
156460681#0,1687124735,423413959,11,highway.secondary,100.00800000000001,1,,tram rail_urban rail rail_electric rail_fast ship,0,secondary,85.86724426365899,156.37558926119982,3316.76,3901.21,3351.17,3822.54
156460681#1,423413959,430939382,11,highway.secondary,100.00800000000001,1,,tram rail_urban rail rail_electric rail_fast ship,0,secondary,189.41960406323884,148.01912157463033,3351.17,3822.54,3449.62,3664.87
156460681#2,430939382,430939369,11,highway.secondary,100.00800000000001,1,,tram rail_urban rail rail_electric rail_fast ship,0,secondary,97.46952737093558,119.89481246863409,3449.62,3664.87,3533.86,3616.44
156460682#0,3340881400,3340881407,4,highway.unclassified,29.988,1,,tram rail_urban rail rail_electric rail_fast ship,0,unclassified,9.737566431095596,25.486112600768934,3624.45,3351.11,3628.64,3359.9
156460682#1,3340881407,3340881415,4,highway.unclassified,29.988,1,,tram rail_urban rail rail_electric rail_fast ship,0,unclassified,10.475762502080729,25.439830420036117,3628.64,3359.9,3633.14,3369.36
156460683#0,1687124701,1687124739,3,highway.residential,50.004000000000005,1,,tram rail_urban rail rail_electric rail_fast ship,0,residential,98.2803032148353,140.87220649683331,3344.23,4370.38,3406.25,4294.14
156460683#1,1687124739,3974640377,3,highway.residential,50.004000000000005,1,,tram rail_urban rail rail_electric rail_fast ship,0,residential,79.72499417378705,137.25481518436777,3406.25,4294.14,3460.29,4235.67
156460683#2,3974640377,430938463,3,highway.residential,50.004000000000005,1,,tram rail_urban rail rail_electric rail_fast ship,0,residential,41.030744527622986,144.8683459368425,3460.29,4235.67,3483.89,4202.13
156460683#3,430938463,430938459,3,highway.residential,50.004000000000005,1,,tram rail_urban rail rail_electric rail_fast ship,0,residential,88.54117712796487,168.05165817975353,3483.89,4202.13,3502.11,4116.03
156460683#4,430938459,2962481964,3,highway.residential,50.004000000000005,1,,tram rail_urban rail rail_electric rail_fast ship,0,residential,118.08393389442764,181.37328254789887,3502.11,4116.03,3499.28,3997.98
156460683#5,2962481964,423416419,3,highway.residential,50.004000000000005,1,,tram rail_urban rail rail_electric rail_fast ship,0,residential,115.6113770353074,177.2682672651797,3499.28,3997.98,3504.79,3882.5
156460683#6,423416419,423418300,3,highway.residential,50.004000000000005,1,,tram rail_urban rail rail_electric rail_fast ship,0,residential,163.54408505636619,177.7429991157652,3504.79,3882.5,3511.23,3719.1
156460683#7,423418300,3340881666,3,highway.residential,50.004000000000005,1,,tram rail_urban rail rail_electric rail_fast ship,0,residential,6.728105231043555,167.5543233006465,3511.23,3719.1,3512.68,3712.53
156460683#8,3340881666,430939369,3,highway.residential,50.004000000000005,1,,tram rail_urban rail rail_electric rail_fast ship,0,residential,101.79784007650031,167.56971994050173,3512.68,3712.53,3533.86,3616.44
156460691,1687124699,1687124677,3,highway.residential,50.004000000000005,1,,tram rail_urban rail rail_electric rail_fast ship,0,residential,112.12800720605013,48.36221716028899,3216.31,4138.46,3300.11,4212.96
156466987,441268018,1687165259,3,highway.residential,50.004000000000005,1,,tram rail_urban rail rail_electric rail_fast ship,0,residential,54.80762720643892,237.33637928232133,3026.97,3278.56,2980.83,3248.98
156466988#0,423401224,1687165289,3,highway.residential,50.004000000000005,1,,tram rail_urban rail rail_electric rail_fast ship,0,residential,20.188999479914663,56.78220461503463,2973.11,3109.39,2990.0,3120.45
156466988#1,1687165289,1687165247,3,highway.residential,50.004000000000005,1,,tram rail_urban rail rail_electric rail_fast ship,0,residential,10.745664241916431,49.49123908621368,2990.0,3120.45,2998.17,3127.43
156466988#2,1687165247,1687165279,3,highway.residential,50.004000000000005,1,,tram rail_urban rail rail_electric rail_fast ship,0,residential,46.333259112650566,57.66822706928485,2998.17,3127.43,3037.32,3152.21
156466988#3,1687165279,1687165295,3,highway.residential,50.004000000000005,1,,tram rail_urban rail rail_electric rail_fast ship,0,residential,13.245535096778758,51.806330357175284,3037.32,3152.21,3047.73,3160.4
156466990,1687165238,1687165289,3,highway.residential,50.004000000000005,1,,tram rail_urban rail rail_electric rail_fast ship,0,residential,40.891759561065456,311.47063544710585,3020.64,3093.37,2990.0,3120.45
156466992#0,1687165293,1687165279,3,highway.residential,50.004000000000005,1,,tram rail_urban rail rail_electric rail_fast ship,0,residential,28.640366899988983,320.1995807109412,3055.55,3130.33,3037.32,3152.21
156466992#1,1687165279,1687165299,3,highway.residential,50.004000000000005,1,,tram rail_urban rail rail_electric rail_fast ship,0,residential,47.99802600107661,317.59221370842954,3037.32,3152.21,3004.95,3187.65
156466993,1687165284,10944806736,3,highway.residential,50.004000000000005,1,,tram rail_urban rail rail_electric rail_fast ship,0,residential,43.31044284608749,332.72433993342446,3068.03,3036.59,3048.2,3075.05
156466994#0,423401245,1687165253,3,highway.residential,50.004000000000005,1,,tram rail_urban rail rail_electric rail_fast ship,0,residential,26.455717718482145,51.93886840312848,2887.61,3184.49,2908.44,3200.8
156466994#1,1687165253,1687165286,3,highway.residential,50.004000000000005,1,,tram rail_urban rail rail_electric rail_fast ship,0,residential,38.07813677164328,46.585527006024904,2908.44,3200.8,2936.1,3226.97
156466994#2,1687165286,1687165265,3,highway.residential,50.004000000000005,1,,tram rail_urban rail rail_electric rail_fast ship,0,residential,48.90040899624491,57.713927843238025,2936.1,3226.97,2977.44,3253.09
156466996#0,1687165261,1687165286,3,highway.residential,50.004000000000005,1,,tram rail_urban rail rail_electric rail_fast ship,0,residential,76.11033701147296,316.85275896743383,2988.15,3171.44,2936.1,3226.97
156466996#1,1687165286,1687165249,3,highway.residential,50.004000000000005,1,,tram rail_urban rail rail_electric rail_fast ship,0,residential,86.68850269787796,318.91479980438515,2936.1,3226.97,2879.13,3292.31
156466997#0,423401233,1687165292,3,highway.residential,50.004000000000005,1,,tram rail_urban rail rail_electric rail_fast ship,0,residential,36.699995912806045,59.9278616583332,2950.3,3147.71,2982.06,3166.1
156466997#1,1687165292,1687165261,3,highway.residential,50.004000000000005,1,,tram rail_urban rail rail_electric rail_fast ship,0,residential,8.099611101775402,48.75418379737897,2982.06,3166.1,2988.15,3171.44
156466997#2,1687165261,1687165299,3,highway.residential,50.004000000000005,1,,tram rail_urban rail rail_electric rail_fast ship,0,residential,23.345322872044243,46.02395973650562,2988.15,3171.44,3004.95,3187.65
156466997#3,1687165299,1687165275,3,highway.residential,50.004000000000005,1,,tram rail_urban rail rail_electric rail_fast ship,0,residential,18.20718814095122,52.47553772364199,3004.95,3187.65,3019.39,3198.74
156466999#0,1687165258,1687165273,3,highway.residential,50.004000000000005,1,,tram rail_urban rail rail_electric rail_fast ship,0,residential,56.284586317688635,357.7868229290795,3098.98,3044.28,3096.89,3098.36
156466999#1,1687165273,3400054736,3,highway.residential,50.004000000000005,1,,tram rail_urban rail rail_electric rail_fast ship,0,residential,13.962968882010742,47.350914042851514,3096.89,3098.36,3107.16,3107.82
156467000#0,1687165260,10944806738,3,highway.residential,50.004000000000005,1,,tram rail_urban rail rail_electric rail_fast ship,0,residential,47.64576742259366,215.82573439214622,3137.57,3088.68,3109.69,3050.06
156467000#1,10944806738,1687165258,3,highway.residential,50.004000000000005,1,,tram rail_urban rail rail_electric rail_fast ship,0,residential,12.407713674940794,241.64503821467707,3109.69,3050.06,3098.98,3044.28
156467000#2,1687165258,1687165284,3,highway.residential,50.004000000000005,1,,tram rail_urban rail rail_electric rail_fast ship,0,residential,31.891042629553358,256.04654754683384,3098.98,3044.28,3068.03,3036.59
156467000#3,1687165284,10942461888,3,highway.residential,50.004000000000005,1,,tram rail_urban rail rail_electric rail_fast ship,0,residential,73.11725110380713,262.08664942713244,3068.03,3036.59,2999.9,3027.12
156467000#4,10942461888,423400279,3,highway.residential,50.004000000000005,1,,tram rail_urban rail rail_electric rail_fast ship,0,residential,45.99887425104153,343.4797150151033,2999.9,3027.12,2986.82,3071.22
156467655#0,1687172883,1687165297,3,highway.residential,50.004000000000005,1,,tram rail_urban rail rail_electric rail_fast ship,0,residential,43.07695439559316,280.75692172618983,3210.81,2994.5,3168.49,3002.54
156467655#1,1687165297,1687165255,3,highway.residential,50.004000000000005,1,,tram rail_urban rail rail_electric rail_fast ship,0,residential,126.81123844774835,357.1050299494241,3168.49,3002.54,3164.94,3072.74
156467656#0,1687172877,1687172880,3,highway.residential,50.004000000000005,1,,tram rail_urban rail rail_electric rail_fast ship,0,residential,55.46402943073735,324.4252560209265,3253.24,3091.58,3226.06,3129.58
156467656#1,1687172880,1675788417,3,highway.residential,50.004000000000005,1,,tram rail_urban rail rail_electric rail_fast ship,0,residential,78.33753103456625,288.3389358763244,3226.06,3129.58,3154.41,3153.33
156467657,1687172869,1687172880,3,highway.residential,50.004000000000005,1,,tram rail_urban rail rail_electric rail_fast ship,0,residential,41.47142630776051,32.594108037030196,3203.72,3094.64,3226.06,3129.58
156467658,1687165297,429505284,3,highway.residential,50.004000000000005,1,,tram rail_urban rail rail_electric rail_fast ship,0,residential,50.36785134909863,23.37975631780853,3168.49,3002.54,3188.1,3047.9
156480735,1687286991,1687286640,3,highway.residential,50.004000000000005,1,,tram rail_urban rail rail_electric rail_fast ship,0,residential,66.8076118417652,21.799816919448062,3884.62,2878.28,3909.43,2940.31
156480737#0,1687286681,430912815,3,highway.residential,50.004000000000005,1,,tram rail_urban rail rail_electric rail_fast ship,0,residential,8.095344341039375,328.3322205943367,3875.29,2997.77,3871.04,3004.66
156480737#1,430912815,1687286638,3,highway.residential,50.004000000000005,1,,tram rail_urban rail rail_electric rail_fast ship,0,residential,78.44116155190477,22.694040019837303,3871.04,3004.66,3901.3,3077.02
156480737#2,1687286638,430912563,3,highway.residential,50.004000000000005,1,,tram rail_urban rail rail_electric rail_fast ship,0,residential,113.15504233958582,16.318839117766686,3901.3,3077.02,3933.04,3185.43
156480737#3,430912563,9442763149,3,highway.residential,50.004000000000005,1,,tram rail_urban rail rail_electric rail_fast ship,0,residential,98.99793179657867,19.63747285656507,3933.04,3185.43,3966.31,3278.67
156480752,1687286936,1687286932,3,highway.residential,50.004000000000005,1,,tram rail_urban rail rail_electric rail_fast ship,0,residential,75.48233891433885,294.65691656770014,3837.52,2772.48,3768.92,2803.97
156480755,1687286680,1687286638,3,highway.residential,50.004000000000005,1,,tram rail_urban rail rail_electric rail_fast ship,0,residential,130.98687771954297,336.7184222072014,3941.79,2982.92,3901.3,3077.02
156489081,1687350531,1687350498,3,highway.residential,50.004000000000005,1,,tram rail_urban rail rail_electric rail_fast ship,0,residential,47.64777539403073,204.92463450193344,3383.17,2994.76,3363.09,2951.55
156489084#0,1687339920,1687350488,3,highway.residential,50.004000000000005,1,,tram rail_urban rail rail_electric rail_fast ship,0,residential,9.518928511129799,84.81647004201454,3382.91,2941.84,3392.39,2942.7
156489084#1,1687350488,429500997,3,highway.residential,50.004000000000005,1,,tram rail_urban rail rail_electric rail_fast ship,0,residential,39.15187479546804,30.685173089595082,3392.39,2942.7,3412.37,2976.37
157553231,8176004097,1697838076,10,highway.tertiary,79.992,1,,tram rail_urban rail rail_electric rail_fast ship,0,tertiary,24.70792381102866,345.03572031929247,4197.92,2720.1,4191.54,2743.97
157553237#0,431334405,423353683,10,highway.tertiary,50.004000000000005,1,,tram rail_urban rail rail_electric rail_fast ship,0,tertiary,6.441117915393224,322.0626026704151,4241.32,2533.11,4237.36,2538.19
157553237#1,423353683,423353686,10,highway.tertiary,50.004000000000005,1,,tram rail_urban rail rail_electric rail_fast ship,1,tertiary,97.93208708307976,23.192438772481694,4237.36,2538.19,4275.89,2628.12
157553239,1697838110,1697838058,3,highway.residential,50.004000000000005,1,,tram rail_urban rail rail_electric rail_fast ship,0,residential,12.602204381354486,165.00413644844673,4164.43,2511.38,4167.69,2499.21
157555049,1697857756,1697857764,3,highway.residential,50.004000000000005,1,,tram rail_urban rail rail_electric rail_fast ship,0,residential,41.35860853558764,355.65973260106364,4212.42,2910.96,4209.29,2952.2
157555050#0,429655343,3750161861,3,highway.residential,50.004000000000005,1,,tram rail_urban rail rail_electric rail_fast ship,0,residential,113.05463634897923,266.30796143831174,4502.21,2882.65,4389.39,2875.37
157555050#1,3750161861,3750161860,3,highway.residential,50.004000000000005,1,,tram rail_urban rail rail_electric rail_fast ship,0,residential,6.112454498808505,266.34180621410513,4389.39,2875.37,4383.29,2874.98
157555050#2,3750161860,3750161859,3,highway.residential,50.004000000000005,1,,tram rail_urban rail rail_electric rail_fast ship,0,residential,16.813446999351186,266.3854032566001,4383.29,2874.98,4366.51,2873.92
157555050#3,3750161859,3750161858,3,highway.residential,50.004000000000005,1,,tram rail_urban rail rail_electric rail_fast ship,0,residential,17.76597309465533,266.35325548232885,4366.51,2873.92,4348.78,2872.79
157555050#4,3750161858,11235438021,3,highway.residential,50.004000000000005,1,,tram rail_urban rail rail_electric rail_fast ship,0,residential,16.96441275140342,266.3499286351573,4348.78,2872.79,4331.85,2871.71
157555050#5,11235438021,1697857767,3,highway.residential,50.004000000000005,1,,tram rail_urban rail rail_electric rail_fast ship,0,residential,13.97836184965964,266.3495178862242,4331.85,2871.71,4317.9,2870.82
157574535,1698115602,429478936,10,highway.tertiary,79.992,1,,tram rail_urban rail rail_electric rail_fast ship,0,tertiary,15.199269719299286,170.0356940825559,3910.43,2333.34,3913.06,2318.37
157574536#0,1663593216,431334404,10,highway.tertiary,79.992,1,,tram rail_urban rail rail_electric rail_fast ship,0,tertiary,28.096560608239145,328.20247601279067,4294.8,2467.27,4280.02,2491.11
157574536#1,431334404,1663672756,10,highway.tertiary,79.992,1,,tram rail_urban rail rail_electric rail_fast ship,0,tertiary,24.034685352631683,314.81457741265586,4280.02,2491.11,4262.97,2508.05
157574536#2,1663672756,431334405,10,highway.tertiary,79.992,1,,tram rail_urban rail rail_electric rail_fast ship,0,tertiary,33.258768384536324,319.1753933139386,4262.97,2508.05,4241.32,2533.11
157574537#0,1663593022,3974640283,3,highway.residential,50.004000000000005,1,,tram rail_urban rail rail_electric rail_fast ship,0,residential,16.343172886559937,344.12683777174396,4161.23,2437.61,4156.76,2453.33
157574537#1,3974640283,423353681,3,highway.residential,50.004000000000005,1,,tram rail_urban rail rail_electric rail_fast ship,0,residential,56.389191968792986,349.1260269983772,4156.76,2453.33,4146.16,2508.51
159922661,430960036,430928663,3,highway.residential,50.004000000000005,1,,tram rail_urban rail rail_electric rail_fast ship,0,residential,35.35551287637065,357.37598341543014,3574.45,3160.33,3572.84,3195.46
159922662#0,3340881407,430941464,4,highway.unclassified,29.988,1,,tram rail_urban rail rail_electric rail_fast ship,0,unclassified,93.99762656578086,102.32848056718183,3628.64,3359.9,3720.47,3339.83
159922662#1,430941464,430942872,4,highway.unclassified,29.988,1,,tram rail_urban rail rail_electric rail_fast ship,0,unclassified,41.1183328942213,102.3293033083504,3720.47,3339.83,3760.64,3331.05
159922662#2,430942872,2281206273,4,highway.unclassified,29.988,1,,tram rail_urban rail rail_electric rail_fast ship,0,unclassified,58.17613342256425,103.3674050462485,3760.64,3331.05,3817.24,3317.6
159922662#3,2281206273,1687124696,4,highway.unclassified,29.988,1,,tram rail_urban rail rail_electric rail_fast ship,0,unclassified,13.47134830768186,93.33882644911841,3817.24,3317.6,3830.61,3316.82
159922662#4,1687124696,3340881378,4,highway.unclassified,29.988,1,,tram rail_urban rail rail_electric rail_fast ship,0,unclassified,15.88630539230246,33.494704761358435,3830.61,3316.82,3838.69,3329.03
159922990,7257331823,621155618,3,highway.residential,50.004000000000005,1,,tram rail_urban rail rail_electric rail_fast ship,0,residential,51.8657970149885,358.5858494691767,4141.92,2783.09,4140.64,2834.94
165073109#0,1767285014,1767285015,11,highway.secondary,100.00800000000001,1,,tram rail_urban rail rail_electric rail_fast ship,0,secondary,76.74375303143471,255.05211907444155,2574.65,692.39,2501.01,672.73
165073109#1,1767285015,1767284983,11,highway.secondary,100.00800000000001,1,,tram rail_urban rail rail_electric rail_fast ship,0,secondary,32.00721756097416,268.4382644128732,2501.01,672.73,2469.1,671.86
165073109#2,1767284983,2511985615,11,highway.secondary,100.00800000000001,1,,tram rail_urban rail rail_electric rail_fast ship,0,secondary,85.06334991899858,281.87367938869386,2469.1,671.86,2386.2,689.29
165073109#3,2511985615,630973547,11,highway.secondary,100.00800000000001,1,,tram rail_urban rail rail_electric rail_fast ship,0,secondary,758.1035512849223,244.0992928773247,2386.2,689.29,1824.47,416.52
165166443,1767285019,1767285017,3,highway.residential,50.004000000000005,1,,tram rail_urban rail rail_electric rail_fast ship,0,residential,53.58443757470426,246.5430232133777,2562.87,656.13,2513.99,634.92
165166445#0,1767285026,1767285017,3,highway.residential,50.004000000000005,1,,tram rail_urban rail rail_electric rail_fast ship,0,residential,43.33587197636287,339.9401048933467,2528.64,594.8,2513.99,634.92
165166445#1,1767285017,1767285015,3,highway.residential,50.004000000000005,1,,tram rail_urban rail rail_electric rail_fast ship,0,residential,40.43383346518944,341.0528883229517,2513.99,634.92,2501.01,672.73
165166451#0,1767285014,5263712550,3,highway.residential,50.004000000000005,1,,tram rail_urban rail rail_electric rail_fast ship,0,residential,19.997730870750907,152.24279431144214,2574.65,692.39,2583.96,674.7
165166451#1,5263712550,9453488994,3,highway.residential,50.004000000000005,1,,tram rail_urban rail rail_electric rail_fast ship,0,residential,14.676584616736964,156.6322143876539,2583.96,674.7,2589.78,661.23
165166451#2,9453488994,11504401229,3,highway.residential,50.004000000000005,1,,tram rail_urban rail rail_electric rail_fast ship,0,residential,293.2261385658647,115.43637107138028,2589.78,661.23,2810.8,556.11
165167208#0,1767302227,1767300988,4,highway.unclassified,50.004000000000005,1,,tram rail_urban rail rail_electric rail_fast ship,0,unclassified,200.5359184747561,238.8971560357857,3066.82,738.33,2895.63,635.05
165167208#1,1767300988,1767284959,4,highway.unclassified,50.004000000000005,1,,tram rail_urban rail rail_electric rail_fast ship,0,unclassified,46.78534863415662,233.62032166034194,2895.63,635.05,2857.99,607.32
165168534#0,1767300992,10116093221,3,highway.residential,50.004000000000005,1,,tram rail_urban rail rail_electric rail_fast ship,0,residential,62.412811748729986,60.623057643663515,2823.71,627.28,2877.57,657.6
165168534#1,10116093221,1767300988,3,highway.residential,50.004000000000005,1,,tram rail_urban rail rail_electric rail_fast ship,0,residential,29.6833748435752,141.30921938311633,2877.57,657.6,2895.63,635.05
165170673#0,9897124731,1767322319,3,highway.residential,50.004000000000005,1,,tram rail_urban rail rail_electric rail_fast ship,0,residential,9.39097971459859,284.05104093131433,3267.0,1083.78,3257.89,1086.06
165170673#1,1767322319,12384641099,3,highway.residential,50.004000000000005,1,,tram rail_urban rail rail_electric rail_fast ship,0,residential,16.404782839159882,302.7310292403236,3257.89,1086.06,3244.09,1094.93
165170673#2,12384641099,9897124734,3,highway.residential,50.004000000000005,1,,tram rail_urban rail rail_electric rail_fast ship,0,residential,23.680711560255062,330.2521176670499,3244.09,1094.93,3232.34,1115.49
165170681#0,1767323500,5862209908,3,highway.residential,50.004000000000005,1,,tram rail_urban rail rail_electric rail_fast ship,0,residential,83.73684574889312,264.8854744522189,3508.1,1085.03,3425.98,1077.68
165170681#1,5862209908,1767335324,3,highway.residential,50.004000000000005,1,,tram rail_urban rail rail_electric rail_fast ship,0,residential,20.886243423672155,281.4500196753469,3425.98,1077.68,3405.54,1081.82
165170683#0,1767322283,12384666217,3,highway.residential,50.004000000000005,1,,tram rail_urban rail rail_electric rail_fast ship,0,residential,23.52768035775726,139.4145606574719,3223.83,1109.29,3239.13,1091.43
165170683#1,12384666217,12384666209,3,highway.residential,50.004000000000005,1,,tram rail_urban rail rail_electric rail_fast ship,0,residential,2.572353008434007,129.32075028362,3239.13,1091.43,3241.12,1089.8
165170683#2,12384666209,12384666203,3,highway.residential,50.004000000000005,1,,tram rail_urban rail rail_electric rail_fast ship,0,residential,16.572227414462507,118.26996559354632,3241.12,1089.8,3255.55,1082.04
165170683#3,12384666203,9897124731,3,highway.residential,50.004000000000005,1,,tram rail_urban rail rail_electric rail_fast ship,0,residential,11.581455003582057,81.35915382879841,3255.55,1082.04,3267.0,1083.78
165170684#0,1767335334,1767349705,3,highway.residential,50.004000000000005,1,,tram rail_urban rail rail_electric rail_fast ship,0,residential,99.16872878249936,140.14259929057562,3576.39,1393.79,3638.98,1318.82
165170684#1,1767349705,1767322317,3,highway.residential,50.004000000000005,1,,tram rail_urban rail rail_electric rail_fast ship,0,residential,26.893245985459984,144.96197473837356,3638.98,1318.82,3654.21,1297.1
165170685#0,1767322357,3254769376,3,highway.residential,50.004000000000005,1,,tram rail_urban rail rail_electric rail_fast ship,0,residential,104.0028484278711,70.225677135051,3531.18,1092.56,3628.7,1127.62
165170685#1,3254769376,1767322362,3,highway.residential,50.004000000000005,1,,tram rail_urban rail rail_electric rail_fast ship,0,residential,74.30648299407792,17.339364211296868,3628.7,1127.62,3650.24,1196.61
165170686,1767322362,1767322357,3,highway.residential,50.004000000000005,1,,tram rail_urban rail rail_electric rail_fast ship,0,residential,163.7488136085476,229.010388703088,3647.15,1197.36,3529.85,1095.43
165170815#0,1767323508,1767332363,3,highway.residential,50.004000000000005,1,,tram rail_urban rail rail_electric rail_fast ship,0,residential,249.84963875018767,345.9992477751207,3361.34,781.76,3309.24,990.71
165170815#1,1767332363,12384666204,3,highway.residential,50.004000000000005,1,,tram rail_urban rail rail_electric rail_fast ship,0,residential,105.25277930410043,341.2107084529892,3309.24,990.71,3276.96,1085.59
165170816,1767323500,1767323507,3,highway.residential,50.004000000000005,1,,tram rail_urban rail rail_electric rail_fast ship,0,residential,39.20851689715698,155.23508078143198,3508.1,1085.03,3524.5,1049.48
165170817,1767323507,1767322357,3,highway.residential,50.004000000000005,1,,tram rail_urban rail rail_electric rail_fast ship,0,residential,45.098688668318545,7.984467429444237,3524.5,1049.48,3530.76,1094.11
165170818#0,1767323508,1767323514,3,highway.residential,50.004000000000005,1,,tram rail_urban rail rail_electric rail_fast ship,0,residential,50.744715453323664,96.3669339343038,3361.34,781.76,3410.72,776.25
165170818#1,1767323514,2648687784,3,highway.residential,50.004000000000005,1,,tram rail_urban rail rail_electric rail_fast ship,0,residential,16.166115798175245,79.01675349650753,3410.72,776.25,3426.59,779.33
165170818#2,2648687784,1767323497,3,highway.residential,50.004000000000005,1,,tram rail_urban rail rail_electric rail_fast ship,0,residential,43.12313110192935,69.45486469967415,3426.59,779.33,3466.88,794.43
165170818#3,1767323497,2648687795,3,highway.residential,50.004000000000005,1,,tram rail_urban rail rail_electric rail_fast ship,0,residential,35.06127758271089,49.32214247073438,3466.88,794.43,3493.35,817.18
165170818#4,2648687795,1767323498,3,highway.residential,50.004000000000005,1,,tram rail_urban rail rail_electric rail_fast ship,0,residential,28.652298622294303,27.73602826293211,3493.35,817.18,3506.59,842.36
165170818#5,1767323498,3974531813,3,highway.residential,50.004000000000005,1,,tram rail_urban rail rail_electric rail_fast ship,0,residential,50.90015482410244,12.967518583111655,3506.59,842.36,3517.97,891.78
165170818#6,3974531813,1767323502,3,highway.residential,50.004000000000005,1,,tram rail_urban rail rail_electric rail_fast ship,0,residential,43.94866323336807,2.9607116587441737,3517.97,891.78,3520.24,935.67
165170818#7,1767323502,3974531818,3,highway.residential,50.004000000000005,1,,tram rail_urban rail rail_electric rail_fast ship,0,residential,53.4597709954814,2.433686412186887,3520.24,935.67,3522.51,989.08
165170818#8,3974531818,1767323507,3,highway.residential,50.004000000000005,1,,tram rail_urban rail rail_electric rail_fast ship,0,residential,60.43746090035778,1.8870425847233605,3522.51,989.08,3524.5,1049.48
165170994#0,1767323508,2648687793,3,highway.residential,50.004000000000005,1,,tram rail_urban rail rail_electric rail_fast ship,0,residential,36.714472910281394,30.493509278117585,3361.34,781.76,3379.79,813.09
165170994#1,2648687793,1767325529,3,highway.residential,50.004000000000005,1,,tram rail_urban rail rail_electric rail_fast ship,0,residential,83.45612588417313,37.785188818096685,3379.79,813.09,3430.88,878.99
165170994#2,1767325529,2648687803,3,highway.residential,50.004000000000005,1,,tram rail_urban rail rail_electric rail_fast ship,0,residential,6.8743145112802315,25.782268803932254,3430.88,878.99,3433.87,885.18
165170994#3,2648687803,1767332365,3,highway.residential,50.004000000000005,1,,tram rail_urban rail rail_electric rail_fast ship,0,residential,37.76516882695193,8.793981629773498,3433.87,885.18,3439.58,922.09
165170994#4,1767332365,2648687807,3,highway.residential,50.004000000000005,1,,tram rail_urban rail rail_electric rail_fast ship,0,residential,109.76286623663567,338.8484825994986,3439.58,922.09,3400.0,1024.39
165170994#5,2648687807,1767332362,3,highway.residential,50.004000000000005,1,,tram rail_urban rail rail_electric rail_fast ship,0,residential,23.695183732591595,345.9461198264398,3400.0,1024.39,3394.26,1047.32
165170994#6,1767332362,1767325521,3,highway.residential,50.004000000000005,1,,tram rail_urban rail rail_electric rail_fast ship,0,residential,37.2068467053951,353.3036844262619,3394.26,1047.32,3389.93,1084.2
165171446,1767332356,1767332358,3,highway.residential,50.004000000000005,1,,tram rail_urban rail rail_electric rail_fast ship,0,residential,49.877115169327354,146.75602818878224,3336.64,1066.25,3363.98,1024.54
165171448#0,1767332362,1767332358,3,highway.residential,50.004000000000005,1,,tram rail_urban rail rail_electric rail_fast ship,0,residential,37.892713856798466,233.04542587055153,3394.26,1047.32,3363.98,1024.54
165171448#1,1767332358,1767332363,3,highway.residential,50.004000000000005,1,,tram rail_urban rail rail_electric rail_fast ship,0,residential,64.41389342046139,238.28341973138618,3363.98,1024.54,3309.24,990.71
165171782,1767335350,1767335325,3,highway.residential,50.004000000000005,1,,tram rail_urban rail rail_electric rail_fast ship,0,residential,100.63761970555557,224.2230055819454,3419.52,1165.92,3349.33,1093.8
165171783#0,1767335334,1767335353,3,highway.residential,50.004000000000005,1,,tram rail_urban rail rail_electric rail_fast ship,0,residential,85.95781989227969,199.93398689042937,3576.39,1393.79,3547.17,1313.22
165171783#1,1767335353,1767335357,3,highway.residential,50.004000000000005,1,,tram rail_urban rail rail_electric rail_fast ship,0,residential,5.870851726964442,179.02401639302445,3547.17,1313.22,3547.27,1307.35
165171783#2,1767335357,1767335324,3,highway.residential,50.004000000000005,1,,tram rail_urban rail rail_electric rail_fast ship,0,residential,335.6941711032399,212.14651957212905,3547.27,1307.35,3405.54,1081.82
165172163,1767344646,1767322317,3,highway.residential,50.004000000000005,1,,tram rail_urban rail rail_electric rail_fast ship,0,residential,53.713909038905136,289.93017869707023,3703.77,1279.13,3654.21,1297.1
165172165#0,1767344646,3254769383,3,highway.residential,50.004000000000005,1,,tram rail_urban rail rail_electric rail_fast ship,0,residential,14.563162431285352,82.54314910167784,3703.77,1279.13,3718.21,1281.02
165172165#1,3254769383,1767347847,3,highway.residential,50.004000000000005,1,,tram rail_urban rail rail_electric rail_fast ship,0,residential,207.8275341667423,50.028297120642264,3718.21,1281.02,3871.17,1409.24
165172165#2,1767347847,1767344707,3,highway.residential,50.004000000000005,1,,tram rail_urban rail rail_electric rail_fast ship,0,residential,221.5465155331867,28.053121685627275,3871.17,1409.24,3963.66,1582.8
165172166,1767344724,1767344646,3,highway.residential,50.004000000000005,1,,tram rail_urban rail rail_electric rail_fast ship,0,residential,47.23514365061753,72.8200162989167,3659.49,1265.44,3703.77,1279.13
165172307#0,1767347826,1767347823,3,highway.residential,50.004000000000005,1,,tram rail_urban rail rail_electric rail_fast ship,0,residential,28.161663658242976,145.57635182480186,3822.97,1475.0,3838.89,1451.77
165172307#1,1767347823,1767347847,3,highway.residential,50.004000000000005,1,,tram rail_urban rail rail_electric rail_fast ship,0,residential,53.39287686573941,142.80173262510152,3838.89,1451.77,3871.17,1409.24
165172308#0,1767347826,1767347840,3,highway.residential,50.004000000000005,1,,tram rail_urban rail rail_electric rail_fast ship,0,residential,59.56412010471479,307.58362202535733,3824.31,1475.87,3785.63,1505.64
165172308#1,1767347840,1767347826,3,highway.residential,50.004000000000005,1,,tram rail_urban rail rail_electric rail_fast ship,0,residential,51.48374709839524,131.13409176046895,3785.63,1505.64,3822.44,1473.49
165172642#0,1767349692,1767349722,3,highway.residential,50.004000000000005,1,,tram rail_urban rail rail_electric rail_fast ship,0,residential,59.7694923419849,164.67453192328549,3703.99,1526.25,3719.66,1469.07
165172642#1,1767349722,3974531850,3,highway.residential,50.004000000000005,1,,tram rail_urban rail rail_electric rail_fast ship,0,residential,66.75999277365156,175.6569835770457,3719.66,1469.07,3724.56,1404.55
165172642#2,3974531850,1767349705,3,highway.residential,50.004000000000005,1,,tram rail_urban rail rail_electric rail_fast ship,0,residential,131.1470649860172,224.9498315058632,3724.56,1404.55,3638.98,1318.82
168924807,1801078053,1801078054,3,highway.residential,50.004000000000005,1,,tram rail_urban rail rail_electric rail_fast ship,0,residential,7.891831219685656,1.2343188410955008,4209.4,2956.95,4209.57,2964.84
168924808,1801078054,1697857752,3,highway.residential,50.004000000000005,1,,tram rail_urban rail rail_electric rail_fast ship,0,residential,42.1983613425925,1.140604333821443,4209.57,2964.84,4210.41,3007.03
168924812,131830870,423402520,3,highway.residential,50.004000000000005,1,,tram rail_urban rail rail_electric rail_fast ship,0,residential,23.537508877059665,74.52280574424924,2803.05,3001.26,2825.73,3007.54
187827268,423389702,423389714,4,highway.unclassified,50.004000000000005,1,,tram rail_urban rail rail_electric rail_fast ship,0,unclassified,304.49623070630287,311.21656414353424,2805.07,3431.4,2576.14,3631.93
187827271,1687165255,423354944,3,highway.residential,50.004000000000005,1,,tram rail_urban rail rail_electric rail_fast ship,0,residential,26.418211057728513,41.702909073320825,3164.94,3072.74,3182.28,3092.2
187827272,441268010,3400054736,3,highway.residential,50.004000000000005,1,,tram rail_urban rail rail_electric rail_fast ship,0,residential,39.20685754258453,247.60702987219952,3134.1,3118.92,3107.16,3107.82
187827274,441268018,441268024,3,highway.residential,50.004000000000005,1,,tram rail_urban rail rail_electric rail_fast ship,0,residential,185.43601692370606,329.79289224356756,3026.97,3278.56,2935.69,3435.35
187827275,1675788424,441268018,3,highway.residential,50.004000000000005,1,,tram rail_urban rail rail_electric rail_fast ship,0,residential,38.78443173322127,319.1455472012911,3051.86,3249.78,3026.97,3278.56
187827276,441268012,441268015,3,highway.residential,50.004000000000005,1,,tram rail_urban rail rail_electric rail_fast ship,0,residential,77.55149209468925,322.296631031302,3142.96,3133.43,3100.16,3188.8
187827277,427667738,427667764,3,highway.residential,50.004000000000005,1,,tram rail_urban rail rail_electric rail_fast ship,0,residential,36.059285905297855,209.28764423370464,3230.67,3060.94,3213.03,3029.49
187827278#0,427667764,1687172883,3,highway.residential,50.004000000000005,1,,tram rail_urban rail rail_electric rail_fast ship,0,residential,35.06044622653553,183.6303619772849,3213.03,3029.49,3210.81,2994.5
187827278#1,1687172883,427667766,3,highway.residential,50.004000000000005,1,,tram rail_urban rail rail_electric rail_fast ship,0,residential,18.391846019364277,175.69686716605997,3210.81,2994.5,3212.19,2976.16
187827279,423363238,3400054736,3,highway.residential,50.004000000000005,1,,tram rail_urban rail rail_electric rail_fast ship,0,residential,50.098843995458914,124.18952391306556,3065.84,3135.89,3107.16,3107.82
187827280#0,423400279,1687165238,3,highway.residential,50.004000000000005,1,,tram rail_urban rail rail_electric rail_fast ship,0,residential,40.644866851431686,56.777690863464215,2986.82,3071.22,3020.64,3093.37
187827280#1,1687165238,423362547,3,highway.residential,50.004000000000005,1,,tram rail_urban rail rail_electric rail_fast ship,0,residential,12.264554618901077,50.98998632531584,3020.64,3093.37,3030.17,3101.09
187827280#2,423362547,1687165293,3,highway.residential,50.004000000000005,1,,tram rail_urban rail rail_electric rail_fast ship,0,residential,38.71849687165028,40.95762305895215,3030.17,3101.09,3055.55,3130.33
187827280#3,1687165293,423363238,3,highway.residential,50.004000000000005,1,,tram rail_urban rail rail_electric rail_fast ship,0,residential,11.696054890432015,61.61629829113855,3055.55,3130.33,3065.84,3135.89
187827281,423389695,423389699,3,highway.residential,50.004000000000005,1,,tram rail_urban rail rail_electric rail_fast ship,0,residential,9.658830156908158,310.6334652084476,2837.43,3395.2,2830.1,3401.49
187827282#0,1687165259,1687165265,3,highway.residential,50.004000000000005,1,,tram rail_urban rail rail_electric rail_fast ship,0,residential,5.327682422967813,320.48359044446636,2980.83,3248.98,2977.44,3253.09
187827282#1,1687165265,423398312,3,highway.residential,50.004000000000005,1,,tram rail_urban rail rail_electric rail_fast ship,0,residential,94.83390918496409,319.63661442067735,2977.44,3253.09,2916.03,3325.34
187827282#2,423398312,423389695,3,highway.residential,50.004000000000005,1,,tram rail_urban rail rail_electric rail_fast ship,0,residential,105.36572215584316,311.630824497223,2916.03,3325.34,2837.43,3395.2
187827283#0,423401233,423401245,3,highway.residential,50.004000000000005,1,,tram rail_urban rail rail_electric rail_fast ship,0,residential,72.72903637519745,300.3999969104138,2950.3,3147.71,2887.61,3184.49
187827283#1,423401245,423398305,3,highway.residential,50.004000000000005,1,,tram rail_urban rail rail_electric rail_fast ship,0,residential,97.95006789350614,323.8167957472932,2887.61,3184.49,2833.03,3259.11
187827283#2,423398305,423405335,3,highway.residential,50.004000000000005,1,,tram rail_urban rail rail_electric rail_fast ship,0,residential,15.565610061003834,48.74397113806947,2833.03,3259.11,2844.59,3269.25
187827283#3,423405335,1687165249,3,highway.residential,50.004000000000005,1,,tram rail_urban rail rail_electric rail_fast ship,0,residential,41.53041295243758,56.271668969949644,2844.59,3269.25,2879.13,3292.31
187827283#4,1687165249,423398312,3,highway.residential,50.004000000000005,1,,tram rail_urban rail rail_electric rail_fast ship,0,residential,49.5360840535982,48.16757783275034,2879.13,3292.31,2916.03,3325.34
187827287,1687350531,3710856334,3,highway.residential,50.004000000000005,1,,tram rail_urban rail rail_electric rail_fast ship,0,residential,101.201870180257,285.859933024074,3383.17,2994.76,3287.5,3021.94
187827288,131830869,131830870,3,highway.residential,29.988,1,,tram rail_urban rail rail_electric rail_fast ship,0,residential,15.382704573643991,73.37924308610786,2788.31,2996.86,2803.05,3001.26
187827289,423361240,131830869,3,highway.residential,29.988,1,,tram rail_urban rail rail_electric rail_fast ship,0,residential,102.31397121331452,71.47822066191259,2691.36,2964.38,2788.31,2996.86
191799405,431238992,431084476,11,highway.secondary,100.00800000000001,1,,tram rail_urban rail rail_electric rail_fast ship,0,secondary,128.88219825833116,241.49743785235347,5320.41,4394.08,5207.19,4332.6
191799407,431238993,431085289,11,highway.secondary,79.992,1,,tram rail_urban rail rail_electric rail_fast ship,0,secondary,231.0240051609813,56.28792077038588,5332.98,4391.86,5525.15,4520.08
196288048,1663642246,1663642244,3,highway.residential,50.004000000000005,1,,tram rail_urban rail rail_electric rail_fast ship,0,residential,37.200724540678756,219.85518855508425,3245.73,1476.62,3238.15,1467.54
201772610,423348297,1698115602,10,highway.tertiary,79.992,1,,tram rail_urban rail rail_electric rail_fast ship,0,tertiary,53.344012390788635,174.00617411502787,3904.86,2386.39,3910.43,2333.34
201772616#1,4103049473,5900283485,4,highway.unclassified,50.004000000000005,1,,tram rail_urban rail rail_electric rail_fast ship,0,unclassified,173.64996343628047,41.22576663660004,3964.61,1147.48,4078.73,1277.72
201772616#2,5900283485,11634481194,4,highway.unclassified,50.004000000000005,1,,tram rail_urban rail rail_electric rail_fast ship,0,unclassified,21.347002252118763,48.5893569500285,4078.73,1277.72,4094.74,1291.84
201772616#3,11634481194,429521761,4,highway.unclassified,50.004000000000005,1,,tram rail_urban rail rail_electric rail_fast ship,0,unclassified,40.166308813696894,41.217354553403425,4094.74,1291.84,4120.73,1321.51
202422660#0,1663642187,1663642195,3,highway.residential,50.004000000000005,1,,tram rail_urban rail rail_electric rail_fast ship,0,residential,98.25434223423618,9.48366213981609,4135.33,2023.87,4151.33,2119.65
202422660#1,1663642195,1663642174,3,highway.residential,50.004000000000005,1,,tram rail_urban rail rail_electric rail_fast ship,0,residential,62.51750837362226,15.080419808530905,4151.33,2119.65,4167.57,2179.92
202422660#2,1663642174,1663642168,3,highway.residential,50.004000000000005,1,,tram rail_urban rail rail_electric rail_fast ship,0,residential,98.23047100975978,1.4391421007800886,4167.57,2179.92,4170.02,2277.44
215094374,2245121875,2245121883,3,highway.residential,50.004000000000005,1,,tram rail_urban rail rail_electric rail_fast ship,0,residential,186.37687471621092,92.87925767364891,3108.58,2744.5,3198.45,2739.98
218916675,427667766,4102974615,3,highway.residential,50.004000000000005,1,,tram rail_urban rail rail_electric rail_fast ship,0,residential,76.65112113959715,145.71992852027898,3212.19,2976.16,3253.15,2916.07
218916903,429498813,429498763,3,highway.residential,50.004000000000005,1,,tram rail_urban rail rail_electric rail_fast ship,0,residential,63.358422805859064,118.52433113841573,3620.86,2857.45,3676.37,2827.28
239346831,2471405429,2471405414,3,highway.residential,50.004000000000005,1,,tram rail_urban rail rail_electric rail_fast ship,0,residential,86.03650338996869,101.92298476831775,2913.76,1987.86,2997.87,1970.1
243704191#0,2510773398,2510773350,4,highway.unclassified,50.004000000000005,1,,tram rail_urban rail rail_electric rail_fast ship,0,unclassified,28.310996096923173,43.869403177952506,3748.29,1891.82,3767.91,1912.23
243704191#1,2510773350,2510773430,4,highway.unclassified,50.004000000000005,1,,tram rail_urban rail rail_electric rail_fast ship,0,unclassified,13.94770590455667,317.2372058220519,3766.69,1913.27,3757.22,1923.51
243704191#2,2510773430,2510773365,4,highway.unclassified,50.004000000000005,1,,tram rail_urban rail rail_electric rail_fast ship,0,unclassified,34.05381965282802,212.07612766022854,3757.22,1923.51,3739.44,1895.14
243835844,2511985649,2511985615,4,highway.unclassified,50.004000000000005,1,,tram rail_urban rail rail_electric rail_fast ship,0,unclassified,82.44700176477008,163.86655258406438,2363.29,768.49,2386.2,689.29
243836884#0,8010572069,2511985644,10,highway.tertiary,79.992,1,,tram rail_urban rail rail_electric rail_fast ship,0,tertiary,45.392899224438246,47.151487476426325,3249.56,1151.22,3282.84,1182.09
243836884#1,2511985644,2511985564,10,highway.tertiary,79.992,1,,tram rail_urban rail rail_electric rail_fast ship,0,tertiary,125.66440187867566,46.118878153852336,3282.84,1182.09,3373.41,1269.19
243836884#2,2511985564,2511985641,10,highway.tertiary,79.992,1,,tram rail_urban rail rail_electric rail_fast ship,0,tertiary,29.594114279701035,32.497920222130006,3373.41,1269.19,3389.31,1294.15
243836884#3,2511985641,12698229029,10,highway.tertiary,79.992,1,,tram rail_urban rail rail_electric rail_fast ship,0,tertiary,78.89306325370339,29.863798764763203,3389.31,1294.15,3428.59,1362.56
243836884#4,12698229029,12698229034,10,highway.tertiary,79.992,1,,tram rail_urban rail rail_electric rail_fast ship,0,tertiary,47.99565455484294,28.50373357147214,3428.59,1362.56,3451.49,1404.73
243836884#5,12698229034,477356677,10,highway.tertiary,79.992,1,,tram rail_urban rail rail_electric rail_fast ship,0,tertiary,53.752226082101316,29.79909357098944,3451.49,1404.73,3478.2,1451.37
243836885,2085837088,2511999115,12,highway.primary,100.00800000000001,1,,tram rail_urban rail rail_electric rail_fast ship,0,primary,51.01411618310853,303.5764231536631,3442.48,2286.98,3400.54,2314.82
243836886#0,2085838099,2511999103,12,highway.primary,50.004000000000005,1,,tram rail_urban rail rail_electric rail_fast ship,0,primary,14.079376432098863,190.98124894371654,3025.79,2090.9,3023.12,2077.14
243836886#1,2511999103,418610143,12,highway.primary,50.004000000000005,1,,tram rail_urban rail rail_electric rail_fast ship,0,primary,22.60437169115399,197.75153257335512,3023.12,2077.14,3016.33,2055.93
243836887#0,2511999135,2511999107,10,highway.tertiary,79.992,1,,tram rail_urban rail rail_electric rail_fast ship,0,tertiary,26.65671496786561,339.6665188175061,2756.62,1533.38,2747.93,1556.83
243836888#0,2511999104,2511999127,4,highway.unclassified,50.004000000000005,1,,tram rail_urban rail rail_electric rail_fast ship,0,unclassified,22.078247213037265,257.68230327179015,3415.93,2260.55,3394.36,2255.84
243836888#1,2511999127,703891107,4,highway.unclassified,50.004000000000005,1,,tram rail_urban rail rail_electric rail_fast ship,0,unclassified,24.697467372709617,111.49946960542155,3394.36,2255.84,3417.31,2246.8
243836889,2511999115,703891016,12,highway.primary,100.00800000000001,1,,tram rail_urban rail rail_electric rail_fast ship,0,primary,174.63461452373014,322.33930423798574,3400.54,2314.82,3293.94,2452.94
243836890#0,2511999133,3469068929,4,highway.unclassified,50.004000000000005,1,,tram rail_urban rail rail_electric rail_fast ship,0,unclassified,182.72778433398182,1.2524870954113112,3316.42,2140.7,3318.56,2238.58
243836890#1,3469068929,3469068925,4,highway.unclassified,50.004000000000005,1,,tram rail_urban rail rail_electric rail_fast ship,0,unclassified,33.60097171213957,74.76432336593257,3318.56,2238.58,3350.98,2247.41
243836890#2,3469068925,2511999127,4,highway.unclassified,50.004000000000005,1,,tram rail_urban rail rail_electric rail_fast ship,0,unclassified,44.20303972700089,79.00282263557341,3350.98,2247.41,3394.36,2255.84
243957897#0,12390642059,1532579486,11,highway.secondary,50.004000000000005,1,,tram rail_urban rail rail_electric rail_fast ship,0,secondary,34.360472787437025,192.84570591305652,5356.92,3893.85,5349.29,3860.39
243957897#1,1532579486,3974700337,11,highway.secondary,50.004000000000005,1,,tram rail_urban rail rail_electric rail_fast ship,0,secondary,167.21678492856435,210.39343484931587,5349.29,3860.39,5265.52,3717.57
243957897#2,3974700337,2513116021,11,highway.secondary,50.004000000000005,1,,tram rail_urban rail rail_electric rail_fast ship,0,secondary,497.17385661896054,212.71850470544774,5265.52,3717.57,5001.79,3307.06
243957897#3,2513116021,7706126188,11,highway.secondary,50.004000000000005,1,,tram rail_urban rail rail_electric rail_fast ship,0,secondary,19.215392300300003,219.77497050527455,5001.79,3307.06,4989.52,3292.32
243957897#4,7706126188,430951504,11,highway.secondary,50.004000000000005,1,,tram rail_urban rail rail_electric rail_fast ship,0,secondary,177.007443309238,235.20737497172559,4989.52,3292.32,4845.11,3191.98
243957899#0,3340881714,6333738360,4,highway.unclassified,79.992,1,,tram rail_urban rail rail_electric rail_fast ship,0,unclassified,160.04815674241644,18.936405287992443,4296.37,4284.67,4346.79,4431.63
243957899#1,6333738360,2513116004,4,highway.unclassified,79.992,1,,tram rail_urban rail rail_electric rail_fast ship,0,unclassified,515.9919133760673,49.29204253155535,4346.79,4431.63,4609.14,4657.35
243957900#0,2513116130,4860226893,3,highway.residential,50.004000000000005,1,,tram rail_urban rail rail_electric rail_fast ship,0,residential,154.79229267170595,219.22218378771055,5303.4,3650.9,5208.22,3534.29
243957900#1,4860226893,2513116138,3,highway.residential,50.004000000000005,1,,tram rail_urban rail rail_electric rail_fast ship,0,residential,48.28561540865986,164.7034526855698,5208.22,3534.29,5220.06,3491.0
243957902#0,2513116272,431238993,11,highway.secondary,79.992,1,,tram rail_urban rail rail_electric rail_fast ship,0,secondary,44.882242704778704,349.85498841378876,5340.83,4347.99,5332.98,4391.86
243957902#1,431238993,431238992,11,highway.secondary,79.992,1,,tram rail_urban rail rail_electric rail_fast ship,0,secondary,12.764532893921102,280.015780452111,5332.98,4391.86,5320.41,4394.08
243957903,2513116138,2513116021,4,highway.unclassified,50.004000000000005,1,,tram rail_urban rail rail_electric rail_fast ship,0,unclassified,294.6797847583069,229.87856667320182,5220.06,3491.0,5001.79,3307.06
243957904#0,2513116173,2513116067,4,highway.unclassified,50.004000000000005,1,,tram rail_urban rail rail_electric rail_fast ship,0,unclassified,810.6805074128702,283.28159303230655,6053.17,2918.5,5325.53,3090.26
243957904#1,2513116067,2513116199,4,highway.unclassified,50.004000000000005,1,,tram rail_urban rail rail_electric rail_fast ship,0,unclassified,180.4918703030982,276.21951558843557,5325.53,3090.26,5147.79,3109.63
243957906,423437967,2513116124,10,highway.tertiary,79.992,1,,tram rail_urban rail rail_electric rail_fast ship,0,tertiary,98.35540651553467,16.520844451948278,4733.46,4161.73,4761.19,4255.22
243957912,2513116020,5757100185,3,highway.residential,50.004000000000005,1,,tram rail_urban rail rail_electric rail_fast ship,0,residential,154.56652017640255,270.41967127746244,5437.24,3494.56,5288.43,3495.65
243957913,2513116138,2513115997,3,highway.residential,50.004000000000005,1,,tram rail_urban rail rail_electric rail_fast ship,0,residential,197.39465161116476,75.73062551335892,5220.06,3491.0,5402.03,3537.28
269702543,2748535456,423348294,10,highway.tertiary,79.992,1,,tram rail_urban rail rail_electric rail_fast ship,0,tertiary,9.043148606766046,115.97001254625002,3714.17,2382.07,3722.3,2378.11
269702544,423348294,423348297,3,highway.residential,50.004000000000005,1,,tram rail_urban rail rail_electric rail_fast ship,1,residential,182.83947374818257,87.40313235391079,3722.3,2378.11,3904.86,2386.39
269702545,1663642204,430957314,3,highway.residential,50.004000000000005,1,,tram rail_urban rail rail_electric rail_fast ship,0,residential,77.45628484202567,356.9133296633049,4541.1,2910.36,4536.93,2987.69
269702547,703890979,429520457,12,highway.primary,100.00800000000001,2,,tram rail_urban rail rail_electric rail_fast ship,0,primary,623.6466719548577,114.44710313222174,3461.15,1946.4,4023.3,1690.84
269702561#0,2748535477,3974640294,3,highway.residential,50.004000000000005,1,,tram rail_urban rail rail_electric rail_fast ship,0,residential,120.64043215145477,24.75059026006602,3945.66,2662.79,3996.16,2772.33
269702561#1,3974640294,429503667,3,highway.residential,50.004000000000005,1,,tram rail_urban rail rail_electric rail_fast ship,0,residential,48.281603828868754,27.281542797075588,3996.16,2772.33,4018.29,2815.24
269702565#1,1663593112,1663593123,3,highway.residential,50.004000000000005,1,,tram rail_urban rail rail_electric rail_fast ship,0,residential,36.199615268032495,32.15588950652301,4048.09,2570.17,4066.56,2599.55
270968317#0,429515164,429503667,10,highway.tertiary,79.992,1,,tram rail_urban rail rail_electric rail_fast ship,0,tertiary,84.78163697420344,119.04410171086886,3944.17,2856.4,4018.29,2815.24
270968317#1,429503667,423353695,10,highway.tertiary,79.992,1,,tram rail_urban rail rail_electric rail_fast ship,0,tertiary,13.93907951954571,121.92259219332283,4018.29,2815.24,4030.12,2807.87
270968323#0,1663593126,1663593054,3,highway.residential,50.004000000000005,1,,tram rail_urban rail rail_electric rail_fast ship,0,residential,19.030102469508662,178.13297533399077,4057.99,2466.21,4058.61,2447.19
270968323#1,1663593054,1663593089,3,highway.residential,50.004000000000005,1,,tram rail_urban rail rail_electric rail_fast ship,0,residential,38.71132263304888,179.52636962494137,4058.61,2447.19,4058.93,2408.48
270968324,1663593067,1663593054,3,highway.residential,50.004000000000005,1,,tram rail_urban rail rail_electric rail_fast ship,0,residential,82.36704984397605,84.9712035931799,3976.56,2439.97,4058.61,2447.19
275506498,423348293,2748535456,3,highway.residential,50.004000000000005,1,,tram rail_urban rail rail_electric rail_fast ship,0,residential,73.97350465093083,119.77082046327905,3649.96,2418.8,3714.17,2382.07
302162779#1,3064106139,3064106135,12,highway.primary,100.00800000000001,2,,tram rail_urban rail rail_electric rail_fast ship,0,primary,21.05653620035795,254.25098645792485,4655.49,1789.92,4636.59,1784.59
302162779#2,3064106135,3064106028,12,highway.primary,100.00800000000001,2,,tram rail_urban rail rail_electric rail_fast ship,0,primary,22.057932747430687,176.20832820641226,4636.59,1784.59,4637.94,1764.22
302162779#3,3064106028,3064106026,12,highway.primary,100.00800000000001,2,,tram rail_urban rail rail_electric rail_fast ship,0,primary,5.750869499476398,125.87354974933561,4637.94,1764.22,4642.6,1760.85
302162779#4,3064106026,11510947833,12,highway.primary,100.00800000000001,2,,tram rail_urban rail rail_electric rail_fast ship,0,primary,20.051507450290504,78.49172983882931,4642.6,1760.85,4660.92,1764.58
302162779#5,11510947833,3064106031,12,highway.primary,100.00800000000001,2,,tram rail_urban rail rail_electric rail_fast ship,0,primary,7.991821822091589,30.042121316058,4660.92,1764.58,4664.87,1771.41
302162779#6,3064106031,3064106139,12,highway.primary,100.00800000000001,2,,tram rail_urban rail rail_electric rail_fast ship,0,primary,22.58343079904924,333.126246101508,4664.87,1771.41,4655.49,1789.92
302162780#0,3064106135,10936565310,12,highway.primary,100.00800000000001,1,,tram rail_urban rail rail_electric rail_fast ship,0,primary,16.79685583358397,241.21173113314958,4636.59,1784.59,4621.94,1776.54
302162780#1,10936565310,11510936202,12,highway.primary,100.00800000000001,1,,tram rail_urban rail rail_electric rail_fast ship,0,primary,1082.0479885424222,275.1774738647428,4621.94,1776.54,3585.97,1870.41
313248247,621155688,621155691,3,highway.residential,50.004000000000005,1,,tram rail_urban rail rail_electric rail_fast ship,0,residential,32.87973387970129,96.77702679575356,4044.3,2840.32,4076.95,2836.44
313248248,621155691,621155618,3,highway.residential,50.004000000000005,1,,tram rail_urban rail rail_electric rail_fast ship,0,residential,63.70769800053817,91.34915660598858,4076.95,2836.44,4140.64,2834.94
314422683,423366573,3204643489,4,highway.unclassified,50.004000000000005,1,,tram rail_urban rail rail_electric rail_fast ship,0,unclassified,152.68193093334799,166.11121887406364,2414.49,2961.79,2450.23,2817.25
314422857,3254769434,423361227,4,highway.unclassified,50.004000000000005,1,,tram rail_urban rail rail_electric rail_fast ship,0,unclassified,102.73227374841366,24.144410631433345,2530.94,2767.14,2570.05,2854.39
314422858#0,3204645803,6085704288,2,highway.living_street,10.008,1,,tram rail_urban rail rail_electric rail_fast ship,0,living_street,24.24392841586001,329.96808060587205,2545.69,2892.13,2534.29,2911.85
314422858#1,6085704288,6085704290,2,highway.living_street,10.008,1,,tram rail_urban rail rail_electric rail_fast ship,0,living_street,14.650354944505569,352.35108459668123,2534.29,2911.85,2532.34,2926.37
314422858#2,6085704290,3204645807,2,highway.living_street,10.008,1,,tram rail_urban rail rail_electric rail_fast ship,0,living_street,22.167573164421896,350.6014152836806,2532.34,2926.37,2528.72,2948.24
319058586,1663593028,2510773402,10,highway.tertiary,79.992,1,,tram rail_urban rail rail_electric rail_fast ship,0,tertiary,78.23822339496259,77.55538998752388,4175.86,2389.88,4252.26,2406.74
319058587#0,2510773402,9972395321,10,highway.tertiary,79.992,1,,tram rail_urban rail rail_electric rail_fast ship,0,tertiary,6.386235197673002,79.53466157139621,4252.26,2406.74,4258.54,2407.9
319058587#1,9972395321,2510773419,10,highway.tertiary,79.992,1,,tram rail_urban rail rail_electric rail_fast ship,0,tertiary,4.853720222674175,75.07618677397494,4258.54,2407.9,4263.23,2409.15
319058587#2,2510773419,9972395328,10,highway.tertiary,79.992,1,,tram rail_urban rail rail_electric rail_fast ship,0,tertiary,47.67748824823231,78.40722082162893,4263.23,2409.15,4309.93,2418.73
319058589#0,430957314,3974640310,11,highway.secondary,100.00800000000001,1,,tram rail_urban rail rail_electric rail_fast ship,0,secondary,41.63073037722239,83.71148356777371,4536.93,2987.69,4578.31,2992.25
319058589#1,3974640310,9719060103,11,highway.secondary,100.00800000000001,1,,tram rail_urban rail rail_electric rail_fast ship,0,secondary,18.664310863248353,80.71936026789842,4578.31,2992.25,4596.73,2995.26
319058589#2,9719060103,9719060107,11,highway.secondary,100.00800000000001,1,,tram rail_urban rail rail_electric rail_fast ship,0,secondary,71.66571844333956,69.80514827904807,4596.73,2995.26,4663.99,3020.0
319058589#3,9719060107,429653979,11,highway.secondary,100.00800000000001,1,,tram rail_urban rail rail_electric rail_fast ship,0,secondary,169.89502384340332,69.59276337467418,4663.99,3020.0,4823.22,3079.24
319058590#0,418600284,418600282,10,highway.tertiary,50.004000000000005,1,,tram rail_urban rail rail_electric rail_fast ship,0,tertiary,56.00521890947089,276.222685283378,2357.79,2773.89,2302.12,2779.96
319058590#1,418600282,131830494,10,highway.tertiary,50.004000000000005,1,,tram rail_urban rail rail_electric rail_fast ship,0,tertiary,79.06634764796172,263.828807055234,2302.12,2779.96,2226.93,2771.83
319058591,3254769439,6551565512,3,highway.residential,50.004000000000005,1,,tram rail_urban rail rail_electric rail_fast ship,0,residential,47.49378256696209,44.91468770522596,2634.77,2903.39,2668.3,2937.02
319058592#0,3254769384,5778604487,10,highway.tertiary,79.992,1,,tram rail_urban rail rail_electric rail_fast ship,0,tertiary,67.60642351137938,268.39803486310467,4316.35,1328.87,4248.77,1326.98
319058592#1,5778604487,5778604546,10,highway.tertiary,79.992,1,,tram rail_urban rail rail_electric rail_fast ship,0,tertiary,53.405560865167885,268.25097209614614,4248.77,1326.98,4195.39,1325.35
319058592#2,5778604546,429521228,10,highway.tertiary,79.992,1,,tram rail_urban rail rail_electric rail_fast ship,0,tertiary,73.2719883424971,271.2448538230193,4195.39,1325.35,4122.22,1326.94
319058592#3,429521228,5777445927,10,highway.tertiary,79.992,1,,tram rail_urban rail rail_electric rail_fast ship,0,tertiary,335.40421229998213,329.0332464609977,4122.22,1326.94,3970.39,1579.96
319058593,1687124699,423413664,11,highway.secondary,100.00800000000001,1,,tram rail_urban rail rail_electric rail_fast ship,0,secondary,63.64169376667327,159.85804738179218,3216.31,4138.46,3238.17,4078.86
319058598,423354944,441268010,3,highway.residential,50.004000000000005,1,,tram rail_urban rail rail_electric rail_fast ship,0,residential,55.22057922642412,299.01217924981665,3182.28,3092.2,3134.1,3118.92
319058600#0,418600480,418604009,12,highway.primary,50.004000000000005,1,,tram rail_urban rail rail_electric rail_fast ship,0,primary,176.76502691766123,42.04456389195013,3087.33,2349.9,3203.7,2478.94
319058600#1,418604009,418600130,12,highway.primary,50.004000000000005,1,,tram rail_urban rail rail_electric rail_fast ship,0,primary,16.002690398804905,83.50560702533136,3203.7,2478.94,3219.6,2480.75
319058601,1767344707,429521761,10,highway.tertiary,79.992,1,,tram rail_urban rail rail_electric rail_fast ship,0,tertiary,345.84680783162895,148.98854158225276,3963.66,1582.8,4120.73,1321.51
319058602#0,3340881416,430921309,11,highway.secondary,100.00800000000001,1,,tram rail_urban rail rail_electric rail_fast ship,0,secondary,167.82387336054308,124.48386758915768,4214.57,3375.39,4351.7,3281.2
319058602#1,430921309,423427964,11,highway.secondary,100.00800000000001,1,,tram rail_urban rail rail_electric rail_fast ship,0,secondary,36.53085094618613,138.3585499775811,4351.7,3281.2,4375.68,3254.23
319058603,431337530,431292590,11,highway.secondary,100.00800000000001,1,,tram rail_urban rail rail_electric rail_fast ship,0,secondary,694.6815418501445,124.53692529899627,4917.19,2704.49,5408.45,2366.39
319058604#1,423336231,429504429,10,highway.tertiary,50.004000000000005,1,,tram rail_urban rail rail_electric rail_fast ship,0,tertiary,6.302705768160606,273.6387109907547,3379.53,2730.55,3373.24,2730.95
319058604#2,429504429,3471386122,10,highway.tertiary,50.004000000000005,1,,tram rail_urban rail rail_electric rail_fast ship,0,tertiary,141.4036182068479,272.97551787554823,3373.24,2730.95,3232.03,2738.29
319058606,430909851,430960036,3,highway.residential,50.004000000000005,1,,tram rail_urban rail rail_electric rail_fast ship,0,residential,62.69614583382667,282.1994846062286,3634.58,3147.33,3574.45,3160.33
319058608#0,12390642064,431333760,11,highway.secondary,50.004000000000005,1,,tram rail_urban rail rail_electric rail_fast ship,0,secondary,77.30480839981716,269.7842397413633,4394.03,2615.19,4317.02,2614.9
319058608#1,431333760,423353686,11,highway.secondary,50.004000000000005,1,,tram rail_urban rail rail_electric rail_fast ship,1,secondary,43.308866923262215,287.8184379867903,4317.02,2614.9,4275.89,2628.12
319058611,429655324,3352997394,11,highway.secondary,50.004000000000005,1,,tram rail_urban rail rail_electric rail_fast ship,0,secondary,29.078669157993183,256.45598441620024,4621.39,2662.94,4593.12,2656.13
319058612#0,429653579,621155719,10,highway.tertiary,50.004000000000005,2,,tram rail_urban rail rail_electric rail_fast ship,0,tertiary,27.98026512287899,255.74491954946066,3985.8,2882.23,3958.72,2875.35
319058612#1,621155719,429515164,10,highway.tertiary,50.004000000000005,2,,tram rail_urban rail rail_electric rail_fast ship,0,tertiary,26.358757363241185,217.5174155135876,3958.72,2875.35,3944.17,2856.4
319058613#0,1767325521,1767335325,3,highway.residential,50.004000000000005,1,,tram rail_urban rail rail_electric rail_fast ship,0,residential,41.77226446312787,283.303430435624,3389.93,1084.2,3349.33,1093.8
319058613#1,1767335325,12384666204,3,highway.residential,50.004000000000005,1,,tram rail_urban rail rail_electric rail_fast ship,0,residential,73.0428250565077,263.52776253939095,3349.33,1093.8,3276.96,1085.59
319058613#2,12384666204,9897124731,3,highway.residential,50.004000000000005,1,,tram rail_urban rail rail_electric rail_fast ship,0,residential,10.123126987250556,259.70021589025214,3276.96,1085.59,3267.0,1083.78
319058623#0,423366587,10839457934,2,highway.living_street,10.008,1,,tram rail_urban rail rail_electric rail_fast ship,0,living_street,7.294120920302643,153.1890456996507,2609.5,2957.58,2612.79,2951.07
319058623#1,10839457934,3204645334,2,highway.living_street,10.008,1,,tram rail_urban rail rail_electric rail_fast ship,0,living_street,18.43872533837486,153.62950080698897,2612.79,2951.07,2620.98,2934.55
319058625,1687124708,1687124690,3,highway.residential,50.004000000000005,1,,tram rail_urban rail rail_electric rail_fast ship,0,residential,25.26813803983202,170.47803354076564,3358.72,3951.23,3362.9,3926.31
319058626,1687124690,1687124735,3,highway.residential,50.004000000000005,1,,tram rail_urban rail rail_electric rail_fast ship,0,residential,52.5531537549415,241.45396258305834,3362.9,3926.31,3316.76,3901.21
319058627,429518011,429518012,10,highway.tertiary,79.992,1,,tram rail_urban rail rail_electric rail_fast ship,0,tertiary,11.921418872702557,285.65578195884984,4319.96,2347.03,4308.97,2350.11
319058629,3254769381,3254769380,3,highway.residential,50.004000000000005,1,,tram rail_urban rail rail_electric rail_fast ship,0,residential,21.86070675893173,127.7715410321714,3706.73,1224.32,3724.01,1210.93
319058636,429518006,429518008,10,highway.tertiary,79.992,1,,tram rail_urban rail rail_electric rail_fast ship,0,tertiary,15.523659348034037,79.79132315662707,4306.29,2329.25,4320.45,2331.8
319058640,2511999115,429477763,12,highway.primary,100.00800000000001,1,,tram rail_urban rail rail_electric rail_fast ship,0,primary,46.5869848438483,155.00988302922588,3400.54,2314.82,3420.2,2272.64
319058643#0,423361227,10825018695,2,highway.living_street,10.008,1,,tram rail_urban rail rail_electric rail_fast ship,0,living_street,32.81504837723099,332.66188926689256,2570.05,2854.39,2554.98,2883.54
319058643#1,10825018695,3204645803,2,highway.living_street,10.008,1,,tram rail_urban rail rail_electric rail_fast ship,0,living_street,12.731474659124355,312.7580216102244,2554.98,2883.54,2545.69,2892.13
319058643#2,3204645803,6085704289,2,highway.living_street,10.008,1,,tram rail_urban rail rail_electric rail_fast ship,0,living_street,20.931435688934545,351.28921705995117,2545.69,2892.13,2542.52,2912.82
319058643#3,6085704289,6085704291,2,highway.living_street,10.008,1,,tram rail_urban rail rail_electric rail_fast ship,0,living_street,14.742106362389269,350.9849425514536,2542.52,2912.82,2540.21,2927.38
319058643#4,6085704291,3204645804,2,highway.living_street,10.008,1,,tram rail_urban rail rail_electric rail_fast ship,0,living_street,20.59486586506422,350.97675236374334,2540.21,2927.38,2536.98,2947.72
319058644,429518008,429518011,10,highway.tertiary,79.992,1,,tram rail_urban rail rail_electric rail_fast ship,0,tertiary,16.67110360591995,358.1572389388115,4320.45,2331.8,4319.96,2347.03
319058645#0,1687124677,9442763205,3,highway.residential,50.004000000000005,1,,tram rail_urban rail rail_electric rail_fast ship,0,residential,20.932930994010327,48.75742793789459,3300.11,4212.96,3315.85,4226.76
319058645#1,9442763205,1687124739,3,highway.residential,50.004000000000005,1,,tram rail_urban rail rail_electric rail_fast ship,0,residential,113.22548890743126,53.300848841245056,3315.85,4226.76,3406.25,4294.14
319058646#0,3254769383,3254769381,3,highway.residential,50.004000000000005,1,,tram rail_urban rail rail_electric rail_fast ship,0,residential,58.251162970740666,191.44589752376626,3718.21,1281.02,3706.73,1224.32
319058646#1,3254769381,3254769378,3,highway.residential,50.004000000000005,1,,tram rail_urban rail rail_electric rail_fast ship,0,residential,54.68605344785071,195.73669262547665,3706.73,1224.32,3691.9,1171.69
319058652,429517438,429517442,10,highway.tertiary,79.992,1,,tram rail_urban rail rail_electric rail_fast ship,0,tertiary,26.156115812838888,217.5962711472123,3916.81,2030.23,3903.72,2013.23
319779133#0,6555489289,5778604489,10,highway.tertiary,79.992,1,,tram rail_urban rail rail_electric rail_fast ship,0,tertiary,65.17417903085341,88.14473688066909,4316.54,1323.61,4381.68,1325.72
319779133#1,5778604489,5778604518,10,highway.tertiary,79.992,1,,tram rail_urban rail rail_electric rail_fast ship,0,tertiary,136.93231239062177,95.40165374689673,4381.68,1325.72,4514.51,1313.16
319779134,3262396875,429520308,10,highway.tertiary,79.992,1,,tram rail_urban rail rail_electric rail_fast ship,0,tertiary,251.13835425980122,226.68330058661368,4191.06,1804.56,4009.44,1633.31
319779150#0,429517435,6100271280,4,highway.unclassified,50.004000000000005,1,,tram rail_urban rail rail_electric rail_fast ship,0,unclassified,29.85017431627945,143.20308078293164,3925.4,2013.01,3943.27,1989.12
319779150#1,6100271280,3469086276,4,highway.unclassified,50.004000000000005,1,,tram rail_urban rail rail_electric rail_fast ship,0,unclassified,31.2602559170586,144.97794899570374,3943.27,1989.12,3961.21,1963.52
319779150#2,3469086276,3262396886,4,highway.unclassified,50.004000000000005,1,,tram rail_urban rail rail_electric rail_fast ship,0,unclassified,47.87960421724459,144.76975527553867,3961.21,1963.52,3988.83,1924.41
319779150#3,3262396886,3262396884,4,highway.unclassified,50.004000000000005,1,,tram rail_urban rail rail_electric rail_fast ship,0,unclassified,36.434384858262575,235.7603704440093,3988.83,1924.41,3958.71,1903.91
319779153,3262396894,3262396891,4,highway.unclassified,50.004000000000005,1,,tram rail_urban rail rail_electric rail_fast ship,0,unclassified,27.02574513311331,165.97404025798232,4076.28,2009.48,4082.83,1983.26
319779154,1663572709,1663572887,3,highway.residential,50.004000000000005,1,,tram rail_urban rail rail_electric rail_fast ship,0,residential,95.02763218948377,349.9475101958965,4237.99,1863.57,4221.72,1955.35
319779156#0,1663642168,429519308,10,highway.tertiary,79.992,1,,tram rail_urban rail rail_electric rail_fast ship,0,tertiary,137.29117963649304,69.4572578385056,4170.02,2277.44,4297.47,2325.2
319779156#1,429519308,429518006,10,highway.tertiary,79.992,1,,tram rail_urban rail rail_electric rail_fast ship,0,tertiary,9.705405710221306,65.33618528753476,4297.47,2325.2,4306.29,2329.25
327342931,3340881532,3340881527,3,highway.residential,50.004000000000005,1,,tram rail_urban rail rail_electric rail_fast ship,0,residential,4.948989795908198,187.1968155337697,3239.32,3477.65,3238.7,3472.74
327342936,3340880853,3340880859,3,highway.residential,29.988,1,,tram rail_urban rail rail_electric rail_fast ship,0,residential,152.72145446083306,76.32555886827151,4049.06,2077.41,4067.72,2081.95
327342937,3340880858,3262396894,3,highway.residential,29.988,1,,tram rail_urban rail rail_electric rail_fast ship,0,residential,72.4551874382046,166.05581635164765,4058.82,2079.8,4076.28,2009.48
327343082,418600484,3340881070,3,highway.residential,50.004000000000005,1,,tram rail_urban rail rail_electric rail_fast ship,0,residential,216.48570489817502,241.64729810935845,3073.37,2609.16,2905.07,2518.34
327343096,3340881053,6883313316,3,highway.residential,50.004000000000005,1,,tram rail_urban rail rail_electric rail_fast ship,0,residential,120.826234440896,276.74960334599234,2895.74,2507.28,2802.12,2518.36
327343097#1,3340881053,3340881070,3,highway.residential,50.004000000000005,1,,tram rail_urban rail rail_electric rail_fast ship,0,residential,26.26151141978844,40.15032518364245,2895.74,2507.28,2905.07,2518.34
327343097#2,3340881070,3340881053,3,highway.residential,50.004000000000005,1,,tram rail_urban rail rail_electric rail_fast ship,0,residential,20.186167064774963,220.15032518364245,2905.07,2518.34,2895.74,2507.28
328471844,3352997394,429655325,11,highway.secondary,29.988,1,,tram rail_urban rail rail_electric rail_fast ship,0,secondary,33.89783069711332,257.7021928381015,4593.12,2656.13,4560.0,2648.91
328471845#1,429655325,12390642063,11,highway.secondary,29.988,1,,tram rail_urban rail rail_electric rail_fast ship,0,secondary,51.46531165060752,245.49935630890894,4560.0,2648.91,4513.57,2627.75
332885552,418600147,3400054762,10,highway.tertiary,50.004000000000005,1,,tram rail_urban rail rail_electric rail_fast ship,0,tertiary,28.701924197827665,145.69855915770756,3488.55,2696.39,3504.37,2673.2
332885553,3400054740,418600147,10,highway.tertiary,50.004000000000005,1,,tram rail_urban rail rail_electric rail_fast ship,0,tertiary,57.378564618731694,268.9036129308719,3544.23,2699.04,3488.32,2697.97
332885554,418600147,3400054749,10,highway.tertiary,50.004000000000005,1,,tram rail_urban rail rail_electric rail_fast ship,0,tertiary,38.89490020039193,101.03450229156965,3488.33,2694.8,3525.97,2687.46
332885734#0,430953262,430953264,3,highway.residential,50.004000000000005,1,,tram rail_urban rail rail_electric rail_fast ship,0,residential,185.66521464604955,116.9664888231215,4393.71,3318.32,4558.69,3234.38
332885734#1,430953264,3974640337,3,highway.residential,50.004000000000005,1,,tram rail_urban rail rail_electric rail_fast ship,0,residential,27.054707538615766,96.87809860030393,4558.69,3234.38,4585.55,3231.14
332885734#2,3974640337,430951504,3,highway.residential,50.004000000000005,1,,tram rail_urban rail rail_electric rail_fast ship,0,residential,265.04048220183313,98.57954927383781,4585.55,3231.14,4845.11,3191.98
339700984,3469068906,418603034,3,highway.residential,50.004000000000005,1,,tram rail_urban rail rail_electric rail_fast ship,0,residential,156.9635354913416,93.2823246019766,3074.95,2584.62,3221.07,2576.24
339701637,3469076357,3469076361,3,highway.residential,50.004000000000005,1,,tram rail_urban rail rail_electric rail_fast ship,0,residential,126.89206857908982,284.80562310685525,3083.68,2392.12,2971.92,2421.66
339717960#0,430938463,3469226182,4,highway.unclassified,50.004000000000005,1,,tram rail_urban rail rail_electric rail_fast ship,0,unclassified,84.0381112556876,59.70919135053646,3483.89,4202.13,3555.38,4243.89
339717960#1,3469226182,3469226493,4,highway.unclassified,50.004000000000005,1,,tram rail_urban rail rail_electric rail_fast ship,0,unclassified,200.3513687872233,45.208466281005315,3555.38,4243.89,3696.06,4383.55
339940214,423336230,3471386122,3,highway.residential,50.004000000000005,1,,tram rail_urban rail rail_electric rail_fast ship,0,residential,173.22057396661162,313.67275312980945,3352.59,2623.19,3232.03,2738.29
352492431,441268015,1675788424,3,highway.residential,50.004000000000005,1,,tram rail_urban rail rail_electric rail_fast ship,0,residential,77.84169614520283,321.618558932144,3100.16,3188.8,3051.86,3249.78
35573916,416862688,416862695,11,highway.secondary,100.00800000000001,1,,tram rail_urban rail rail_electric rail_fast ship,0,secondary,52.558276664700514,339.8084552929665,4699.73,4171.03,4682.14,4218.86
35573922,416862695,416862849,11,highway.secondary,100.00800000000001,1,,tram rail_urban rail rail_electric rail_fast ship,0,secondary,56.02147508671901,179.93863360485125,4678.97,4218.61,4679.03,4162.59
357228242,7257330199,1663642168,3,highway.residential,50.004000000000005,1,,tram rail_urban rail rail_electric rail_fast ship,0,residential,6.633400334669826,187.2750049578828,4170.86,2284.02,4170.02,2277.44
35801597#0,418600480,418600481,3,highway.residential,50.004000000000005,1,,tram rail_urban rail rail_electric rail_fast ship,0,residential,15.370897826737455,349.4284308515447,3087.33,2349.9,3084.51,2365.01
35801597#1,418600481,3469076357,3,highway.residential,50.004000000000005,1,,tram rail_urban rail rail_electric rail_fast ship,0,residential,27.122702667691193,358.2463796831312,3084.51,2365.01,3083.68,2392.12
35801597#2,3469076357,3469068906,3,highway.residential,50.004000000000005,1,,tram rail_urban rail rail_electric rail_fast ship,0,residential,192.85319354547215,357.4033783599053,3083.68,2392.12,3074.95,2584.62
35801597#3,3469068906,418600484,3,highway.residential,50.004000000000005,1,,tram rail_urban rail rail_electric rail_fast ship,0,residential,24.59081129202528,356.3161144428179,3074.95,2584.62,3073.37,2609.16
35801597#4,418600484,418600142,3,highway.residential,50.004000000000005,1,,tram rail_urban rail rail_electric rail_fast ship,0,residential,138.03150571961243,356.10082482663523,3073.37,2609.16,3063.99,2746.78
35801699#0,418604009,418603034,3,highway.residential,50.004000000000005,1,,tram rail_urban rail rail_electric rail_fast ship,0,residential,102.22493452856655,10.121818330675865,3203.7,2478.94,3221.07,2576.24
35801699#1,418603034,418600143,3,highway.residential,50.004000000000005,1,,tram rail_urban rail rail_electric rail_fast ship,0,residential,218.6088708226888,322.49104855526355,3221.07,2576.24,3091.25,2745.37
35801882#1,2085837443,418600130,12,highway.primary,50.004000000000005,2,,tram rail_urban rail rail_electric rail_fast ship,0,primary,34.25464503339656,231.96988826731456,3243.33,2499.31,3219.6,2480.75
35801882#2,418600130,418600135,12,highway.primary,50.004000000000005,2,,tram rail_urban rail rail_electric rail_fast ship,0,primary,44.58413757193222,114.85727935320585,3219.6,2480.75,3251.87,2465.8
35801882#3,418600135,418600137,12,highway.primary,50.004000000000005,2,,tram rail_urban rail rail_electric rail_fast ship,0,primary,16.896258984695038,23.504104309494437,3251.87,2465.8,3258.45,2480.93
35801882#4,418600137,2085837443,12,highway.primary,50.004000000000005,2,,tram rail_urban rail rail_electric rail_fast ship,0,primary,25.45213070339755,320.55814803645364,3258.45,2480.93,3243.33,2499.31
35802071#0,2085837443,3400054739,10,highway.tertiary,50.004000000000005,1,,tram rail_urban rail rail_electric rail_fast ship,0,tertiary,100.89280057347574,53.309014891746244,3243.33,2499.31,3323.45,2559.01
35802071#1,3400054739,9719107979,10,highway.tertiary,50.004000000000005,1,,tram rail_urban rail rail_electric rail_fast ship,0,tertiary,57.049232247244234,57.6220115757061,3323.45,2559.01,3371.63,2589.56
35802071#2,9719107979,423329664,10,highway.tertiary,50.004000000000005,1,,tram rail_urban rail rail_electric rail_fast ship,0,tertiary,19.4349457344432,56.41643008281079,3371.63,2589.56,3387.79,2600.29
35802097#0,418600142,4271010195,10,highway.tertiary,50.004000000000005,1,,tram rail_urban rail rail_electric rail_fast ship,0,tertiary,21.746218061998515,271.3701989610342,3063.99,2746.78,3042.25,2747.3
35802097#1,4271010195,4271010196,10,highway.tertiary,50.004000000000005,1,,tram rail_urban rail rail_electric rail_fast ship,0,tertiary,40.18146960975925,271.36901867958255,3042.25,2747.3,3002.08,2748.26
35802097#2,4271010196,3398666972,10,highway.tertiary,50.004000000000005,1,,tram rail_urban rail rail_electric rail_fast ship,0,tertiary,98.25326457680666,272.49664536314816,3002.08,2748.26,2903.92,2752.54
35802097#3,3398666972,441267975,10,highway.tertiary,50.004000000000005,1,,tram rail_urban rail rail_electric rail_fast ship,0,tertiary,24.28668153536006,272.1237158717896,2903.92,2752.54,2879.65,2753.44
35802097#4,441267975,3583200297,10,highway.tertiary,50.004000000000005,1,,tram rail_urban rail rail_electric rail_fast ship,0,tertiary,203.41028854407563,272.2737229797734,2879.65,2753.44,2676.4,2761.51
35802097#5,3583200297,3254769434,10,highway.tertiary,50.004000000000005,1,,tram rail_urban rail rail_electric rail_fast ship,0,tertiary,145.5780235227413,272.21651522145675,2676.4,2761.51,2530.94,2767.14
35802343#1,3974576073,418609335,12,highway.primary,50.004000000000005,2,,tram rail_urban rail rail_electric rail_fast ship,0,primary,10.525952735899548,60.48669810098971,3050.11,2076.04,3059.19,2081.18
35802343#2,418609335,418609338,12,highway.primary,50.004000000000005,2,,tram rail_urban rail rail_electric rail_fast ship,0,primary,25.456795693861338,8.361681752087634,3059.19,2081.18,3062.65,2104.72
35802343#3,418609338,2085838095,12,highway.primary,50.004000000000005,2,,tram rail_urban rail rail_electric rail_fast ship,0,primary,11.330013060470531,314.92774810953046,3062.65,2104.72,3054.71,2112.64
35802343#4,2085838095,418609343,12,highway.primary,50.004000000000005,2,,tram rail_urban rail rail_electric rail_fast ship,0,primary,23.735813750767672,264.3607082401993,3054.71,2112.64,3032.43,2110.44
35802343#5,418609343,2085838099,12,highway.primary,50.004000000000005,2,,tram rail_urban rail rail_electric rail_fast ship,0,primary,21.664822669506545,198.76857049240286,3032.43,2110.44,3025.79,2090.9
35802343#6,2085838099,2085838096,12,highway.primary,50.004000000000005,2,,tram rail_urban rail rail_electric rail_fast ship,0,primary,23.339111034742157,133.53025755586737,3025.79,2090.9,3041.78,2075.71
35802343#7,2085838096,3974576073,12,highway.primary,50.004000000000005,2,,tram rail_urban rail rail_electric rail_fast ship,0,primary,8.381942595230395,87.73136551655404,3041.78,2075.71,3050.11,2076.04
35802600,12390308745,5705779286,12,highway.primary,69.98400000000001,1,,tram rail_urban rail rail_electric rail_fast ship,0,primary,665.8859979223403,237.610985617317,2591.13,1370.58,2055.59,1030.86
36284386#0,423329662,429482525,3,highway.residential,50.004000000000005,1,,tram rail_urban rail rail_electric rail_fast ship,0,residential,57.349617719531494,23.282412623908044,3544.49,2488.77,3566.84,2540.71
36284386#1,429482525,423330515,3,highway.residential,50.004000000000005,1,,tram rail_urban rail rail_electric rail_fast ship,0,residential,35.914930220756695,20.945602571187408,3566.84,2540.71,3579.64,2574.15
36284386#2,423330515,429482598,3,highway.residential,50.004000000000005,1,,tram rail_urban rail rail_electric rail_fast ship,0,residential,9.527439320195226,31.65477923161029,3579.64,2574.15,3584.64,2582.26
36284386#3,429482598,429514790,3,highway.residential,50.004000000000005,1,,tram rail_urban rail rail_electric rail_fast ship,0,residential,36.67866546100062,32.33820565042117,3584.64,2582.26,3604.26,2613.25
36284386#4,429514790,429514401,3,highway.residential,50.004000000000005,1,,tram rail_urban rail rail_electric rail_fast ship,0,residential,75.93782142798105,29.668635069022457,3604.26,2613.25,3641.63,2678.85
36284386#5,429514401,3974640292,3,highway.residential,50.004000000000005,1,,tram rail_urban rail rail_electric rail_fast ship,0,residential,63.260651447003106,42.78014570738321,3641.63,2678.85,3684.53,2725.21
36284386#6,3974640292,429483728,3,highway.residential,50.004000000000005,1,,tram rail_urban rail rail_electric rail_fast ship,0,residential,82.88750057506199,53.80928371299399,3684.53,2725.21,3750.3,2773.33
36284751,423335651,423341314,3,highway.residential,50.004000000000005,1,,tram rail_urban rail rail_electric rail_fast ship,0,residential,75.06286980243344,107.30757636268152,3365.27,2651.0,3436.93,2628.67
36284844,423329664,423336230,3,highway.residential,50.004000000000005,1,,tram rail_urban rail rail_electric rail_fast ship,0,residential,41.9934518704999,303.04674697137744,3387.79,2600.29,3352.59,2623.19
36285797#0,3400054739,423336230,3,highway.residential,50.004000000000005,1,,tram rail_urban rail rail_electric rail_fast ship,0,residential,71.7489387710328,24.419736201377418,3323.45,2559.01,3352.59,2623.19
36285797#1,423336230,423335651,3,highway.residential,50.004000000000005,1,,tram rail_urban rail rail_electric rail_fast ship,0,residential,30.564333789565787,24.51066614500786,3352.59,2623.19,3365.27,2651.0
36285797#2,423335651,423336231,3,highway.residential,50.004000000000005,1,,tram rail_urban rail rail_electric rail_fast ship,0,residential,80.8180060382588,10.162807353709923,3365.27,2651.0,3379.53,2730.55
36286792#0,3400054736,1687165260,3,highway.residential,50.004000000000005,1,,tram rail_urban rail rail_electric rail_fast ship,0,residential,35.93198714237818,122.18623836315965,3107.16,3107.82,3137.57,3088.68
36286792#1,1687165260,1687165255,3,highway.residential,50.004000000000005,1,,tram rail_urban rail rail_electric rail_fast ship,0,residential,31.67334273009862,120.21607152398934,3137.57,3088.68,3164.94,3072.74
36287006,423356668,3204643489,4,highway.unclassified,50.004000000000005,1,,tram rail_urban rail rail_electric rail_fast ship,0,unclassified,51.35127534191674,344.33936089883,2463.51,2769.88,2450.23,2817.25
36288851#0,423329664,9719107963,3,highway.residential,50.004000000000005,1,,tram rail_urban rail rail_electric rail_fast ship,0,residential,164.65085533873855,125.50045225156174,3387.79,2600.29,3521.8,2504.7
36288851#1,9719107963,423329662,3,highway.residential,50.004000000000005,1,,tram rail_urban rail rail_electric rail_fast ship,0,residential,27.724568606408155,125.0715952674301,3521.8,2504.7,3544.49,2488.77
36288851#2,423329662,429482304,3,highway.residential,50.004000000000005,1,,tram rail_urban rail rail_electric rail_fast ship,0,residential,83.44199961650025,124.55661868364422,3544.49,2488.77,3613.21,2441.44
36288851#3,429482304,423348293,3,highway.residential,50.004000000000005,1,,tram rail_urban rail rail_electric rail_fast ship,0,residential,43.164013946805206,121.63532965985473,3613.21,2441.44,3649.96,2418.8
36288941#0,429515164,429515241,10,highway.tertiary,50.004000000000005,1,,tram rail_urban rail rail_electric rail_fast ship,0,tertiary,66.9949494381766,194.84106969100193,3944.17,2856.4,3927.01,2791.64
36288941#1,429515241,10839333847,10,highway.tertiary,50.004000000000005,1,,tram rail_urban rail rail_electric rail_fast ship,0,tertiary,40.74392830895102,192.61727412835424,3927.01,2791.64,3918.11,2751.88
36288941#2,10839333847,423348300,10,highway.tertiary,50.004000000000005,1,,tram rail_urban rail rail_electric rail_fast ship,1,tertiary,79.12576053140623,192.6059959720375,3918.11,2751.88,3900.89,2674.88
36289159#0,423348300,429503665,10,highway.tertiary,50.004000000000005,1,,tram rail_urban rail rail_electric rail_fast ship,0,tertiary,45.700344226962144,116.58750469979009,3900.89,2674.88,3941.71,2654.45
36289159#1,429503665,429503708,10,highway.tertiary,50.004000000000005,1,,tram rail_urban rail rail_electric rail_fast ship,0,tertiary,69.78939423707682,113.05403526879832,3941.71,2654.45,4005.88,2627.14
36289159#2,429503708,423353678,10,highway.tertiary,50.004000000000005,1,,tram rail_urban rail rail_electric rail_fast ship,0,tertiary,65.6331308833388,111.00053024059446,4005.88,2627.14,4067.15,2603.62
36289295#0,423353678,1663593059,3,highway.residential,50.004000000000005,1,,tram rail_urban rail rail_electric rail_fast ship,0,residential,74.51931693326357,20.740524231529037,4067.15,2603.62,4093.54,2673.31
36289295#1,1663593059,429503796,3,highway.residential,50.004000000000005,1,,tram rail_urban rail rail_electric rail_fast ship,0,residential,86.35806519705359,19.633290017207003,4093.54,2673.31,4122.55,2754.63
36289394#0,423353681,1663593219,10,highway.tertiary,50.004000000000005,1,,tram rail_urban rail rail_electric rail_fast ship,0,tertiary,11.868904751492172,82.98276114245766,4146.16,2508.51,4157.94,2509.96
36289394#1,1663593219,1697838110,10,highway.tertiary,50.004000000000005,1,,tram rail_urban rail rail_electric rail_fast ship,0,tertiary,6.643530687820233,77.65827988556231,4157.94,2509.96,4164.43,2511.38
36289394#2,1697838110,1663672790,10,highway.tertiary,50.004000000000005,1,,tram rail_urban rail rail_electric rail_fast ship,0,tertiary,56.114125973227786,73.33112230100522,4164.43,2511.38,4218.1,2527.45
36289599#0,423353686,423353689,10,highway.tertiary,79.992,1,,tram rail_urban rail rail_electric rail_fast ship,0,tertiary,40.01790202066273,307.439109266361,4275.89,2628.12,4244.4,2652.23
36289599#1,423353689,8176004097,10,highway.tertiary,79.992,1,,tram rail_urban rail rail_electric rail_fast ship,0,tertiary,82.2928683537439,325.59514882681066,4244.4,2652.23,4197.92,2720.1
36290738#0,423363238,3582727733,3,highway.residential,50.004000000000005,1,,tram rail_urban rail rail_electric rail_fast ship,0,residential,25.06147498115604,323.1438215125288,3065.84,3135.89,3050.81,3155.94
36290738#1,3582727733,1687165295,3,highway.residential,50.004000000000005,1,,tram rail_urban rail rail_electric rail_fast ship,0,residential,5.420147599466262,325.3717026572256,3050.81,3155.94,3047.73,3160.4
36290738#2,1687165295,1687165275,3,highway.residential,50.004000000000005,1,,tram rail_urban rail rail_electric rail_fast ship,0,residential,47.67715595544668,323.52908488892996,3047.73,3160.4,3019.39,3198.74
36291216#0,423389714,423392202,4,highway.unclassified,50.004000000000005,1,,tram rail_urban rail rail_electric rail_fast ship,0,unclassified,298.0560886100879,257.7671870054246,2576.14,3631.93,2290.31,3569.96
36291216#1,423392202,423394196,4,highway.unclassified,50.004000000000005,1,,tram rail_urban rail rail_electric rail_fast ship,0,unclassified,1086.242420686574,280.20367128474663,2290.31,3569.96,1226.0,3761.53
36291218,423389699,423389702,3,highway.residential,50.004000000000005,1,,tram rail_urban rail rail_electric rail_fast ship,0,residential,39.00139741086216,320.07592889254977,2830.1,3401.49,2805.07,3431.4
36291828#0,423400279,423401224,3,highway.residential,50.004000000000005,1,,tram rail_urban rail rail_electric rail_fast ship,0,residential,40.55752704492726,340.24259454504806,2986.82,3071.22,2973.11,3109.39
36291828#1,423401224,423401233,3,highway.residential,50.004000000000005,1,,tram rail_urban rail rail_electric rail_fast ship,0,residential,44.62487210519507,329.236754741649,2973.11,3109.39,2950.3,3147.71
36292047#0,423402520,10825018410,3,highway.residential,50.004000000000005,1,,tram rail_urban rail rail_electric rail_fast ship,0,residential,18.72241218881952,333.7924412481436,2825.73,3007.54,2817.5,3024.26
36292047#1,10825018410,3339957021,3,highway.residential,50.004000000000005,1,,tram rail_urban rail rail_electric rail_fast ship,0,residential,72.59267630026463,26.17423710373646,2817.5,3024.26,2846.71,3083.69
36292047#2,3339957021,1687073956,3,highway.residential,50.004000000000005,1,,tram rail_urban rail rail_electric rail_fast ship,0,residential,14.877091894849608,62.056669668611335,2846.71,3083.69,2859.85,3090.66
36292047#3,1687073956,423401233,3,highway.residential,50.004000000000005,1,,tram rail_urban rail rail_electric rail_fast ship,0,residential,107.19041070261936,57.75892650714053,2859.85,3090.66,2950.3,3147.71
36292142#0,423401233,1687165253,3,highway.residential,50.004000000000005,1,,tram rail_urban rail rail_electric rail_fast ship,0,residential,67.89718617627224,321.74519570814357,2950.3,3147.71,2908.44,3200.8
36292142#1,1687165253,423405335,3,highway.residential,50.004000000000005,1,,tram rail_urban rail rail_electric rail_fast ship,0,residential,93.63042698767086,316.99134130938546,2908.44,3200.8,2844.59,3269.25
36292142#2,423405335,423406178,3,highway.residential,50.004000000000005,1,,tram rail_urban rail rail_electric rail_fast ship,0,residential,75.14539573387079,314.68190305265693,2844.59,3269.25,2791.16,3322.09
36292142#3,423406178,423389695,3,highway.residential,50.004000000000005,1,,tram rail_urban rail rail_electric rail_fast ship,0,residential,90.0641418994866,32.32898162406832,2791.16,3322.09,2837.43,3395.2
36292768#0,423389702,8766045849,4,highway.unclassified,50.004000000000005,1,,tram rail_urban rail rail_electric rail_fast ship,0,unclassified,284.93160230213164,43.507361905755886,2805.07,3431.4,2965.23,3600.13
36292768#1,8766045849,3974640348,4,highway.unclassified,50.004000000000005,1,,tram rail_urban rail rail_electric rail_fast ship,0,unclassified,134.6209077711044,1.5952659274579446,2965.23,3600.13,2968.88,3731.19
36292768#2,3974640348,423411199,4,highway.unclassified,50.004000000000005,1,,tram rail_urban rail rail_electric rail_fast ship,0,unclassified,15.737784673407992,41.33022941441129,2968.88,3731.19,2979.24,3742.97
36292830#1,423411199,423413660,4,highway.unclassified,50.004000000000005,1,,tram rail_urban rail rail_electric rail_fast ship,0,unclassified,386.34815284203694,17.326741116781648,2979.24,3742.97,3058.71,3997.7
36292830#2,423413660,423413664,4,highway.unclassified,50.004000000000005,1,,tram rail_urban rail rail_electric rail_fast ship,0,unclassified,197.57511552867123,65.66534682700637,3058.71,3997.7,3238.17,4078.86
36293029#0,1078560165,5327152041,11,highway.secondary,100.00800000000001,1,,tram rail_urban rail rail_electric rail_fast ship,0,secondary,100.21225105149131,157.31723551888024,2729.55,5428.22,2768.19,5335.77
36293029#1,5327152041,1687124699,11,highway.secondary,100.00800000000001,1,,tram rail_urban rail rail_electric rail_fast ship,0,secondary,1322.1463548532859,159.4805159246796,2768.19,5335.77,3216.31,4138.46
36293283#0,1687124698,1687124670,3,highway.residential,50.004000000000005,1,,tram rail_urban rail rail_electric rail_fast ship,0,residential,211.08768804937128,199.27042081946627,3252.17,4836.55,3182.6,4637.56
36293283#1,1687124670,11510936199,3,highway.residential,50.004000000000005,1,,tram rail_urban rail rail_electric rail_fast ship,0,residential,142.37481673774403,158.81865049973362,3182.6,4637.56,3232.51,4508.76
36293459#0,430939369,1687124829,11,highway.secondary,100.00800000000001,1,,tram rail_urban rail rail_electric rail_fast ship,0,secondary,172.95508976927331,102.57596382986344,3533.86,3616.44,3702.36,3578.85
36293459#1,1687124829,423422179,11,highway.secondary,100.00800000000001,1,,tram rail_urban rail rail_electric rail_fast ship,0,secondary,50.647721617097005,106.31142220190486,3702.36,3578.85,3750.03,3564.9
36293459#10,430894386,430894463,11,highway.secondary,100.00800000000001,1,,tram rail_urban rail rail_electric rail_fast ship,0,secondary,31.346637622131873,106.7465251929383,4033.58,3456.48,4063.59,3447.45
36293459#2,423422179,423422182,11,highway.secondary,100.00800000000001,1,,tram rail_urban rail rail_electric rail_fast ship,0,secondary,20.51289594377145,123.52738389478111,3750.03,3564.9,3767.13,3553.57
36293459#3,423422182,9442787168,11,highway.secondary,100.00800000000001,1,,tram rail_urban rail rail_electric rail_fast ship,0,secondary,87.56681633069383,120.71808556342262,3767.13,3553.57,3842.09,3509.03
36293459#4,9442787168,9442787165,11,highway.secondary,100.00800000000001,1,,tram rail_urban rail rail_electric rail_fast ship,0,secondary,20.927400698605332,113.78457824227382,3842.09,3509.03,3861.24,3500.59
36293459#5,9442787165,423422147,11,highway.secondary,100.00800000000001,1,,tram rail_urban rail rail_electric rail_fast ship,0,secondary,31.27485435835259,113.77833656110477,3861.24,3500.59,3889.86,3487.98
36293459#6,423422147,9442787182,11,highway.secondary,100.00800000000001,1,,tram rail_urban rail rail_electric rail_fast ship,0,secondary,50.48194606299211,111.0464791596549,3889.86,3487.98,3936.95,3469.86
36293459#7,9442787182,9442787141,11,highway.secondary,100.00800000000001,1,,tram rail_urban rail rail_electric rail_fast ship,0,secondary,24.156630639507206,103.79422310915743,3936.95,3469.86,3960.37,3464.11
36293459#8,9442787141,430894385,11,highway.secondary,100.00800000000001,1,,tram rail_urban rail rail_electric rail_fast ship,0,secondary,64.68344849826883,95.9848812248361,3960.37,3464.11,4024.66,3457.37
36293459#9,430894385,430894386,11,highway.secondary,100.00800000000001,1,,tram rail_urban rail rail_electric rail_fast ship,0,secondary,8.964290267500326,95.69787346193618,4024.66,3457.37,4033.58,3456.48
36293752#0,423422147,9790999492,3,highway.residential,50.004000000000005,1,,tram rail_urban rail rail_electric rail_fast ship,0,residential,25.609986333459734,21.36518726845702,3889.86,3487.98,3899.19,3511.83
36293752#1,9790999492,9790999494,3,highway.residential,50.004000000000005,1,,tram rail_urban rail rail_electric rail_fast ship,0,residential,5.33521321036027,21.32279245768285,3899.19,3511.83,3901.13,3516.8
36293752#2,9790999494,9790999489,3,highway.residential,50.004000000000005,1,,tram rail_urban rail rail_electric rail_fast ship,0,residential,31.888588868119918,21.350980247653183,3901.13,3516.8,3912.74,3546.5
36293752#3,9790999489,9790999490,3,highway.residential,50.004000000000005,1,,tram rail_urban rail rail_electric rail_fast ship,0,residential,4.936000405186436,21.262526020863618,3912.74,3546.5,3914.53,3551.1
36293752#4,9790999490,9790999487,3,highway.residential,50.004000000000005,1,,tram rail_urban rail rail_electric rail_fast ship,0,residential,28.636930701456127,21.359281062144703,3914.53,3551.1,3924.96,3577.77
36293752#5,9790999487,9790999485,3,highway.residential,50.004000000000005,1,,tram rail_urban rail rail_electric rail_fast ship,0,residential,41.732637108143464,21.34505173920303,3924.96,3577.77,3940.15,3616.64
36293752#6,9790999485,9442787175,3,highway.residential,50.004000000000005,1,,tram rail_urban rail rail_electric rail_fast ship,0,residential,27.639690663971013,21.366425698668536,3940.15,3616.64,3950.22,3642.38
36293752#7,9442787175,423422155,3,highway.residential,50.004000000000005,1,,tram rail_urban rail rail_electric rail_fast ship,0,residential,45.4912134373222,21.347674381486286,3950.22,3642.38,3966.78,3684.75
36294081#0,2513116050,2513116265,3,highway.residential,50.004000000000005,1,,tram rail_urban rail rail_electric rail_fast ship,0,residential,27.619692604491,7.287275831934835,4175.45,3849.82,4178.95,3877.19
36294081#1,2513116265,3974640360,3,highway.residential,50.004000000000005,1,,tram rail_urban rail rail_electric rail_fast ship,0,residential,39.87024579808847,0.20118826596598183,4178.95,3877.19,4179.09,3917.06
36294081#2,3974640360,2513116012,3,highway.residential,50.004000000000005,1,,tram rail_urban rail rail_electric rail_fast ship,0,residential,7.200062499729007,0.23873103309688304,4179.09,3917.06,4179.12,3924.26
36294081#3,2513116012,2513116083,3,highway.residential,50.004000000000005,1,,tram rail_urban rail rail_electric rail_fast ship,0,residential,36.784741401836605,353.66324840896596,4179.12,3924.26,4175.06,3960.82
36294081#4,2513116083,3340881714,3,highway.residential,50.004000000000005,1,,tram rail_urban rail rail_electric rail_fast ship,0,residential,355.8188979903526,20.535296629560264,4175.06,3960.82,4296.37,4284.67
36294383#0,423427964,423429428,11,highway.secondary,100.00800000000001,1,,tram rail_urban rail rail_electric rail_fast ship,0,secondary,37.736202776644106,14.157765280944886,4375.68,3254.23,4384.91,3290.82
36294383#1,423429428,3400032680,11,highway.secondary,100.00800000000001,1,,tram rail_urban rail rail_electric rail_fast ship,0,secondary,22.875128719948314,356.50670065790547,4384.91,3290.82,4383.52,3313.59
36294383#10,2513116184,423436157,11,highway.secondary,100.00800000000001,1,,tram rail_urban rail rail_electric rail_fast ship,0,secondary,188.32472117234752,27.071357600239764,4560.77,3894.32,4646.45,4061.96
36294383#2,3400032680,9719060069,11,highway.secondary,100.00800000000001,1,,tram rail_urban rail rail_electric rail_fast ship,0,secondary,43.02233749969341,335.711324009462,4383.52,3313.59,4366.06,3352.28
36294383#3,9719060069,9719060064,11,highway.secondary,100.00800000000001,1,,tram rail_urban rail rail_electric rail_fast ship,0,secondary,48.403260220774555,324.3659991188405,4366.06,3352.28,4337.86,3391.62
36294383#4,9719060064,3340881534,11,highway.secondary,100.00800000000001,1,,tram rail_urban rail rail_electric rail_fast ship,0,secondary,106.16272636872627,329.29925454250747,4337.86,3391.62,4284.07,3482.21
36294383#5,3340881534,423436101,11,highway.secondary,100.00800000000001,1,,tram rail_urban rail rail_electric rail_fast ship,0,secondary,47.22605067634936,352.0262975314266,4284.07,3482.21,4277.53,3528.9
36294383#6,423436101,6333709080,11,highway.secondary,100.00800000000001,1,,tram rail_urban rail rail_electric rail_fast ship,0,secondary,206.65150108945838,342.03273251562234,4277.53,3528.9,4214.43,3723.48
36294383#7,6333709080,423436118,11,highway.secondary,100.00800000000001,1,,tram rail_urban rail rail_electric rail_fast ship,0,secondary,149.14723430877274,7.144263345830666,4214.43,3723.48,4231.88,3862.7
36294383#8,423436118,3974640355,11,highway.secondary,100.00800000000001,1,,tram rail_urban rail rail_electric rail_fast ship,0,secondary,5.804980620122232,99.21892613810655,4231.88,3862.7,4237.61,3861.77
36294383#9,3974640355,2513116184,11,highway.secondary,100.00800000000001,1,,tram rail_urban rail rail_electric rail_fast ship,0,secondary,656.5933288827973,84.24833273873355,4237.61,3861.77,4560.77,3894.32
36294993,423437975,423436157,11,highway.secondary,100.00800000000001,1,,tram rail_urban rail rail_electric rail_fast ship,0,secondary,50.4823395787554,202.04127260362594,4665.26,4108.42,4646.45,4061.96
36295293#0,423436164,423437956,11,highway.secondary,100.00800000000001,1,,tram rail_urban rail rail_electric rail_fast ship,0,secondary,15.13713314997289,115.34617594194629,4680.0,4090.76,4693.68,4084.28
36295293#1,423437956,423437958,11,highway.secondary,100.00800000000001,1,,tram rail_urban rail rail_electric rail_fast ship,0,secondary,20.63749009922715,92.34870573551842,4693.68,4084.28,4714.16,4083.44
36295293#2,423437958,423437962,11,highway.secondary,100.00800000000001,1,,tram rail_urban rail rail_electric rail_fast ship,0,secondary,47.96372962490156,48.115064759905465,4714.16,4083.44,4748.26,4114.02
36295293#3,423437962,423437965,11,highway.secondary,100.00800000000001,1,,tram rail_urban rail rail_electric rail_fast ship,0,secondary,27.599641854619307,359.1995963276444,4748.26,4114.02,4747.88,4141.22
36295293#4,423437965,423437967,11,highway.secondary,100.00800000000001,1,,tram rail_urban rail rail_electric rail_fast ship,0,secondary,25.329034054553127,324.89003348688817,4747.88,4141.22,4733.46,4161.73
36295293#5,423437967,423437969,11,highway.secondary,100.00800000000001,1,,tram rail_urban rail rail_electric rail_fast ship,0,secondary,23.063135367520864,293.63941980613436,4733.46,4161.73,4712.51,4170.9
36295293#6,423437969,416862688,11,highway.secondary,100.00800000000001,1,,tram rail_urban rail rail_electric rail_fast ship,0,secondary,12.780661172256183,270.5828008176313,4712.51,4170.9,4699.73,4171.03
36295293#7,416862688,416862849,11,highway.secondary,100.00800000000001,1,,tram rail_urban rail rail_electric rail_fast ship,0,secondary,22.535740260763454,247.8178300148316,4699.73,4171.03,4679.03,4162.59
36295293#8,416862849,423437975,11,highway.secondary,100.00800000000001,1,,tram rail_urban rail rail_electric rail_fast ship,0,secondary,60.286659178506895,194.26249162742985,4679.03,4162.59,4665.26,4108.42
36295293#9,423437975,423436164,11,highway.secondary,100.00800000000001,1,,tram rail_urban rail rail_electric rail_fast ship,0,secondary,23.203066623071756,140.14978119812673,4665.26,4108.42,4680.0,4090.76
36785117#0,1687165255,429505284,3,highway.residential,50.004000000000005,1,,tram rail_urban rail rail_electric rail_fast ship,0,residential,35.216686157106636,137.00453403210577,3164.94,3072.74,3188.1,3047.9
36785117#1,429505284,427667764,3,highway.residential,50.004000000000005,1,,tram rail_urban rail rail_electric rail_fast ship,0,residential,30.990853489376924,126.44467056171925,3188.1,3047.9,3213.03,3029.49
36933050,429482301,429477758,3,highway.residential,50.004000000000005,1,,tram rail_urban rail rail_electric rail_fast ship,0,residential,32.967160114683765,249.38667129502667,3494.15,2293.57,3463.47,2282.03
36933113,429478889,429477775,3,highway.residential,50.004000000000005,1,,tram rail_urban rail rail_electric rail_fast ship,0,residential,25.71261558068345,334.20230162207076,3483.04,2216.49,3471.85,2239.64
36933126#0,429478908,429478913,3,highway.residential,50.004000000000005,1,,tram rail_urban rail rail_electric rail_fast ship,0,residential,86.17489540690792,17.38338226399742,3672.23,2081.42,3697.97,2163.64
36933126#1,429478913,9719107988,3,highway.residential,50.004000000000005,1,,tram rail_urban rail rail_electric rail_fast ship,0,residential,105.14339384538329,35.14097368122208,3697.97,2163.64,3758.37,2249.45
36933126#2,9719107988,429478936,3,highway.residential,50.004000000000005,1,,tram rail_urban rail rail_electric rail_fast ship,0,residential,179.32206985080674,65.98529561508303,3758.37,2249.45,3913.06,2318.37
36933151#0,429478889,5779266071,3,highway.residential,50.004000000000005,1,,tram rail_urban rail rail_electric rail_fast ship,0,residential,102.3353635177251,136.83743399835294,3483.04,2216.49,3551.53,2143.46
36933151#1,5779266071,429478908,3,highway.residential,50.004000000000005,1,,tram rail_urban rail rail_electric rail_fast ship,0,residential,137.3660215466735,117.20323904236545,3551.53,2143.46,3672.23,2081.42
36933156,429477773,429478889,3,highway.residential,50.004000000000005,1,,tram rail_urban rail rail_electric rail_fast ship,0,residential,28.6329355812499,113.44032125011677,3456.77,2227.88,3483.04,2216.49
36933223,429477778,429482301,3,highway.residential,50.004000000000005,1,,tram rail_urban rail rail_electric rail_fast ship,0,residential,37.4291964764282,27.887662481731525,3476.75,2260.69,3494.15,2293.57
36933240,423330515,423341314,3,highway.residential,50.004000000000005,1,,tram rail_urban rail rail_electric rail_fast ship,0,residential,152.7746549345262,290.90853158614374,3579.64,2574.15,3436.93,2628.67
36933282#0,429482301,3974640274,3,highway.residential,50.004000000000005,1,,tram rail_urban rail rail_electric rail_fast ship,0,residential,60.59415195226431,39.60540244254571,3494.15,2293.57,3532.7,2340.16
36933282#1,3974640274,429482304,3,highway.residential,50.004000000000005,1,,tram rail_urban rail rail_electric rail_fast ship,0,residential,129.3994778173102,38.482064928097486,3532.7,2340.16,3613.21,2441.44
36933306,429482526,429482525,3,highway.residential,50.004000000000005,1,,tram rail_urban rail rail_electric rail_fast ship,0,residential,141.52222645383938,309.843470958107,3675.33,2450.18,3566.84,2540.71
36933307#0,423348293,429482526,3,highway.residential,50.004000000000005,1,,tram rail_urban rail rail_electric rail_fast ship,0,residential,40.35271118524718,38.954733224005736,3649.96,2418.8,3675.33,2450.18
36933307#1,429482526,429483201,3,highway.residential,50.004000000000005,1,,tram rail_urban rail rail_electric rail_fast ship,0,residential,35.26640327563912,41.87369826432064,3675.33,2450.18,3698.87,2476.44
36933307#2,429483201,429483203,3,highway.residential,50.004000000000005,1,,tram rail_urban rail rail_electric rail_fast ship,0,residential,66.57407678668957,39.850750076671204,3698.87,2476.44,3741.53,2527.55
36934835#0,429498763,3974640296,10,highway.tertiary,50.004000000000005,1,,tram rail_urban rail rail_electric rail_fast ship,0,tertiary,69.89190491365764,220.40522959147725,3676.37,2827.28,3631.17,2774.18
36934835#1,3974640296,3398666969,10,highway.tertiary,50.004000000000005,1,,tram rail_urban rail rail_electric rail_fast ship,0,tertiary,78.2316740116255,225.3936368406836,3631.17,2774.18,3575.48,2719.25
36934835#2,3398666969,3400054740,10,highway.tertiary,50.004000000000005,1,,tram rail_urban rail rail_electric rail_fast ship,0,tertiary,37.22339656385813,237.10844310084053,3575.48,2719.25,3544.23,2699.04
36934854#0,429483728,1687286932,3,highway.residential,50.004000000000005,1,,tram rail_urban rail rail_electric rail_fast ship,0,residential,36.839118184215536,31.287148390250422,3750.3,2773.33,3768.92,2803.97
36934854#1,1687286932,429514061,3,highway.residential,50.004000000000005,1,,tram rail_urban rail rail_electric rail_fast ship,0,residential,113.94275570227134,33.24073650117009,3768.92,2803.97,3831.15,2898.92
36934860#0,429483724,12031893397,10,highway.tertiary,50.004000000000005,1,,tram rail_urban rail rail_electric rail_fast ship,0,tertiary,8.360436591470657,124.62146961302858,3818.21,2729.47,3825.09,2724.72
36934860#1,12031893397,1687287027,10,highway.tertiary,50.004000000000005,1,,tram rail_urban rail rail_electric rail_fast ship,0,tertiary,11.736924639785345,128.14900113216686,3825.09,2724.72,3834.32,2717.47
36934860#2,1687287027,429514808,10,highway.tertiary,50.004000000000005,1,,tram rail_urban rail rail_electric rail_fast ship,0,tertiary,8.046179217491925,123.23581888124306,3834.32,2717.47,3841.05,2713.06
36934860#3,429514808,12390642067,10,highway.tertiary,50.004000000000005,1,,tram rail_urban rail rail_electric rail_fast ship,0,tertiary,27.479512674912897,121.79075184111508,3841.05,2713.06,3864.38,2698.6
36935040#0,429498811,429501004,3,highway.residential,50.004000000000005,1,,tram rail_urban rail rail_electric rail_fast ship,0,residential,49.18329492825766,324.3580472274865,3600.29,2928.82,3571.63,2968.79
36935040#1,429501004,10944806734,3,highway.residential,50.004000000000005,1,,tram rail_urban rail rail_electric rail_fast ship,0,residential,11.925401460747521,291.9620014095125,3571.63,2968.79,3560.57,2973.25
36935040#2,10944806734,429501000,3,highway.residential,50.004000000000005,1,,tram rail_urban rail rail_electric rail_fast ship,0,residential,96.28190625157079,280.04934858812476,3560.57,2973.25,3466.56,2989.91
36935040#3,429501000,429500997,3,highway.residential,50.004000000000005,1,,tram rail_urban rail rail_electric rail_fast ship,0,residential,64.14600985188657,255.9712201594104,3466.56,2989.91,3412.37,2976.37
36935056,429513633,429498811,3,highway.residential,50.004000000000005,1,,tram rail_urban rail rail_electric rail_fast ship,0,residential,66.35854474518295,231.2548677548689,3651.82,2970.17,3600.29,2928.82
36935200,429503665,2748535477,3,highway.residential,50.004000000000005,1,,tram rail_urban rail rail_electric rail_fast ship,0,residential,9.228146827741178,25.343222703480137,3941.71,2654.45,3945.66,2662.79
36935232,3974640293,429503708,3,highway.residential,50.004000000000005,1,,tram rail_urban rail rail_electric rail_fast ship,0,residential,123.2903054537894,202.30598430913437,4052.62,2741.07,4005.88,2627.14
36935235#0,423353678,1663593123,10,highway.tertiary,50.004000000000005,1,,tram rail_urban rail rail_electric rail_fast ship,0,tertiary,4.112541793100442,188.24831906297982,4067.15,2603.62,4066.56,2599.55
36935235#1,1663593123,423353680,10,highway.tertiary,50.004000000000005,1,,tram rail_urban rail rail_electric rail_fast ship,0,tertiary,33.811076412451584,160.06482878594863,4066.56,2599.55,4078.05,2567.87
36935235#2,423353680,1663593188,10,highway.tertiary,50.004000000000005,1,,tram rail_urban rail rail_electric rail_fast ship,0,tertiary,24.85046880845507,130.59379225150133,4078.05,2567.87,4096.92,2551.7
36935235#3,1663593188,423353681,10,highway.tertiary,50.004000000000005,1,,tram rail_urban rail rail_electric rail_fast ship,0,tertiary,66.17135642275856,131.25505038142205,4096.92,2551.7,4146.16,2508.51
36935320#0,429504429,2631123569,3,highway.residential,50.004000000000005,1,,tram rail_urban rail rail_electric rail_fast ship,0,residential,76.67373065589332,344.13551563601527,3373.24,2730.95,3352.5,2803.93
36935320#1,2631123569,429504646,3,highway.residential,50.004000000000005,1,,tram rail_urban rail rail_electric rail_fast ship,0,residential,139.6458020337531,320.69009165820336,3352.5,2803.93,3265.3,2910.43
36936200,429498811,441267991,3,highway.residential,50.004000000000005,1,,tram rail_urban rail rail_electric rail_fast ship,0,residential,34.21695754481205,172.613647297429,3600.29,2928.82,3604.66,2895.11
36936220,429498763,429513955,10,highway.tertiary,50.004000000000005,1,,tram rail_urban rail rail_electric rail_fast ship,0,tertiary,118.68194436363675,23.37522213026307,3676.37,2827.28,3723.18,2935.58
36936236#0,429483728,429483726,10,highway.tertiary,50.004000000000005,1,,tram rail_urban rail rail_electric rail_fast ship,0,tertiary,32.78558509917106,128.87001195281107,3750.3,2773.33,3775.82,2752.76
36936236#1,429483726,429483724,10,highway.tertiary,50.004000000000005,1,,tram rail_urban rail rail_electric rail_fast ship,0,tertiary,48.48199473431042,118.78536332230146,3775.82,2752.76,3818.21,2729.47
36936262#0,429514241,3974640305,3,highway.residential,50.004000000000005,1,,tram rail_urban rail rail_electric rail_fast ship,0,residential,103.13788873028751,19.681880149041092,3706.7,2813.92,3741.4,2910.93
36936262#1,3974640305,429514244,3,highway.residential,50.004000000000005,1,,tram rail_urban rail rail_electric rail_fast ship,0,residential,16.795014141107803,18.683074353084805,3741.4,2910.93,3746.78,2926.84
36936288,429514401,429483726,3,highway.residential,50.004000000000005,1,,tram rail_urban rail rail_electric rail_fast ship,0,residential,202.113796589481,61.154633580759025,3641.63,2678.85,3775.82,2752.76
36936327,429514808,429514790,3,highway.residential,50.004000000000005,1,,tram rail_urban rail rail_electric rail_fast ship,0,residential,349.10889658039224,247.14395743483573,3841.05,2713.06,3604.26,2613.25
36936373#0,423348300,423348298,10,highway.tertiary,79.992,1,,tram rail_urban rail rail_electric rail_fast ship,0,tertiary,111.7539980396055,182.0172017439462,3900.89,2674.88,3896.96,2563.3
36936373#1,423348298,1663593204,10,highway.tertiary,79.992,1,,tram rail_urban rail rail_electric rail_fast ship,0,tertiary,29.642835559372845,179.2074975883928,3896.96,2563.3,3897.37,2533.66
36936373#2,1663593204,1663593013,10,highway.tertiary,79.992,1,,tram rail_urban rail rail_electric rail_fast ship,0,tertiary,40.68637642944425,177.79196332929837,3897.37,2533.66,3898.93,2493.2
36936373#3,1663593013,1663593061,10,highway.tertiary,79.992,1,,tram rail_urban rail rail_electric rail_fast ship,0,tertiary,28.621532104344013,177.7773982098845,3898.93,2493.2,3900.04,2464.6
36936373#4,1663593061,423348297,10,highway.tertiary,79.992,1,,tram rail_urban rail rail_electric rail_fast ship,1,tertiary,78.36368444710374,176.47338173574735,3900.04,2464.6,3904.86,2386.39
36936380,429515277,429515276,3,highway.residential,50.004000000000005,1,,tram rail_urban rail rail_electric rail_fast ship,0,residential,77.85750745906985,199.30994701136044,3868.4,2884.46,3842.79,2811.37
36936392#0,429515241,3400054744,3,highway.residential,50.004000000000005,1,,tram rail_urban rail rail_electric rail_fast ship,0,residential,5.547340339418581,282.70810156401257,3927.01,2791.64,3921.6,2792.86
36936392#1,3400054744,429515276,3,highway.residential,50.004000000000005,1,,tram rail_urban rail rail_electric rail_fast ship,0,residential,80.95988799911305,283.21742021115824,3921.6,2792.86,3842.79,2811.37
36936396#0,423353695,429503790,10,highway.tertiary,79.992,1,,tram rail_urban rail rail_electric rail_fast ship,0,tertiary,48.22202803965517,118.71761472027572,4030.12,2807.87,4072.41,2784.7
36936396#1,429503790,423353694,10,highway.tertiary,79.992,1,,tram rail_urban rail rail_electric rail_fast ship,0,tertiary,33.08993351459026,120.2302633265466,4072.41,2784.7,4101.0,2768.04
36936396#2,423353694,429503796,10,highway.tertiary,79.992,1,,tram rail_urban rail rail_electric rail_fast ship,0,tertiary,25.381698130739874,121.89292139230508,4101.0,2768.04,4122.55,2754.63
36936396#3,429503796,3750151716,10,highway.tertiary,79.992,1,,tram rail_urban rail rail_electric rail_fast ship,0,tertiary,15.023989328291055,110.80679101271181,4122.55,2754.63,4136.55,2749.31
36936396#4,3750151716,1697838035,10,highway.tertiary,79.992,1,,tram rail_urban rail rail_electric rail_fast ship,0,tertiary,43.05733247059049,101.24990958872223,4136.55,2749.31,4178.78,2740.91
36936407#0,429515164,1687286991,10,highway.tertiary,10.008,1,,tram rail_urban rail rail_electric rail_fast ship,0,tertiary,63.47039114595078,290.1744595322489,3944.17,2856.4,3884.62,2878.28
36936407#1,1687286991,429515277,10,highway.tertiary,10.008,1,,tram rail_urban rail rail_electric rail_fast ship,0,tertiary,17.357442207882805,290.85739583271055,3884.62,2878.28,3868.4,2884.46
36936407#2,429515277,1687286974,10,highway.tertiary,10.008,1,,tram rail_urban rail rail_electric rail_fast ship,0,tertiary,28.348589030144176,291.0882987108142,3868.4,2884.46,3841.95,2894.66
36936423#0,423354944,1687172869,3,highway.residential,50.004000000000005,1,,tram rail_urban rail rail_electric rail_fast ship,0,residential,22.234163040959437,83.50733263989537,3182.28,3092.2,3203.72,3094.64
36936423#1,1687172869,1687172877,3,highway.residential,50.004000000000005,1,,tram rail_urban rail rail_electric rail_fast ship,0,residential,49.61445353926614,93.53599437245055,3203.72,3094.64,3253.24,3091.58
36936423#2,1687172877,5326377430,3,highway.residential,50.004000000000005,1,,tram rail_urban rail rail_electric rail_fast ship,0,residential,154.36061033998374,99.902000855903,3253.24,3091.58,3402.87,3065.46
36936423#3,5326377430,8792653545,3,highway.residential,50.004000000000005,1,,tram rail_urban rail rail_electric rail_fast ship,0,residential,25.044570269821154,111.13441919753353,3402.87,3065.46,3426.23,3056.43
36936423#4,8792653545,3974640317,3,highway.residential,50.004000000000005,1,,tram rail_urban rail rail_electric rail_fast ship,0,residential,30.511931006100404,111.53637916463174,3426.23,3056.43,3454.61,3045.23
36936423#5,3974640317,423353705,3,highway.residential,50.004000000000005,1,,tram rail_urban rail rail_electric rail_fast ship,0,residential,27.772972473251414,111.5025976192685,3454.61,3045.23,3480.45,3035.05
36936423#6,423353705,3754728292,3,highway.residential,50.004000000000005,1,,tram rail_urban rail rail_electric rail_fast ship,0,residential,3.0938002521171883,106.91210683179241,3480.45,3035.05,3483.41,3034.15
36936423#7,3754728292,423353704,3,highway.residential,50.004000000000005,1,,tram rail_urban rail rail_electric rail_fast ship,0,residential,78.53310753422731,104.77772891605503,3483.41,3034.15,3559.34,3014.12
36936480#0,429517166,2511985600,10,highway.tertiary,79.992,1,,tram rail_urban rail rail_electric rail_fast ship,0,tertiary,3.784309712484133,246.48332376322196,3500.61,1509.6,3497.14,1508.09
36936480#1,2511985600,429517168,10,highway.tertiary,79.992,1,,tram rail_urban rail rail_electric rail_fast ship,0,tertiary,15.535409546581857,228.76403486490543,3497.14,1508.09,3485.8,1498.15
36936480#2,429517168,429517170,10,highway.tertiary,79.992,1,,tram rail_urban rail rail_electric rail_fast ship,0,tertiary,19.645350348263488,174.4482782934739,3485.8,1498.15,3487.64,1479.22
36936494#0,429517433,429517435,10,highway.tertiary,79.992,1,,tram rail_urban rail rail_electric rail_fast ship,0,tertiary,15.519749566023837,64.23672363873641,3912.16,2006.62,3925.4,2013.01
36936494#1,429517435,429517436,10,highway.tertiary,79.992,1,,tram rail_urban rail rail_electric rail_fast ship,0,tertiary,7.752805943656842,7.858362277952779,3925.4,2013.01,3926.46,2020.69
36936541,429518012,429518015,10,highway.tertiary,79.992,1,,tram rail_urban rail rail_electric rail_fast ship,0,tertiary,14.034463019438522,220.02228380152096,4308.97,2350.11,4300.48,2340.0
36936590#0,429517164,10152611775,10,highway.tertiary,79.992,1,,tram rail_urban rail rail_electric rail_fast ship,0,tertiary,10.160019685020384,359.8872131781352,3519.01,1502.56,3518.99,1512.72
36936590#1,10152611775,4864301179,10,highway.tertiary,79.992,1,,tram rail_urban rail rail_electric rail_fast ship,0,tertiary,136.03036122332912,28.179388416340828,3518.99,1512.72,3583.01,1632.22
36936590#2,4864301179,10152611772,10,highway.tertiary,79.992,1,,tram rail_urban rail rail_electric rail_fast ship,0,tertiary,24.029615061419445,29.0823950974696,3583.01,1632.22,3594.69,1653.22
36936590#3,10152611772,4864301213,10,highway.tertiary,79.992,1,,tram rail_urban rail rail_electric rail_fast ship,0,tertiary,17.91051646379848,29.098104140241333,3594.69,1653.22,3603.4,1668.87
36936590#4,4864301213,6100212287,10,highway.tertiary,79.992,1,,tram rail_urban rail rail_electric rail_fast ship,0,tertiary,21.86213393061168,28.405481662926945,3603.4,1668.87,3613.8,1688.1
36936590#5,6100212287,6100210984,10,highway.tertiary,79.992,1,,tram rail_urban rail rail_electric rail_fast ship,0,tertiary,18.976293104819103,25.970914024901788,3613.8,1688.1,3622.11,1705.16
36936590#6,6100210984,10152611769,10,highway.tertiary,79.992,1,,tram rail_urban rail rail_electric rail_fast ship,0,tertiary,74.58814450031572,29.183680357163496,3622.11,1705.16,3658.48,1770.28
36936590#7,10152611769,8010594217,10,highway.tertiary,79.992,1,,tram rail_urban rail rail_electric rail_fast ship,0,tertiary,15.355500576647447,34.768448962918455,3658.48,1770.28,3667.22,1782.87
36936590#8,8010594217,2510773346,10,highway.tertiary,79.992,1,,tram rail_urban rail rail_electric rail_fast ship,0,tertiary,117.5298377178066,33.066748518061615,3667.22,1782.87,3730.79,1880.51
36936616#1,8010593583,10152611770,10,highway.tertiary,79.992,1,,tram rail_urban rail rail_electric rail_fast ship,0,tertiary,22.66041923707509,209.35913087829243,3664.76,1792.47,3653.65,1772.72
36936616#2,10152611770,10152611771,10,highway.tertiary,79.992,1,,tram rail_urban rail rail_electric rail_fast ship,0,tertiary,74.45216450849507,209.37452189359962,3653.65,1772.72,3617.13,1707.84
36936616#3,10152611771,10152611773,10,highway.tertiary,79.992,1,,tram rail_urban rail rail_electric rail_fast ship,0,tertiary,62.481659709069895,208.76780695137327,3617.13,1707.84,3587.06,1653.07
36936616#4,10152611773,12384564863,10,highway.tertiary,79.992,1,,tram rail_urban rail rail_electric rail_fast ship,0,tertiary,50.98621774558283,209.4912014513791,3587.06,1653.07,3561.96,1608.69
36936616#5,12384564863,10152611774,10,highway.tertiary,79.992,1,,tram rail_urban rail rail_electric rail_fast ship,0,tertiary,105.37765001148927,209.25907816827717,3561.96,1608.69,3510.48,1516.8
36936616#6,10152611774,429517166,10,highway.tertiary,79.992,1,,tram rail_urban rail rail_electric rail_fast ship,0,tertiary,12.21707411780736,233.88987414741342,3510.48,1516.8,3500.61,1509.6
36936655#0,429517436,2510773390,10,highway.tertiary,79.992,1,,tram rail_urban rail rail_electric rail_fast ship,0,tertiary,81.42004188601638,28.85439947605863,3926.46,2020.69,3965.63,2091.78
36936655#1,2510773390,429519302,10,highway.tertiary,79.992,1,,tram rail_urban rail rail_electric rail_fast ship,0,tertiary,59.8417152902841,28.394388987045886,3965.63,2091.78,3994.01,2144.28
36936655#2,429519302,8010603614,10,highway.tertiary,79.992,1,,tram rail_urban rail rail_electric rail_fast ship,0,tertiary,10.496523233908915,38.88997902108724,3994.01,2144.28,4000.6,2152.45
36936655#3,8010603614,429519303,10,highway.tertiary,79.992,1,,tram rail_urban rail rail_electric rail_fast ship,0,tertiary,28.39084535550169,38.72284335656752,4000.6,2152.45,4018.36,2174.6
36936655#4,429519303,9972395449,10,highway.tertiary,79.992,1,,tram rail_urban rail rail_electric rail_fast ship,0,tertiary,88.38519515606569,40.509835349690775,4018.36,2174.6,4075.74,2241.76
36936655#5,9972395449,8010600994,10,highway.tertiary,79.992,1,,tram rail_urban rail rail_electric rail_fast ship,0,tertiary,85.52215648805495,68.70403248581374,4075.74,2241.76,4154.78,2272.57
36936655#6,8010600994,1663642168,10,highway.tertiary,79.992,1,,tram rail_urban rail rail_electric rail_fast ship,0,tertiary,15.999203105155582,72.27852173141912,4154.78,2272.57,4170.02,2277.44
36936727#0,429518015,3262396896,10,highway.tertiary,79.992,1,,tram rail_urban rail rail_electric rail_fast ship,0,tertiary,10.24685805503311,224.24875263927558,4300.48,2340.0,4293.33,2332.66
36936727#1,3262396896,3625526955,10,highway.tertiary,79.992,1,,tram rail_urban rail rail_electric rail_fast ship,0,tertiary,118.6555163743082,247.6148201602229,4293.33,2332.66,4184.8,2287.96
36936727#2,3625526955,7257330199,10,highway.tertiary,79.992,1,,tram rail_urban rail rail_electric rail_fast ship,0,tertiary,14.486103685947255,254.21759184314368,4184.8,2287.96,4170.86,2284.02
36936727#3,7257330199,8010580992,10,highway.tertiary,79.992,1,,tram rail_urban rail rail_electric rail_fast ship,0,tertiary,13.849306841860063,253.514737210709,4170.86,2284.02,4157.58,2280.09
36936727#4,8010580992,9972395450,10,highway.tertiary,79.992,1,,tram rail_urban rail rail_electric rail_fast ship,0,tertiary,180.99483382914806,235.28571363129868,4157.58,2280.09,4014.35,2180.86
36936727#5,9972395450,429520026,10,highway.tertiary,79.992,1,,tram rail_urban rail rail_electric rail_fast ship,0,tertiary,30.74512806933806,219.3641455763686,4014.35,2180.86,3994.85,2157.09
36936727#6,429520026,2510773429,10,highway.tertiary,79.992,1,,tram rail_urban rail rail_electric rail_fast ship,0,tertiary,71.45702306263982,209.623200508173,3994.85,2157.09,3959.63,2095.15
36936727#7,2510773429,429517438,10,highway.tertiary,79.992,1,,tram rail_urban rail rail_electric rail_fast ship,0,tertiary,78.53620086651368,213.40808629433786,3959.63,2095.15,3916.81,2030.23
36936749#0,429518008,1663642191,10,highway.tertiary,79.992,1,,tram rail_urban rail rail_electric rail_fast ship,0,tertiary,35.36415416129381,165.08036700685147,4320.45,2331.8,4329.32,2298.51
36936749#1,1663642191,429520292,10,highway.tertiary,79.992,1,,tram rail_urban rail rail_electric rail_fast ship,0,tertiary,74.99151333523945,174.58225246617383,4329.32,2298.51,4336.36,2224.28
36936749#2,429520292,429520294,10,highway.tertiary,79.992,1,,tram rail_urban rail rail_electric rail_fast ship,0,tertiary,110.49777908201939,203.01331782225722,4336.36,2224.28,4293.18,2122.62
36936749#3,429520294,429520296,10,highway.tertiary,79.992,1,,tram rail_urban rail rail_electric rail_fast ship,0,tertiary,44.08963227158982,195.64124304606952,4293.18,2122.62,4281.32,2080.26
36936749#4,429520296,429520299,10,highway.tertiary,79.992,1,,tram rail_urban rail rail_electric rail_fast ship,0,tertiary,170.33689981404638,183.18655317920872,4281.32,2080.26,4271.86,1910.34
36936749#5,429520299,3262396875,10,highway.tertiary,79.992,1,,tram rail_urban rail rail_electric rail_fast ship,0,tertiary,138.4485296497235,217.3743822463099,4271.86,1910.34,4191.06,1804.56
36936754,429520457,256488934,12,highway.primary,100.00800000000001,3,,tram rail_urban rail rail_electric rail_fast ship,0,primary,74.31949905682382,94.57668789481545,4023.3,1690.84,4097.38,1684.91
36936867,429520308,1767344707,10,highway.tertiary,79.992,1,,tram rail_urban rail rail_electric rail_fast ship,0,tertiary,68.97508345295613,220.90008471836623,4008.6,1634.68,3963.66,1582.8
36936997#1,2466457128,429522909,10,highway.tertiary,79.992,1,,tram rail_urban rail rail_electric rail_fast ship,0,tertiary,488.0621614612462,167.848762204438,4812.82,473.07,4914.68,0.0
36950439#0,429653586,3974640308,11,highway.secondary,100.00800000000001,1,,tram rail_urban rail rail_electric rail_fast ship,0,secondary,179.1592616356754,83.02056216295756,4292.36,2958.52,4470.19,2980.29
36950439#1,3974640308,429653976,11,highway.secondary,100.00800000000001,1,,tram rail_urban rail rail_electric rail_fast ship,0,secondary,26.522781548148995,83.53996283919474,4470.19,2980.29,4496.42,2983.26
36950447#0,429654069,429654068,11,highway.secondary,100.00800000000001,1,,tram rail_urban rail rail_electric rail_fast ship,0,secondary,22.304262166953045,107.01952174328477,4876.73,2717.74,4898.03,2711.22
36950447#1,429654068,4980006045,11,highway.secondary,100.00800000000001,1,,tram rail_urban rail rail_electric rail_fast ship,0,secondary,12.363438033169153,110.10584623912075,4898.03,2711.22,4909.64,2706.97
36950506#0,429654069,429655322,11,highway.secondary,50.004000000000005,1,,tram rail_urban rail rail_electric rail_fast ship,0,secondary,52.79871590574487,261.0200024028318,4876.73,2717.74,4824.84,2709.54
36950506#1,429655322,960161525,11,highway.secondary,50.004000000000005,1,,tram rail_urban rail rail_electric rail_fast ship,0,secondary,123.88561096419377,257.14612472679175,4824.84,2709.54,4704.06,2681.98
36950506#2,960161525,9719107956,11,highway.secondary,50.004000000000005,1,,tram rail_urban rail rail_electric rail_fast ship,0,secondary,63.910134617474704,256.63781900881656,4704.06,2681.98,4641.88,2667.21
36950506#3,9719107956,429655324,11,highway.secondary,50.004000000000005,1,,tram rail_urban rail rail_electric rail_fast ship,0,secondary,20.93019350125533,258.22836115590695,4641.88,2667.21,4621.39,2662.94
36950518#0,429653586,430912567,11,highway.secondary,100.00800000000001,1,,tram rail_urban rail rail_electric rail_fast ship,0,secondary,93.88532654737021,14.653481067945506,4292.36,2958.52,4316.11,3049.35
36950518#1,430912567,9719107937,11,highway.secondary,100.00800000000001,1,,tram rail_urban rail rail_electric rail_fast ship,0,secondary,44.133042328729324,16.007813464719504,4316.11,3049.35,4328.28,3091.77
36950518#2,9719107937,3974640333,11,highway.secondary,100.00800000000001,1,,tram rail_urban rail rail_electric rail_fast ship,0,secondary,104.36764848738108,16.207063409034276,4328.28,3091.77,4357.41,3191.99
36950525,1697857756,621153280,11,highway.secondary,50.004000000000005,1,,tram rail_urban rail rail_electric rail_fast ship,0,secondary,38.47088509509538,259.04640903162027,4212.42,2910.96,4174.65,2903.65
36950586,429654069,429653979,11,highway.secondary,50.004000000000005,1,,tram rail_urban rail rail_electric rail_fast ship,0,secondary,385.8961967775869,351.580096347794,4876.73,2717.74,4823.22,3079.24
36950657#0,429655333,3750151720,3,highway.residential,50.004000000000005,1,,tram rail_urban rail rail_electric rail_fast ship,0,residential,177.7471952133695,16.07772262587082,4437.02,2618.02,4485.61,2786.61
36950657#1,3750151720,429655343,3,highway.residential,50.004000000000005,1,,tram rail_urban rail rail_electric rail_fast ship,0,residential,97.92709584111773,9.806378822573663,4485.61,2786.61,4502.21,2882.65
37049908,430894463,430920519,3,highway.residential,50.004000000000005,1,,tram rail_urban rail rail_electric rail_fast ship,0,residential,138.5017104498268,187.95166608259984,4063.59,3447.45,4044.43,3310.28
37050033#0,430895473,621155736,3,highway.residential,50.004000000000005,1,,tram rail_urban rail rail_electric rail_fast ship,0,residential,146.11794119397638,75.01082270078541,3986.26,2897.75,4126.99,2935.43
37050033#1,621155736,430895813,3,highway.residential,50.004000000000005,1,,tram rail_urban rail rail_electric rail_fast ship,0,residential,22.895321426093762,58.34784396857509,4126.99,2935.43,4146.31,2947.34
37050051,430895816,1697857764,3,highway.residential,50.004000000000005,1,,tram rail_urban rail rail_electric rail_fast ship,0,residential,75.69507191409785,270.74956502802155,4284.96,2951.21,4209.29,2952.2
37050515#0,430901229,5326376760,3,highway.residential,50.004000000000005,1,,tram rail_urban rail rail_electric rail_fast ship,0,residential,31.306789130959782,284.9420301280367,3995.7,2969.01,3965.46,2977.08
37050515#1,5326376760,1687286680,3,highway.residential,50.004000000000005,1,,tram rail_urban rail rail_electric rail_fast ship,0,residential,24.37988392936062,283.85954594166435,3965.46,2977.08,3941.79,2982.92
37050515#2,1687286680,1687286681,3,highway.residential,50.004000000000005,1,,tram rail_urban rail rail_electric rail_fast ship,0,residential,68.16973925223009,282.5880917642181,3941.79,2982.92,3875.29,2997.77
37050590,430901995,430904721,3,highway.residential,50.004000000000005,1,,tram rail_urban rail rail_electric rail_fast ship,0,residential,111.07602171485999,192.48348895972276,3792.62,3027.78,3768.61,2919.33
37051113#0,429513955,3974640313,3,highway.residential,50.004000000000005,1,,tram rail_urban rail rail_electric rail_fast ship,0,residential,99.03099235420076,7.303845133430855,3723.18,2935.58,3735.76,3033.73
37051113#1,3974640313,2759219816,3,highway.residential,50.004000000000005,1,,tram rail_urban rail rail_electric rail_fast ship,0,residential,48.46186641555055,359.20559370138824,3735.76,3033.73,3735.09,3082.05
37051131#0,430908400,3974640316,3,highway.residential,50.004000000000005,1,,tram rail_urban rail rail_electric rail_fast ship,0,residential,43.688975598885015,16.595922435363775,3609.18,2993.4,3621.62,3035.14
37051131#1,3974640316,430909851,3,highway.residential,50.004000000000005,1,,tram rail_urban rail rail_electric rail_fast ship,0,residential,113.08952148068659,6.589504436856373,3621.62,3035.14,3634.58,3147.33
37051441#0,430912567,9719060086,3,highway.residential,50.004000000000005,1,,tram rail_urban rail rail_electric rail_fast ship,0,residential,72.60552627834471,281.95758685457673,4316.11,3049.35,4245.33,3064.34
37051441#1,9719060086,1697857753,3,highway.residential,50.004000000000005,1,,tram rail_urban rail rail_electric rail_fast ship,0,residential,24.181914729814046,280.8452566969302,4245.33,3064.34,4221.58,3068.89
37051441#2,1697857753,430912565,3,highway.residential,50.004000000000005,1,,tram rail_urban rail rail_electric rail_fast ship,0,residential,49.289250858439146,285.2838929917458,4221.58,3068.89,4174.41,3081.78
37051625#0,430912563,430912564,3,highway.residential,50.004000000000005,1,,tram rail_urban rail rail_electric rail_fast ship,0,residential,95.27430440453334,111.83275964495607,3933.04,3185.43,4021.25,3150.09
37051625#1,430912564,9790998983,3,highway.residential,50.004000000000005,1,,tram rail_urban rail rail_electric rail_fast ship,0,residential,85.37204337838332,112.2899653416959,4021.25,3150.09,4100.24,3117.71
37051625#2,9790998983,430912565,3,highway.residential,50.004000000000005,1,,tram rail_urban rail rail_electric rail_fast ship,0,residential,82.78089412055492,115.84683161762928,4100.24,3117.71,4174.41,3081.78
37051872#0,430894386,9442787176,3,highway.residential,50.004000000000005,1,,tram rail_urban rail rail_electric rail_fast ship,0,residential,157.42207433246458,359.5815659003384,4033.58,3456.48,4032.49,3605.73
37051872#1,9442787176,430918670,3,highway.residential,50.004000000000005,1,,tram rail_urban rail rail_electric rail_fast ship,0,residential,43.50139537991869,18.84312644733137,4032.49,3605.73,4046.54,3646.9
37052277#1,3340881355,3340881343,3,highway.residential,50.004000000000005,1,,tram rail_urban rail rail_electric rail_fast ship,0,residential,17.212556463233597,187.8806029605202,4041.37,3290.88,4039.01,3273.83
37052277#2,3340881343,9790998977,3,highway.residential,50.004000000000005,1,,tram rail_urban rail rail_electric rail_fast ship,0,residential,67.66588874758096,188.16482924199474,4039.01,3273.83,4029.4,3206.85
37052277#3,9790998977,430912564,3,highway.residential,50.004000000000005,1,,tram rail_urban rail rail_electric rail_fast ship,0,residential,57.34248526865626,188.17108139878476,4029.4,3206.85,4021.25,3150.09
37052277#4,430912564,430901229,3,highway.residential,50.004000000000005,1,,tram rail_urban rail rail_electric rail_fast ship,0,residential,182.87786681561568,188.03129447110447,4021.25,3150.09,3995.7,2969.01
37052381#0,3340881368,3340881396,3,highway.residential,50.004000000000005,1,,tram rail_urban rail rail_electric rail_fast ship,0,residential,33.00015151480378,14.423655740642516,3998.08,3319.36,4006.3,3351.32
37052381#1,3340881396,3340881457,3,highway.residential,50.004000000000005,1,,tram rail_urban rail rail_electric rail_fast ship,0,residential,78.18398191275513,11.06237387397141,4006.3,3351.32,4021.28,3427.94
37052381#2,3340881457,430894385,3,highway.residential,50.004000000000005,1,,tram rail_urban rail rail_electric rail_fast ship,0,residential,29.625853251921143,6.551645852862691,4021.28,3427.94,4024.66,3457.37
37052930,430960036,423353704,3,highway.residential,50.004000000000005,1,,tram rail_urban rail rail_electric rail_fast ship,0,residential,148.19381489302484,185.90025834314412,3574.45,3160.33,3559.34,3014.12
37053056#0,430929448,430929444,3,highway.residential,50.004000000000005,1,,tram rail_urban rail rail_electric rail_fast ship,0,residential,26.890897604997306,318.73139699915953,3129.03,3415.19,3114.41,3431.85
37053056#1,430929444,430929448,3,highway.residential,50.004000000000005,1,,tram rail_urban rail rail_electric rail_fast ship,0,residential,22.165288177689124,138.73139699915953,3114.41,3431.85,3129.03,3415.19
37053056#2,430929448,3583021207,3,highway.residential,50.004000000000005,1,,tram rail_urban rail rail_electric rail_fast ship,0,residential,71.79333084735426,146.5403818276625,3129.03,3415.19,3168.57,3355.36
37053056#3,3583021207,3583021203,3,highway.residential,50.004000000000005,1,,tram rail_urban rail rail_electric rail_fast ship,0,residential,111.2200253683107,132.58973816980318,3168.57,3355.36,3250.27,3280.26
37053056#4,3583021203,430929475,3,highway.residential,50.004000000000005,1,,tram rail_urban rail rail_electric rail_fast ship,0,residential,89.46622708924676,110.95525939192191,3250.27,3280.26,3332.47,3248.78
37053056#5,430929475,430929490,3,highway.residential,50.004000000000005,1,,tram rail_urban rail rail_electric rail_fast ship,0,residential,113.88789052392139,107.91060870191484,3332.47,3248.78,3439.99,3214.03
37053056#6,430929490,430929493,3,highway.residential,50.004000000000005,1,,tram rail_urban rail rail_electric rail_fast ship,0,residential,18.82105469945844,87.28961696885307,3439.99,3214.03,3458.79,3214.92
37053056#7,430929493,3974640336,3,highway.residential,50.004000000000005,1,,tram rail_urban rail rail_electric rail_fast ship,0,residential,40.75377376450252,114.00822725115745,3458.79,3214.92,3495.97,3198.36
37053056#8,3974640336,430928761,3,highway.residential,50.004000000000005,1,,tram rail_urban rail rail_electric rail_fast ship,0,residential,20.515421029069994,119.5889983636597,3495.97,3198.36,3513.81,3188.23
37053056#9,430928761,430928663,3,highway.residential,50.004000000000005,1,,tram rail_urban rail rail_electric rail_fast ship,0,residential,86.31838514994462,83.01718616141977,3513.81,3188.23,3572.84,3195.46
37054066,423422182,430938925,3,highway.residential,50.004000000000005,1,,tram rail_urban rail rail_electric rail_fast ship,0,residential,200.33411934659082,30.11303585845951,3767.13,3553.57,3866.98,3725.73
37054132,423413959,423416419,3,highway.residential,50.004000000000005,1,,tram rail_urban rail rail_electric rail_fast ship,0,residential,177.07167853680534,68.67861419090212,3351.17,3822.54,3504.79,3882.5
37054319,430928663,3340881400,3,highway.residential,50.004000000000005,1,,tram rail_urban rail rail_electric rail_fast ship,0,residential,164.1587192527824,18.34434696384949,3572.84,3195.46,3624.45,3351.11
37054401,430941464,430943725,3,highway.residential,50.004000000000005,1,,tram rail_urban rail rail_electric rail_fast ship,0,residential,235.033094562395,202.6860545365171,3720.47,3339.83,3639.06,3145.08
37055188#0,429653979,2513116199,11,highway.secondary,50.004000000000005,1,,tram rail_urban rail rail_electric rail_fast ship,0,secondary,326.24335589658665,84.65090121950129,4823.22,3079.24,5147.79,3109.63
37055188#1,2513116199,3974700315,11,highway.secondary,50.004000000000005,1,,tram rail_urban rail rail_electric rail_fast ship,0,secondary,10.412554921824338,73.42724794467199,5147.79,3109.63,5157.77,3112.6
37055188#2,3974700315,6292164276,11,highway.secondary,50.004000000000005,1,,tram rail_urban rail rail_electric rail_fast ship,0,secondary,202.05636203328083,39.26716605974934,5157.77,3112.6,5282.82,3265.56
37055188#3,6292164276,4860226907,11,highway.secondary,50.004000000000005,1,,tram rail_urban rail rail_electric rail_fast ship,0,secondary,34.48364249901699,44.01304974387074,5282.82,3265.56,5306.78,3290.36
37055188#4,4860226907,3974700326,11,highway.secondary,50.004000000000005,1,,tram rail_urban rail rail_electric rail_fast ship,0,secondary,13.004126268227562,45.467328784095514,5306.78,3290.36,5316.05,3299.48
37055188#5,3974700326,4860226903,11,highway.secondary,50.004000000000005,1,,tram rail_urban rail rail_electric rail_fast ship,0,secondary,19.15647410146219,44.42896462688526,5316.05,3299.48,5329.46,3313.16
37055188#6,4860226903,3254769467,11,highway.secondary,50.004000000000005,1,,tram rail_urban rail rail_electric rail_fast ship,0,secondary,490.75543261226346,60.90689851851869,5329.46,3313.16,5746.31,3545.11
37055217#1,430951504,429653979,11,highway.secondary,50.004000000000005,1,,tram rail_urban rail rail_electric rail_fast ship,0,secondary,119.6478553156745,190.988032968778,4845.11,3191.98,4823.22,3079.24
37055477,430953262,3400032680,3,highway.residential,50.004000000000005,1,,tram rail_urban rail rail_electric rail_fast ship,0,residential,11.234277902918016,245.10018743128887,4393.71,3318.32,4383.52,3313.59
37055563#0,423429428,430953262,3,highway.residential,50.004000000000005,1,,tram rail_urban rail rail_electric rail_fast ship,0,residential,28.873690446494766,17.744671625057265,4384.91,3290.82,4393.71,3318.32
37055563#1,430953262,5711675675,3,highway.residential,50.004000000000005,1,,tram rail_urban rail rail_electric rail_fast ship,0,residential,351.4321487557876,21.097686053602104,4393.71,3318.32,4520.19,3646.14
37055563#2,5711675675,431084039,3,highway.residential,50.004000000000005,1,,tram rail_urban rail rail_electric rail_fast ship,0,residential,397.650739080785,21.613818360861615,4520.19,3646.14,4666.64,4015.77
37055902#0,430895813,430912565,3,highway.residential,50.004000000000005,1,,tram rail_urban rail rail_electric rail_fast ship,0,residential,138.37432782226657,11.80572535934607,4146.31,2947.34,4174.41,3081.78
37055902#1,430912565,9719060073,3,highway.residential,50.004000000000005,1,,tram rail_urban rail rail_electric rail_fast ship,0,residential,100.11156586010908,3.5177607094984182,4174.41,3081.78,4180.55,3181.66
37055902#2,9719060073,430958141,3,highway.residential,50.004000000000005,1,,tram rail_urban rail rail_electric rail_fast ship,0,residential,63.97534837732435,3.441139826350934,4180.55,3181.66,4184.39,3245.52
37056002,430901995,430959632,3,highway.residential,50.004000000000005,1,,tram rail_urban rail rail_electric rail_fast ship,0,residential,27.7889711756289,2.956993796900349,3792.62,3027.78,3794.04,3055.27
37056017,2759219823,430942872,3,highway.residential,50.004000000000005,1,,tram rail_urban rail rail_electric rail_fast ship,0,residential,256.07428343369435,0.9137272359039343,3756.57,3075.86,3760.64,3331.05
37056055#1,430943725,430909851,3,highway.residential,50.004000000000005,1,,tram rail_urban rail rail_electric rail_fast ship,0,residential,5.0132723843813,296.6672736904065,3639.06,3145.08,3634.58,3147.33
37066008,423437956,431084039,3,highway.residential,50.004000000000005,1,,tram rail_urban rail rail_electric rail_fast ship,0,residential,76.08975506219569,202.7776595354,4693.68,4084.28,4665.24,4016.55
37066011,431084039,423437958,3,highway.residential,50.004000000000005,1,,tram rail_urban rail rail_electric rail_fast ship,0,residential,82.88683647457093,33.976045023429776,4667.89,4014.78,4714.16,4083.44
37066019,423437962,431084283,11,highway.secondary,100.00800000000001,1,,tram rail_urban rail rail_electric rail_fast ship,0,secondary,58.17736897074567,74.86251371069693,4748.26,4114.02,4803.93,4129.08
37066023,431084283,431084476,11,highway.secondary,100.00800000000001,1,,tram rail_urban rail rail_electric rail_fast ship,0,secondary,451.9501645064084,63.421908241588824,4803.93,4129.08,5208.1,4331.28
37066065#0,431084476,2513116030,11,highway.secondary,100.00800000000001,1,,tram rail_urban rail rail_electric rail_fast ship,0,secondary,123.04525729888731,63.86615891718043,5208.64,4329.77,5319.07,4383.95
37066065#1,2513116030,431238993,11,highway.secondary,100.00800000000001,1,,tram rail_urban rail rail_electric rail_fast ship,0,secondary,16.00175615362244,60.37503063145306,5319.07,4383.95,5332.98,4391.86
37087642,256488934,11510947798,12,highway.primary,100.00800000000001,2,,tram rail_urban rail rail_electric rail_fast ship,0,primary,308.38466292845493,84.02871305925669,4097.38,1684.91,4403.41,1716.92
37088256,1697857756,431332568,2,highway.living_street,10.008,1,,tram rail_urban rail rail_electric rail_fast ship,0,living_street,165.50810443388278,123.5658152086827,4212.42,2910.96,4315.79,2842.37
37088258#0,429653586,430895816,11,highway.secondary,100.00800000000001,1,,tram rail_urban rail rail_electric rail_fast ship,0,secondary,10.401735432128325,225.35054764203065,4292.36,2958.52,4284.96,2951.21
37088258#1,430895816,621159240,11,highway.secondary,100.00800000000001,1,,tram rail_urban rail rail_electric rail_fast ship,0,secondary,17.82678041599214,224.52273560455762,4284.96,2951.21,4272.46,2938.5
37088447#0,429478936,9972369475,10,highway.tertiary,79.992,1,,tram rail_urban rail rail_electric rail_fast ship,0,tertiary,13.82446302560089,132.95887594836654,3913.06,2318.37,3922.94,2309.17
37088447#1,9972369475,9972369493,10,highway.tertiary,79.992,1,,tram rail_urban rail rail_electric rail_fast ship,0,tertiary,208.81367588787495,71.47877160534767,3922.94,2309.17,4120.07,2375.21
37088447#2,9972369493,9972369512,10,highway.tertiary,79.992,1,,tram rail_urban rail rail_electric rail_fast ship,0,tertiary,40.74888347266668,74.91636224289346,4120.07,2375.21,4159.4,2385.81
37088542,431334400,3262396898,10,highway.tertiary,79.992,1,,tram rail_urban rail rail_electric rail_fast ship,0,tertiary,42.15167602651603,343.582068450487,4309.27,2422.54,4297.36,2462.96
37088673#0,2025263890,431336421,3,highway.residential,50.004000000000005,1,,tram rail_urban rail rail_electric rail_fast ship,0,residential,214.03889404181857,76.01328313700122,4322.13,2354.63,4529.05,2406.17
37088673#1,431336421,3974640291,3,highway.residential,50.004000000000005,1,,tram rail_urban rail rail_electric rail_fast ship,0,residential,182.40736799304005,49.71903184707821,4529.05,2406.17,4667.14,2523.2
371455497,3750151718,3750151720,3,highway.residential,50.004000000000005,1,,tram rail_urban rail rail_electric rail_fast ship,0,residential,175.0473213245334,87.15251354287778,4311.3,2777.94,4485.61,2786.61
37640678#0,418600282,10936505658,3,highway.residential,50.004000000000005,1,,tram rail_urban rail rail_electric rail_fast ship,0,residential,320.4115305330525,126.64454855067333,2302.12,2779.96,2543.25,2600.59
37640678#1,10936505658,441267972,3,highway.residential,50.004000000000005,1,,tram rail_urban rail rail_electric rail_fast ship,0,residential,14.529476934838378,118.98183056974057,2543.25,2600.59,2555.96,2593.55
37640678#2,441267972,3340881095,3,highway.residential,50.004000000000005,1,,tram rail_urban rail rail_electric rail_fast ship,0,residential,18.463014380105992,113.12116933818538,2555.96,2593.55,2572.94,2586.3
37640678#3,3340881095,441267973,3,highway.residential,50.004000000000005,1,,tram rail_urban rail rail_electric rail_fast ship,0,residential,33.4267033971343,113.12881920175192,2572.94,2586.3,2603.68,2573.17
37640679#0,441267975,9719060057,3,highway.residential,50.004000000000005,1,,tram rail_urban rail rail_electric rail_fast ship,0,residential,29.696048694758147,229.133841397066,2879.65,2753.44,2857.47,2734.25
37640679#1,9719060057,9719060053,3,highway.residential,50.004000000000005,1,,tram rail_urban rail rail_electric rail_fast ship,0,residential,48.28729086547925,237.8537330321727,2857.47,2734.25,2816.59,2708.56
37640679#2,9719060053,441267981,3,highway.residential,50.004000000000005,1,,tram rail_urban rail rail_electric rail_fast ship,0,residential,143.68972964013426,248.26910699015986,2816.59,2708.56,2683.44,2655.49
37640683,441268010,441268012,3,highway.residential,50.004000000000005,1,,tram rail_urban rail rail_electric rail_fast ship,0,residential,17.05531397112184,31.408797013984724,3134.1,3118.92,3142.96,3133.43
394443143#0,477356672,4983153140,10,highway.tertiary,79.992,1,,tram rail_urban rail rail_electric rail_fast ship,0,tertiary,32.07668995768377,137.25218636455145,3087.35,1266.5,3109.09,1242.98
394443143#1,4983153140,2795358863,10,highway.tertiary,79.992,1,,tram rail_urban rail rail_electric rail_fast ship,0,tertiary,7.157660232226681,139.58971952068214,3109.09,1242.98,3113.73,1237.53
394443143#2,2795358863,2511985648,10,highway.tertiary,79.992,1,,tram rail_urban rail rail_electric rail_fast ship,0,tertiary,16.71618941987752,125.715730157964,3113.73,1237.53,3126.79,1228.14
394443146,3974531809,3974531815,3,highway.residential,50.004000000000005,1,,tram rail_urban rail rail_electric rail_fast ship,0,residential,100.38391670945529,25.658802730225602,3535.86,880.36,3578.59,969.31
394443147#0,3974531806,3974531809,3,highway.residential,50.004000000000005,1,,tram rail_urban rail rail_electric rail_fast ship,0,residential,150.27812711495946,26.06952235838895,3475.64,757.27,3535.86,880.36
394443147#1,3974531809,3974531813,3,highway.residential,50.004000000000005,1,,tram rail_urban rail rail_electric rail_fast ship,0,residential,23.375957994638632,302.55194009273504,3535.86,880.36,3517.97,891.78
394443149#0,3254769376,3974531835,3,highway.residential,50.004000000000005,1,,tram rail_urban rail rail_electric rail_fast ship,0,residential,56.27997143812683,159.67473417863607,3628.7,1127.62,3648.18,1075.03
394443149#1,3974531835,3974531838,3,highway.residential,50.004000000000005,1,,tram rail_urban rail rail_electric rail_fast ship,0,residential,82.08366460644487,62.61462183830116,3648.18,1075.03,3688.12,1095.72
394443151#0,477356672,1663642244,3,highway.residential,29.988,1,,tram rail_urban rail rail_electric rail_fast ship,0,residential,249.9648871254361,36.70115050984202,3088.8,1267.18,3238.15,1467.54
394443151#1,1663642244,1663642246,3,highway.residential,29.988,1,,tram rail_urban rail rail_electric rail_fast ship,0,residential,11.828051403337643,39.85518855508428,3238.15,1467.54,3245.73,1476.62
394443151#2,1663642246,3974531856,3,highway.residential,29.988,1,,tram rail_urban rail rail_electric rail_fast ship,0,residential,96.89618942555813,36.989381981449185,3245.73,1476.62,3304.01,1553.99
394443152#0,3974531818,3974531825,3,highway.residential,50.004000000000005,1,,tram rail_urban rail rail_electric rail_fast ship,0,residential,89.07275279908363,46.32822129604017,3522.51,989.08,3583.85,1047.64
394443152#1,3974531825,3974531835,3,highway.residential,50.004000000000005,1,,tram rail_urban rail rail_electric rail_fast ship,0,residential,71.1739903380391,66.936987437531,3583.85,1047.64,3648.18,1075.03
394443153#1,3262396894,1663642187,3,highway.residential,50.004000000000005,1,,tram rail_urban rail rail_electric rail_fast ship,0,residential,60.77807663952491,76.30443136113854,4076.28,2009.48,4135.33,2023.87
394446866,3974576099,3974576101,3,highway.residential,50.004000000000005,1,,tram rail_urban rail rail_electric rail_fast ship,0,residential,83.75634479743982,270.8399077761542,4782.11,2564.33,4701.62,2565.51
394446867#0,423329664,423341314,10,highway.tertiary,50.004000000000005,1,,tram rail_urban rail rail_electric rail_fast ship,0,tertiary,56.8770251001642,59.99212352939958,3387.79,2600.29,3436.93,2628.67
394446867#1,423341314,3400054762,10,highway.tertiary,50.004000000000005,1,,tram rail_urban rail rail_electric rail_fast ship,0,tertiary,80.81544567412371,56.56359117634872,3436.93,2628.67,3504.37,2673.2
394446869,3974569750,3974576065,3,highway.residential,50.004000000000005,1,,tram rail_urban rail rail_electric rail_fast ship,0,residential,331.68590689450417,34.96125536226151,2987.36,1921.91,3077.41,2050.7
394446871#0,3974576094,9972395442,3,highway.residential,50.004000000000005,1,,tram rail_urban rail rail_electric rail_fast ship,0,residential,7.173318618323932,79.80231508866018,4316.09,2380.82,4323.15,2382.09
394446871#1,9972395442,3974576095,3,highway.residential,50.004000000000005,1,,tram rail_urban rail rail_electric rail_fast ship,0,residential,89.59670362239923,79.79753676823401,4323.15,2382.09,4411.33,2397.96
394446872#0,3974569756,3974576065,3,highway.residential,50.004000000000005,1,,tram rail_urban rail rail_electric rail_fast ship,0,residential,72.7456590754505,15.66132440978356,3059.61,1987.21,3077.41,2050.7
394446872#1,3974576065,3974576073,3,highway.residential,50.004000000000005,1,,tram rail_urban rail rail_electric rail_fast ship,0,residential,39.71263085375731,312.8676315634464,3077.41,2050.7,3050.11,2076.04
394446873#0,418610140,3974569750,12,highway.primary,50.004000000000005,1,,tram rail_urban rail rail_electric rail_fast ship,0,primary,169.38871778460887,21.81907467503595,2924.68,1765.35,2987.36,1921.91
394446873#1,3974569750,2471405414,12,highway.primary,50.004000000000005,1,,tram rail_urban rail rail_electric rail_fast ship,0,primary,49.322775672096746,12.30326966326703,2987.36,1921.91,2997.87,1970.1
394446873#2,2471405414,418610143,12,highway.primary,50.004000000000005,1,,tram rail_urban rail rail_electric rail_fast ship,0,primary,87.79271325115764,12.138059368320057,2997.87,1970.1,3016.33,2055.93
394446874#0,1766515560,418610137,12,highway.primary,50.004000000000005,1,,tram rail_urban rail rail_electric rail_fast ship,0,primary,169.7489895047531,39.99489648976504,2616.12,1401.48,2725.2,1531.5
394446876#0,3974576096,5326376767,3,highway.residential,50.004000000000005,1,,tram rail_urban rail rail_electric rail_fast ship,0,residential,39.16715331665527,37.33675703832489,4439.99,2549.62,4463.66,2580.65
394446876#1,5326376767,429655331,3,highway.residential,50.004000000000005,1,,tram rail_urban rail rail_electric rail_fast ship,0,residential,43.565514726705004,36.74659271530135,4463.66,2580.65,4488.68,2614.16
394456356#0,430957314,9719060110,3,highway.residential,50.004000000000005,1,,tram rail_urban rail rail_electric rail_fast ship,0,residential,49.11415858357354,356.56567043102353,4536.93,2987.69,4533.99,3036.68
394456356#1,9719060110,430957521,3,highway.residential,50.004000000000005,1,,tram rail_urban rail rail_electric rail_fast ship,0,residential,276.6483987861364,317.4611384993623,4533.99,3036.68,4365.66,3220.13
394456359#0,423411199,3974640351,3,highway.residential,50.004000000000005,1,,tram rail_urban rail rail_electric rail_fast ship,0,residential,20.52118857536582,301.5926052321851,2979.24,3742.97,2962.07,3753.53
394456359#1,3974640351,3974640348,3,highway.residential,50.004000000000005,1,,tram rail_urban rail rail_electric rail_fast ship,0,residential,24.529825275514938,163.04697634095078,2962.07,3753.53,2968.88,3731.19
394456360,3974640351,3974640357,3,highway.residential,50.004000000000005,1,,tram rail_urban rail rail_electric rail_fast ship,0,residential,117.01260295787971,353.349621907695,2962.07,3753.53,2948.77,3867.6
394456375,3974640293,429503790,3,highway.residential,50.004000000000005,1,,tram rail_urban rail rail_electric rail_fast ship,0,residential,47.90846480529269,24.39842539085663,4052.62,2741.07,4072.41,2784.7
394456376,1697857753,1697857752,3,highway.residential,50.004000000000005,1,,tram rail_urban rail rail_electric rail_fast ship,0,residential,63.09126880260976,190.23555024104857,4221.58,3068.89,4210.41,3007.03
394456377,431337530,431339383,10,highway.tertiary,79.992,1,,tram rail_urban rail rail_electric rail_fast ship,0,tertiary,981.3031508197021,124.03989845030685,4917.19,2704.49,5572.15,2262.05
394456378,621159240,1697857756,11,highway.secondary,100.00800000000001,1,,tram rail_urban rail rail_electric rail_fast ship,0,secondary,67.68438608718574,245.35935063073885,4272.46,2938.5,4212.42,2910.96
394456379,429653976,430957314,11,highway.secondary,100.00800000000001,1,,tram rail_urban rail rail_electric rail_fast ship,0,secondary,40.751503039765495,83.75917756231985,4496.42,2983.26,4536.93,2987.69
394456380,430912815,430901995,3,highway.residential,50.004000000000005,1,,tram rail_urban rail rail_electric rail_fast ship,0,residential,81.75714525348856,286.4267161041417,3871.04,3004.66,3792.62,3027.78
394456381,423353694,621155637,3,highway.residential,50.004000000000005,1,,tram rail_urban rail rail_electric rail_fast ship,0,residential,50.99624050237081,61.96808058959272,4101.0,2768.04,4134.0,2785.61
394456384,3974640320,3974640336,3,highway.residential,50.004000000000005,1,,tram rail_urban rail rail_electric rail_fast ship,0,residential,93.20632080312681,12.589559651890852,3475.68,3107.51,3495.97,3198.36
394456385#0,3974640266,4530855189,3,highway.residential,50.004000000000005,1,,tram rail_urban rail rail_electric rail_fast ship,0,residential,11.944488268653323,306.3518320437973,3621.88,2301.59,3612.26,2308.67
394456385#1,4530855189,3974640274,3,highway.residential,50.004000000000005,1,,tram rail_urban rail rail_electric rail_fast ship,0,residential,91.91245594305225,291.59375391788325,3612.26,2308.67,3532.7,2340.16
394456402#0,1687124677,9442763201,3,highway.residential,50.004000000000005,1,,tram rail_urban rail rail_electric rail_fast ship,0,residential,53.728768297289534,143.26319335638993,3300.11,4212.96,3332.04,4170.18
394456402#1,9442763201,1687124747,3,highway.residential,50.004000000000005,1,,tram rail_urban rail rail_electric rail_fast ship,0,residential,52.636351216830704,150.2333394474262,3332.04,4170.18,3357.96,4124.86
394456408#0,1222774761,4314812339,4,highway.unclassified,50.004000000000005,1,,tram rail_urban rail rail_electric rail_fast ship,0,unclassified,395.6659180266794,17.27507233855033,3826.52,739.84,3943.38,1115.61
394456408#1,4314812339,4103049473,4,highway.unclassified,50.004000000000005,1,,tram rail_urban rail rail_electric rail_fast ship,0,unclassified,38.29427276825619,33.66931871124501,3943.38,1115.61,3964.61,1147.48
394459768,3974700315,3974700323,3,highway.residential,50.004000000000005,1,,tram rail_urban rail rail_electric rail_fast ship,0,residential,102.97759805010168,359.83215814191556,5157.77,3112.6,5157.47,3215.01
394459769#0,3974700337,3974700345,3,highway.residential,50.004000000000005,1,,tram rail_urban rail rail_electric rail_fast ship,0,residential,159.57982956863964,60.47036822818853,5265.52,3717.57,5401.4,3794.54
394459769#1,3974700345,1532578485,3,highway.residential,50.004000000000005,1,,tram rail_urban rail rail_electric rail_fast ship,0,residential,76.05458145815113,25.658343925375334,5401.4,3794.54,5432.36,3858.99
394459774,3974700330,3974700326,3,highway.residential,50.004000000000005,1,,tram rail_urban rail rail_electric rail_fast ship,0,residential,205.44886756159488,249.11592652942664,5502.66,3370.68,5316.05,3299.48
394700695#0,2513116124,1037893368,10,highway.tertiary,79.992,1,,tram rail_urban rail rail_electric rail_fast ship,0,tertiary,327.16972493608057,35.28390847347583,4759.67,4255.73,4948.42,4522.47
394700695#1,1037893368,2513116208,10,highway.tertiary,79.992,1,,tram rail_urban rail rail_electric rail_fast ship,0,tertiary,672.1766376922228,37.38818386474867,4948.42,4522.47,5355.48,5055.11
394700695#2,2513116208,3976679088,10,highway.tertiary,79.992,1,,tram rail_urban rail rail_electric rail_fast ship,0,tertiary,4288.739330308264,14.938117130400542,5355.48,5055.11,6421.89,9052.27
39820656#0,429517170,8010582536,10,highway.tertiary,79.992,1,,tram rail_urban rail rail_electric rail_fast ship,0,tertiary,9.574032588204476,197.31832411155617,3487.64,1479.22,3484.79,1470.08
39820656#1,8010582536,477356677,10,highway.tertiary,79.992,1,,tram rail_urban rail rail_electric rail_fast ship,0,tertiary,19.836637819953342,199.40318455141986,3484.79,1470.08,3478.2,1451.37
39820657#0,477356677,2511985636,10,highway.tertiary,79.992,1,,tram rail_urban rail rail_electric rail_fast ship,0,tertiary,20.211128122893214,47.747287281814124,3478.2,1451.37,3493.16,1464.96
39820657#1,2511985636,429517160,10,highway.tertiary,79.992,1,,tram rail_urban rail rail_electric rail_fast ship,0,tertiary,14.620485628049364,65.55604521958355,3493.16,1464.96,3506.47,1471.01
39820658#0,2025263890,4980006031,10,highway.tertiary,79.992,1,,tram rail_urban rail rail_electric rail_fast ship,0,tertiary,11.521397484680216,355.7691156468088,4322.13,2354.63,4321.28,2366.12
39820658#1,4980006031,8010592968,10,highway.tertiary,79.992,1,,tram rail_urban rail rail_electric rail_fast ship,0,tertiary,7.789640556534057,349.9451507530296,4321.28,2366.12,4319.92,2373.79
39820658#2,8010592968,3974576094,10,highway.tertiary,79.992,1,,tram rail_urban rail rail_electric rail_fast ship,0,tertiary,8.005610532620373,331.4180996874244,4319.92,2373.79,4316.09,2380.82
39820659#0,431334400,8010600329,3,highway.residential,50.004000000000005,1,,tram rail_urban rail rail_electric rail_fast ship,0,residential,6.040033112491415,71.26507601477158,4309.27,2422.54,4314.99,2424.48
39820659#1,8010600329,2510773376,3,highway.residential,50.004000000000005,1,,tram rail_urban rail rail_electric rail_fast ship,0,residential,107.87346574762233,73.18982506335021,4314.99,2424.48,4418.23,2455.67
39820659#2,2510773376,2510773414,3,highway.residential,50.004000000000005,1,,tram rail_urban rail rail_electric rail_fast ship,0,residential,111.2697738938179,61.90189060872956,4418.23,2455.67,4515.7,2507.71
39820659#3,2510773414,477356691,3,highway.residential,50.004000000000005,1,,tram rail_urban rail rail_electric rail_fast ship,0,residential,174.79516477551886,42.75571807190909,4515.7,2507.71,4630.07,2631.41
39820661#0,429498763,429514241,10,highway.tertiary,50.004000000000005,1,,tram rail_urban rail rail_electric rail_fast ship,0,tertiary,34.08028745554477,113.77291385107037,3676.37,2827.28,3706.7,2813.92
39820661#1,429514241,429483728,10,highway.tertiary,50.004000000000005,1,,tram rail_urban rail rail_electric rail_fast ship,0,tertiary,59.67265522787827,132.95240680806108,3706.7,2813.92,3750.3,2773.33
39820663#0,2511999100,2511999135,10,highway.tertiary,79.992,2,,tram rail_urban rail rail_electric rail_fast ship,0,tertiary,46.0684024033828,314.76255146732007,2788.2,1499.81,2755.49,1532.25
39820663#1,2511999135,2511999113,10,highway.tertiary,79.992,1,,tram rail_urban rail rail_electric rail_fast ship,0,tertiary,24.006163288208207,289.63113587049116,2754.37,1531.11,2731.97,1539.1
39820664#1,429477758,2085837088,12,highway.primary,100.00800000000001,2,,tram rail_urban rail rail_electric rail_fast ship,0,primary,21.980679297647665,283.2694241373253,3463.47,2282.03,3442.48,2286.98
39820664#10,429477778,429477758,12,highway.primary,100.00800000000001,2,,tram rail_urban rail rail_electric rail_fast ship,0,primary,25.814937457187114,328.1057673718479,3476.75,2260.69,3463.47,2282.03
39820664#2,2085837088,429477763,12,highway.primary,100.00800000000001,2,,tram rail_urban rail rail_electric rail_fast ship,0,primary,27.292577035145342,237.23359094017985,3442.48,2286.98,3420.2,2272.64
39820664#3,429477763,2511999104,12,highway.primary,100.00800000000001,2,,tram rail_urban rail rail_electric rail_fast ship,0,primary,12.89179962443507,199.45242846404494,3420.2,2272.64,3415.93,2260.55
39820664#4,2511999104,703891107,12,highway.primary,100.00800000000001,2,,tram rail_urban rail rail_electric rail_fast ship,0,primary,13.909914743015403,174.2687790625872,3415.93,2260.55,3417.31,2246.8
39820664#5,703891107,429477767,12,highway.primary,100.00800000000001,2,,tram rail_urban rail rail_electric rail_fast ship,0,primary,9.617692030835672,152.10272896905235,3417.31,2246.8,3421.81,2238.3
39820664#6,429477767,429477769,12,highway.primary,100.00800000000001,2,,tram rail_urban rail rail_electric rail_fast ship,0,primary,14.727228256073468,129.25355736370466,3421.81,2238.3,3433.13,2229.05
39820664#7,429477769,429477773,12,highway.primary,100.00800000000001,2,,tram rail_urban rail rail_electric rail_fast ship,0,primary,24.228302402033034,92.83339287109396,3433.13,2229.05,3456.77,2227.88
39820664#8,429477773,429477775,12,highway.primary,100.00800000000001,2,,tram rail_urban rail rail_electric rail_fast ship,0,primary,19.366814699507728,52.05143898032304,3456.77,2227.88,3471.85,2239.64
39820664#9,429477775,429477778,12,highway.primary,100.00800000000001,2,,tram rail_urban rail rail_electric rail_fast ship,0,primary,22.03809007667232,13.103902869655144,3471.85,2239.64,3476.75,2260.69
406203418#0,418610143,2511999098,12,highway.primary,50.004000000000005,1,,tram rail_urban rail rail_electric rail_fast ship,0,primary,20.905984978947743,41.960600431072294,3016.33,2055.93,3030.24,2071.4
406203418#1,2511999098,2085838096,12,highway.primary,50.004000000000005,1,,tram rail_urban rail rail_electric rail_fast ship,0,primary,12.373050351988475,69.52016764883518,3030.24,2071.4,3041.78,2075.71
406210869#0,621155613,429653581,10,highway.tertiary,50.004000000000005,1,,tram rail_urban rail rail_electric rail_fast ship,0,tertiary,61.925060316572385,262.13490373368245,4139.3,2894.06,4078.42,2885.65
406210869#1,429653581,429653579,10,highway.tertiary,50.004000000000005,1,,tram rail_urban rail rail_electric rail_fast ship,0,tertiary,92.79717259773882,267.88531007025625,4078.42,2885.65,3985.8,2882.23
406210870,423436157,423436164,11,highway.secondary,100.00800000000001,1,,tram rail_urban rail rail_electric rail_fast ship,0,secondary,45.91035649144571,49.356539941648634,4646.45,4061.96,4680.0,4090.76
406210871,431084283,423437965,11,highway.secondary,100.00800000000001,1,,tram rail_urban rail rail_electric rail_fast ship,0,secondary,57.95445982208687,282.22105432096237,4803.93,4129.08,4747.88,4141.22
406210872,2513116124,423437969,10,highway.tertiary,79.992,1,,tram rail_urban rail rail_electric rail_fast ship,0,tertiary,98.34980846648205,208.12948519336462,4758.23,4256.42,4712.51,4170.9
427935403,4271010204,1687339908,3,highway.residential,50.004000000000005,1,,tram rail_urban rail rail_electric rail_fast ship,0,residential,18.434340237719702,116.82914921225318,3314.24,2947.94,3330.69,2939.62
476687231#0,6333711041,423422155,3,highway.residential,50.004000000000005,1,,tram rail_urban rail rail_electric rail_fast ship,0,residential,48.78699929284454,113.08601921711829,3921.9,3703.88,3966.78,3684.75
476687231#1,423422155,9442787184,3,highway.residential,50.004000000000005,1,,tram rail_urban rail rail_electric rail_fast ship,0,residential,73.24065791818224,115.20654030703764,3966.78,3684.75,4033.0,3653.58
476687231#2,9442787184,430918670,3,highway.residential,50.004000000000005,1,,tram rail_urban rail rail_electric rail_fast ship,0,residential,15.098145581494332,116.25956709570471,4033.0,3653.58,4046.54,3646.9
476687231#3,430918670,423425135,3,highway.residential,50.004000000000005,1,,tram rail_urban rail rail_electric rail_fast ship,0,residential,95.94391259751023,123.91322101046126,4046.54,3646.9,4125.73,3593.66
48955689#0,1697838076,621155673,10,highway.tertiary,79.992,1,,tram rail_urban rail rail_electric rail_fast ship,0,tertiary,30.751883000672546,352.7848014912905,4191.54,2743.97,4187.68,2774.46
48955689#1,621155673,621153280,10,highway.tertiary,79.992,1,,tram rail_urban rail rail_electric rail_fast ship,0,tertiary,129.84543503720118,354.2406699188168,4187.68,2774.46,4174.65,2903.65
48955996,621155618,621155613,3,highway.residential,50.004000000000005,1,,tram rail_urban rail rail_electric rail_fast ship,0,residential,59.135184112336944,358.7015696721008,4140.64,2834.94,4139.3,2894.06
48955997,621155673,7257331823,3,highway.residential,50.004000000000005,1,,tram rail_urban rail rail_electric rail_fast ship,0,residential,46.86228670097444,280.68012174484954,4187.68,2774.46,4141.92,2783.09
48955998,423353695,621155688,3,highway.residential,50.004000000000005,1,,tram rail_urban rail rail_electric rail_fast ship,0,residential,35.41291995868211,23.60436421404205,4030.12,2807.87,4044.3,2840.32
48955999,621155688,621155719,3,highway.residential,50.004000000000005,1,,tram rail_urban rail rail_electric rail_fast ship,0,residential,94.78164980641282,292.2604930833114,4044.3,2840.32,3958.72,2875.35
48956000,621155691,429653581,3,highway.residential,50.004000000000005,1,,tram rail_urban rail rail_electric rail_fast ship,0,residential,49.23195100745048,1.7110294054787119,4076.95,2836.44,4078.42,2885.65
48956015,621155613,621155736,3,highway.residential,50.004000000000005,1,,tram rail_urban rail rail_electric rail_fast ship,0,residential,43.16263430329526,343.4291729606182,4139.3,2894.06,4126.99,2935.43
48956586#0,431332568,3750161832,2,highway.living_street,10.008,1,,tram rail_urban rail rail_electric rail_fast ship,0,living_street,3.04657184389269,3.764034864902328,4315.79,2842.37,4315.99,2845.41
48956586#1,3750161832,1697857767,2,highway.living_street,10.008,1,,tram rail_urban rail rail_electric rail_fast ship,0,living_street,25.481683617846272,4.298682725693197,4315.99,2845.41,4317.9,2870.82
48956586#2,1697857767,1697857736,2,highway.living_street,10.008,1,,tram rail_urban rail rail_electric rail_fast ship,0,living_street,31.493213554669254,356.6687943287448,4317.9,2870.82,4316.07,2902.26
48956586#3,1697857736,621159238,2,highway.living_street,10.008,1,,tram rail_urban rail rail_electric rail_fast ship,0,living_street,23.73587579879255,343.19130837379276,4316.07,2902.26,4309.69,2923.38
48956586#4,621159238,1697857769,2,highway.living_street,10.008,1,,tram rail_urban rail rail_electric rail_fast ship,0,living_street,24.86739632530862,272.1432683647653,4309.69,2923.38,4284.84,2924.31
48956586#5,1697857769,621159240,2,highway.living_street,10.008,1,,tram rail_urban rail rail_electric rail_fast ship,0,living_street,19.66225628391036,318.89707895275785,4284.84,2924.31,4272.46,2938.5
494235932#0,4860226903,4860226906,3,highway.residential,50.004000000000005,1,,tram rail_urban rail rail_electric rail_fast ship,0,residential,18.816366840110977,274.91103462439406,5329.46,3313.16,5311.77,3314.68
494235932#1,4860226906,4860226907,3,highway.residential,50.004000000000005,1,,tram rail_urban rail rail_electric rail_fast ship,0,residential,27.843103522036984,191.5950738208282,5311.77,3314.68,5306.78,3290.36
494235944#0,429521217,2466457229,10,highway.tertiary,79.992,1,,tram rail_urban rail rail_electric rail_fast ship,0,tertiary,12.224896727580347,150.12141329146198,4586.99,1276.22,4593.08,1265.62
494235944#1,2466457229,2466457128,10,highway.tertiary,79.992,1,,tram rail_urban rail rail_electric rail_fast ship,0,tertiary,826.26121744638,164.50359604466553,4593.08,1265.62,4812.82,473.07
508751757#0,3974576094,477356683,10,highway.tertiary,79.992,1,,tram rail_urban rail rail_electric rail_fast ship,0,tertiary,8.60783364151552,198.14026335627943,4316.09,2380.82,4313.41,2372.64
508751757#1,477356683,2025263902,10,highway.tertiary,79.992,1,,tram rail_urban rail rail_electric rail_fast ship,0,tertiary,8.220024330864035,179.86059448551714,4313.41,2372.64,4313.43,2364.42
508751757#2,2025263902,429518012,10,highway.tertiary,79.992,1,,tram rail_urban rail rail_electric rail_fast ship,0,tertiary,14.988919240558966,197.31069821728315,4313.43,2364.42,4308.97,2350.11
508751758#0,9972395328,3262396897,10,highway.tertiary,79.992,1,,tram rail_urban rail rail_electric rail_fast ship,0,tertiary,13.275089453559215,169.67199124459069,4309.93,2418.73,4312.31,2405.67
508751758#1,3262396897,9972395334,10,highway.tertiary,79.992,1,,tram rail_urban rail rail_electric rail_fast ship,0,tertiary,16.99583478385236,170.8591249138169,4312.31,2405.67,4315.01,2388.89
508751758#2,9972395334,3974576094,10,highway.tertiary,79.992,1,,tram rail_urban rail rail_electric rail_fast ship,0,tertiary,8.141946941610167,172.37745510962452,4315.01,2388.89,4316.09,2380.82
509025806#1,9897124723,12384666225,10,highway.tertiary,79.992,1,,tram rail_urban rail rail_electric rail_fast ship,0,tertiary,22.706908640323494,137.94526820379144,3152.61,1197.32,3167.82,1180.46
509025806#2,12384666225,477356673,10,highway.tertiary,79.992,1,,tram rail_urban rail rail_electric rail_fast ship,0,tertiary,39.84876660575596,137.94973235455865,3167.82,1180.46,3194.51,1150.87
509025807#0,2511999100,6100223501,10,highway.tertiary,79.992,1,,tram rail_urban rail rail_electric rail_fast ship,0,tertiary,72.45833356300406,128.64250880427971,2785.91,1497.58,2842.47,1452.36
509025807#1,6100223501,6100223498,10,highway.tertiary,79.992,1,,tram rail_urban rail rail_electric rail_fast ship,0,tertiary,28.900036332157192,128.52357428772228,2842.47,1452.36,2865.08,1434.36
509025807#2,6100223498,9897114305,10,highway.tertiary,79.992,1,,tram rail_urban rail rail_electric rail_fast ship,0,tertiary,87.5449913031846,126.71936076024696,2865.08,1434.36,2935.25,1382.02
509025807#3,9897114305,6085692942,10,highway.tertiary,79.992,1,,tram rail_urban rail rail_electric rail_fast ship,0,tertiary,19.79951567999109,127.14879184478673,2935.25,1382.02,2950.97,1370.11
509033674#0,2511985648,2025263382,10,highway.tertiary,79.992,1,,tram rail_urban rail rail_electric rail_fast ship,0,tertiary,24.419028808682125,329.4102260097731,3126.79,1228.14,3114.89,1248.27
509033674#1,2025263382,477356672,10,highway.tertiary,79.992,1,,tram rail_urban rail rail_electric rail_fast ship,0,tertiary,32.69229428048713,308.6872527025893,3114.89,1248.27,3089.44,1268.65
551044538#0,4271010196,5321863284,4,highway.unclassified,29.988,1,,tram rail_urban rail rail_electric rail_fast ship,0,unclassified,82.71585700456684,356.596931218904,3002.08,2748.26,2997.17,2830.83
551044538#1,5321863284,5321863283,4,highway.unclassified,29.988,1,,tram rail_urban rail rail_electric rail_fast ship,0,unclassified,18.882653415237936,356.62997572297115,2997.17,2830.83,2996.06,2849.68
551044539,5321863284,5321863285,4,highway.unclassified,29.988,1,,tram rail_urban rail rail_electric rail_fast ship,0,unclassified,39.63763993983509,87.86017861887086,2997.17,2830.83,3036.78,2832.31
555972854#0,1687339920,1687350498,3,highway.residential,29.988,1,,tram rail_urban rail rail_electric rail_fast ship,0,residential,22.07071589233093,296.10065786529003,3382.91,2941.84,3363.09,2951.55
555972854#1,1687350498,1687339908,3,highway.residential,29.988,1,,tram rail_urban rail rail_electric rail_fast ship,0,residential,41.42343807815802,249.785794759518,3363.09,2951.55,3330.69,2939.62
56080983,703891016,418600137,12,highway.primary,100.00800000000001,1,,tram rail_urban rail rail_electric rail_fast ship,0,primary,45.298915357155956,308.2618860495715,3293.94,2452.94,3258.45,2480.93
56080984,418600135,703891016,12,highway.primary,100.00800000000001,1,,tram rail_urban rail rail_electric rail_fast ship,0,primary,44.074951506719216,106.99739716247973,3251.87,2465.8,3293.94,2452.94
599886761#0,12390308742,418610139,12,highway.primary,50.004000000000005,2,,tram rail_urban rail rail_electric rail_fast ship,0,primary,151.87506175188847,41.269355566544675,2809.52,1625.34,2909.66,1739.45
599886761#1,418610139,418610140,12,highway.primary,50.004000000000005,2,,tram rail_urban rail rail_electric rail_fast ship,0,primary,29.940113560238753,30.11042236619079,2909.66,1739.45,2924.68,1765.35
599886769,10152611760,2023683308,12,highway.primary,100.00800000000001,2,,tram rail_urban rail rail_electric rail_fast ship,0,primary,357.56837657725714,82.17050567310656,4942.57,1854.5,5295.86,1903.08
599886770,5705784632,3064106139,12,highway.primary,100.00800000000001,2,,tram rail_urban rail rail_electric rail_fast ship,0,primary,61.586601146966686,259.03319587441575,4715.61,1801.57,4655.49,1789.92
599886773#0,431238992,2513116030,11,highway.secondary,79.992,1,,tram rail_urban rail rail_electric rail_fast ship,0,secondary,10.218243488976107,187.53535783893818,5320.41,4394.08,5319.07,4383.95
599886773#1,2513116030,2513116272,11,highway.secondary,79.992,1,,tram rail_urban rail rail_electric rail_fast ship,0,secondary,42.031169386539936,148.8211632102349,5319.07,4383.95,5340.83,4347.99
599886774,431085429,431238992,11,highway.secondary,79.992,2,,tram rail_urban rail rail_electric rail_fast ship,0,secondary,104.3928067445262,237.36337524024623,5408.32,4450.38,5320.41,4394.08
607473249#0,429653976,429655344,3,highway.residential,50.004000000000005,1,,tram rail_urban rail rail_electric rail_fast ship,0,residential,77.27372611705775,172.89162891655133,4496.42,2983.26,4505.93,2907.0
607473249#1,429655344,429655343,3,highway.residential,50.004000000000005,1,,tram rail_urban rail rail_electric rail_fast ship,0,residential,24.632517126757417,188.68603522813092,4505.93,2907.0,4502.21,2882.65
607473250,429655344,5757066087,3,highway.residential,50.004000000000005,1,,tram rail_urban rail rail_electric rail_fast ship,0,residential,21.462631593098315,118.01337174238256,4505.93,2907.0,4524.05,2897.36
607476021,5757100185,2513116138,3,highway.residential,50.004000000000005,1,,tram rail_urban rail rail_electric rail_fast ship,0,residential,78.70723268757119,266.1091748954366,5288.43,3495.65,5220.06,3491.0
607476276,4860226906,2513116085,3,highway.residential,50.004000000000005,1,,tram rail_urban rail rail_electric rail_fast ship,0,residential,219.2664562836376,39.98773753448853,5311.77,3314.68,5450.74,3480.37
610135147#0,5778604517,3254769385,10,highway.tertiary,79.992,1,,tram rail_urban rail rail_electric rail_fast ship,0,tertiary,79.84898387976983,270.35917144555873,4519.83,1332.23,4440.07,1332.73
610135147#1,3254769385,5778604488,10,highway.tertiary,79.992,1,,tram rail_urban rail rail_electric rail_fast ship,0,tertiary,58.58097241698117,268.14135281907556,4440.07,1332.73,4381.52,1330.83
610135147#2,5778604488,3254769384,10,highway.tertiary,79.992,1,,tram rail_urban rail rail_electric rail_fast ship,0,tertiary,65.19946702236153,268.27733792837716,4381.52,1330.83,4316.35,1328.87
610135148#0,477356701,5900283518,11,highway.secondary,100.00800000000001,1,,tram rail_urban rail rail_electric rail_fast ship,0,secondary,155.09918644977853,17.571376204671083,4545.58,1371.48,4592.39,1519.3
610135148#1,5900283518,10092616465,11,highway.secondary,100.00800000000001,1,,tram rail_urban rail rail_electric rail_fast ship,0,secondary,85.2474864859501,15.841072478319575,4592.39,1519.3,4615.66,1601.31
610135149,5778604521,429521217,10,highway.tertiary,79.992,1,,tram rail_urban rail rail_electric rail_fast ship,0,tertiary,42.29878342749022,119.6470894577713,4550.99,1296.71,4586.99,1276.22
610135150#0,5778604533,9719108005,11,highway.secondary,100.00800000000001,1,,tram rail_urban rail rail_electric rail_fast ship,0,secondary,17.546673162257065,332.2430109527603,4561.96,1319.62,4553.95,1334.84
610135150#1,9719108005,5778604536,11,highway.secondary,100.00800000000001,1,,tram rail_urban rail rail_electric rail_fast ship,0,secondary,3.7380342427538142,306.62465236129947,4553.95,1334.84,4550.95,1337.07
610135150#2,5778604536,5778604519,11,highway.secondary,100.00800000000001,1,,tram rail_urban rail rail_electric rail_fast ship,0,secondary,24.880591890444723,272.3799410151127,4550.95,1337.07,4527.13,1338.06
610135150#3,5778604519,5778604517,11,highway.secondary,100.00800000000001,1,,tram rail_urban rail rail_electric rail_fast ship,0,secondary,9.387187982982859,231.3880818881462,4527.13,1338.06,4519.83,1332.23
610135150#4,5778604517,5778604518,11,highway.secondary,100.00800000000001,1,,tram rail_urban rail rail_electric rail_fast ship,0,secondary,20.346655381220916,195.58762492088175,4519.83,1332.23,4514.51,1313.16
610135150#5,5778604518,5778604528,11,highway.secondary,100.00800000000001,1,,tram rail_urban rail rail_electric rail_fast ship,0,secondary,15.145791622071396,152.7995001054636,4514.51,1313.16,4521.33,1299.89
610135150#6,5778604528,5778604531,11,highway.secondary,100.00800000000001,1,,tram rail_urban rail rail_electric rail_fast ship,0,secondary,21.65609639552444,108.6336816903721,4521.33,1299.89,4541.2,1293.19
610135150#7,5778604531,5778604521,11,highway.secondary,100.00800000000001,1,,tram rail_urban rail rail_electric rail_fast ship,0,secondary,10.466016745018692,70.22392339736086,4541.2,1293.19,4550.99,1296.71
610135150#8,5778604521,5778604520,11,highway.secondary,100.00800000000001,1,,tram rail_urban rail rail_electric rail_fast ship,0,secondary,22.28391156624919,30.85894451753228,4550.99,1296.71,4562.05,1315.22
610135150#9,5778604520,5778604533,11,highway.secondary,100.00800000000001,1,,tram rail_urban rail rail_electric rail_fast ship,0,secondary,4.400920358288573,358.8282042772892,4562.05,1315.22,4561.96,1319.62
610220874#0,5779266070,9497470958,3,highway.residential,50.004000000000005,1,,tram rail_urban rail rail_electric rail_fast ship,0,residential,16.009297298757378,34.206231755744625,3461.33,2013.2,3470.33,2026.44
610220874#1,9497470958,5779266071,3,highway.residential,50.004000000000005,1,,tram rail_urban rail rail_electric rail_fast ship,0,residential,142.43286278103113,34.75672193218827,3470.33,2026.44,3551.53,2143.46
617837421#0,416862695,2513116004,11,highway.secondary,79.992,1,,tram rail_urban rail rail_electric rail_fast ship,0,secondary,444.8116086793496,350.7546267735244,4680.57,4218.53,4609.14,4657.35
617837421#1,2513116004,5840037268,11,highway.secondary,79.992,1,,tram rail_urban rail rail_electric rail_fast ship,0,secondary,2740.5997155530254,344.27189966558694,4609.14,4657.35,3867.1,7292.28
61967208,131830501,61967208-AddedOffRampNode,12,highway.primary,100.00800000000001,1,,tram rail_urban rail rail_electric rail_fast ship,0,primary,954.8022366242237,120.2548626987425,2226.47,2711.23,3041.03,2236.1
61967208-AddedOffRampEdge,61967208-AddedOffRampNode,11510936241,12,highway.primary,100.00800000000001,2,,tram rail_urban rail rail_electric rail_fast ship,0,primary,99.99884930842649,124.90424409432717,3040.12,2234.79,3122.13,2177.57
648178450#1,4983153143,477356672,10,highway.tertiary,79.992,1,,tram rail_urban rail rail_electric rail_fast ship,0,tertiary,9.690825558227841,128.25352750548825,3081.19,1273.18,3088.8,1267.18
648178451,6085692941,4983153143,10,highway.tertiary,79.992,1,,tram rail_urban rail rail_electric rail_fast ship,0,tertiary,141.40253371114397,126.6728273473608,2967.86,1357.57,3081.19,1273.18
648178452#0,6085692943,9897114307,3,highway.residential,50.004000000000005,1,,tram rail_urban rail rail_electric rail_fast ship,0,residential,45.906264378478326,355.5676703651124,2963.75,1372.48,2960.72,1411.57
648178452#1,9897114307,9719107999,3,highway.residential,50.004000000000005,1,,tram rail_urban rail rail_electric rail_fast ship,0,residential,285.1772878466499,356.2641090658138,2960.72,1411.57,2943.6,1673.76
648178452#2,9719107999,418610139,3,highway.residential,50.004000000000005,1,,tram rail_urban rail rail_electric rail_fast ship,0,residential,74.87055225203768,332.6759939588506,2943.6,1673.76,2909.66,1739.45
648178453#0,6085692941,6085692943,10,highway.tertiary,79.992,1,,tram rail_urban rail rail_electric rail_fast ship,0,tertiary,17.292957602622497,344.58892175150373,2967.86,1357.57,2963.75,1372.48
648178453#1,6085692943,6085692942,10,highway.tertiary,79.992,1,,tram rail_urban rail rail_electric rail_fast ship,0,tertiary,13.929898791995734,259.4940750314693,2963.75,1372.48,2950.97,1370.11
648178453#2,6085692942,6085692953,10,highway.tertiary,79.992,1,,tram rail_urban rail rail_electric rail_fast ship,0,tertiary,10.440204303740394,192.98607665492185,2950.97,1370.11,2948.71,1360.31
648178453#3,6085692953,6085692948,10,highway.tertiary,79.992,1,,tram rail_urban rail rail_electric rail_fast ship,0,tertiary,13.931015019807631,126.41987074537076,2948.71,1360.31,2959.16,1352.6
648178453#4,6085692948,6085692941,10,highway.tertiary,79.992,1,,tram rail_urban rail rail_electric rail_fast ship,0,tertiary,10.396147397263013,60.26221152049101,2959.16,1352.6,2967.86,1357.57
650145324#0,2510773343,2510773439,4,highway.unclassified,50.004000000000005,1,,tram rail_urban rail rail_electric rail_fast ship,0,unclassified,219.93407180696886,24.63673170211746,3741.44,1958.59,3821.83,2133.88
650145324#1,2510773439,6100271241,4,highway.unclassified,50.004000000000005,1,,tram rail_urban rail rail_electric rail_fast ship,0,unclassified,148.07263078779158,105.1556072007254,3821.83,2133.88,3944.66,2100.61
650145324#2,6100271241,2510773429,4,highway.unclassified,50.004000000000005,1,,tram rail_urban rail rail_electric rail_fast ship,0,unclassified,15.93463209490599,110.03840241547334,3944.66,2100.61,3959.63,2095.15
650145324#3,2510773429,2510773390,4,highway.unclassified,50.004000000000005,1,,tram rail_urban rail rail_electric rail_fast ship,0,unclassified,6.881634980148196,119.32147030248075,3959.63,2095.15,3965.63,2091.78
650145327,2510773441,2510773430,4,highway.unclassified,50.004000000000005,1,,tram rail_urban rail rail_electric rail_fast ship,0,unclassified,25.924139329975908,146.54899553530333,3742.93,1945.14,3757.22,1923.51
650145330#1,2510773434,2510773343,4,highway.unclassified,50.004000000000005,1,,tram rail_urban rail rail_electric rail_fast ship,0,unclassified,10.880170997889508,55.778536602673455,3733.28,1953.04,3741.44,1958.59
650145330#2,2510773343,6100271231,4,highway.unclassified,50.004000000000005,1,,tram rail_urban rail rail_electric rail_fast ship,0,unclassified,6.789572315883499,127.49930414319317,3741.44,1958.59,3746.64,1954.6
650145330#3,6100271231,2510773441,4,highway.unclassified,50.004000000000005,1,,tram rail_urban rail rail_electric rail_fast ship,0,unclassified,11.297328137749654,201.41399875269914,3746.64,1954.6,3742.93,1945.14
650145330#4,2510773441,2510773440,4,highway.unclassified,50.004000000000005,1,,tram rail_urban rail rail_electric rail_fast ship,0,unclassified,7.866336125097897,279.37429100938544,3742.93,1945.14,3735.54,1946.36
650145330#5,2510773440,2510773434,4,highway.unclassified,50.004000000000005,1,,tram rail_urban rail rail_electric rail_fast ship,0,unclassified,7.362806985579397,341.30812115257646,3735.54,1946.36,3733.28,1953.04
697624157#0,423402520,1687073965,3,highway.residential,50.004000000000005,1,,tram rail_urban rail rail_electric rail_fast ship,0,residential,68.52963065483672,73.66811363687725,2825.73,3007.54,2891.39,3026.78
697624157#1,1687073965,423400279,3,highway.residential,50.004000000000005,1,,tram rail_urban rail rail_electric rail_fast ship,0,residential,105.32351761761335,65.02946843904465,2891.39,3026.78,2986.82,3071.22
697624497,1687339908,441268006,3,highway.residential,29.988,1,,tram rail_urban rail rail_electric rail_fast ship,0,residential,45.34114694234753,119.02364077471327,3330.69,2939.62,3369.98,2917.82
697627694#0,6551565512,131830868,3,highway.residential,50.004000000000005,1,,tram rail_urban rail rail_electric rail_fast ship,0,residential,25.71792848372754,46.53873010415691,2668.3,2937.02,2686.84,2954.59
697627694#1,131830868,423361240,3,highway.residential,50.004000000000005,1,,tram rail_urban rail rail_electric rail_fast ship,0,residential,10.783065426862581,24.782562782601303,2686.84,2954.59,2691.36,2964.38
697627696,423366592,423361240,3,highway.residential,50.004000000000005,1,,tram rail_urban rail rail_electric rail_fast ship,0,residential,48.731222114860756,90.49184867172175,2643.6,2964.79,2691.36,2964.38
697704135,423413664,1687124735,11,highway.secondary,100.00800000000001,1,,tram rail_urban rail rail_electric rail_fast ship,0,secondary,194.25757665595114,156.1360380709582,3238.17,4078.86,3316.76,3901.21
697740912,429518015,429518006,10,highway.tertiary,79.992,1,,tram rail_urban rail rail_electric rail_fast ship,0,tertiary,12.729070990362645,151.61032501559066,4300.48,2340.0,4306.29,2329.25
698018293,429513633,429513955,3,highway.residential,29.988,1,,tram rail_urban rail rail_electric rail_fast ship,0,residential,79.32520588980314,115.8606436070989,3651.82,2970.17,3723.18,2935.58
698018294#0,423353704,3994200472,3,highway.residential,50.004000000000005,1,,tram rail_urban rail rail_electric rail_fast ship,0,residential,34.592650201371704,109.72640544754529,3559.34,3014.12,3591.83,3002.47
698018294#1,3994200472,430908400,3,highway.residential,50.004000000000005,1,,tram rail_urban rail rail_electric rail_fast ship,0,residential,19.577727140809568,117.59906423870598,3591.83,3002.47,3609.18,2993.4
698018295#1,2245121883,2245121875,10,highway.tertiary,50.004000000000005,1,,tram rail_urban rail rail_electric rail_fast ship,0,tertiary,89.98359461590752,272.8792576736489,3198.45,2739.98,3108.58,2744.5
698018295#2,2245121875,418600143,10,highway.tertiary,50.004000000000005,1,,tram rail_urban rail rail_electric rail_fast ship,0,tertiary,17.3797932307437,272.8739478183112,3108.58,2744.5,3091.25,2745.37
698018295#3,418600143,418600142,10,highway.tertiary,50.004000000000005,1,,tram rail_urban rail rail_electric rail_fast ship,0,tertiary,27.29644115997565,272.9609361341644,3091.25,2745.37,3063.99,2746.78
698024152#0,12698229059,1767322353,3,highway.residential,50.004000000000005,1,,tram rail_urban rail rail_electric rail_fast ship,0,residential,19.96953978164975,146.9388312930597,3539.43,1466.48,3550.32,1449.75
698024152#1,1767322353,1767335334,3,highway.residential,50.004000000000005,1,,tram rail_urban rail rail_electric rail_fast ship,0,residential,62.29338536957361,155.02067237221002,3550.32,1449.75,3576.39,1393.79
698024153,1767344724,1767322362,3,highway.residential,50.004000000000005,1,,tram rail_urban rail rail_electric rail_fast ship,0,residential,69.49853865518183,188.97434118471077,3659.49,1265.44,3648.65,1196.8
698024155#0,429521761,5778604547,10,highway.tertiary,79.992,1,,tram rail_urban rail rail_electric rail_fast ship,0,tertiary,75.0057625265703,91.73686317949932,4120.73,1321.51,4195.59,1319.24
698024155#1,5778604547,429521763,10,highway.tertiary,79.992,1,,tram rail_urban rail rail_electric rail_fast ship,0,tertiary,53.36862186716078,87.82009552262673,4195.59,1319.24,4248.92,1321.27
698024155#2,429521763,6555489289,10,highway.tertiary,79.992,1,,tram rail_urban rail rail_electric rail_fast ship,0,tertiary,67.66047599654088,88.01806204324339,4248.92,1321.27,4316.54,1323.61
698024160,5777445927,429520308,10,highway.tertiary,79.992,1,,tram rail_urban rail rail_electric rail_fast ship,0,tertiary,66.42679801389876,37.574913275438405,3970.39,1579.96,4010.83,1632.52
698026761,429518011,2025263890,10,highway.tertiary,79.992,1,,tram rail_urban rail rail_electric rail_fast ship,0,tertiary,7.903726968968433,15.935438344625993,4319.96,2347.03,4322.13,2354.63
698026762,4980006045,431337530,11,highway.secondary,100.00800000000001,1,,tram rail_urban rail rail_electric rail_fast ship,0,secondary,7.946879890874726,108.1841531407012,4909.64,2706.97,4917.19,2704.49
707542551#0,11492610792,12390308736,3,highway.residential,50.004000000000005,1,,tram rail_urban rail rail_electric rail_fast ship,0,residential,48.50960804001814,81.48853357708089,2544.74,2947.48,2592.65,2954.65
707542551#1,12390308736,423366587,3,highway.residential,50.004000000000005,1,,tram rail_urban rail rail_electric rail_fast ship,0,residential,17.102847716096754,80.13562807030308,2592.65,2954.65,2609.5,2957.58
707542552,423366587,423366592,3,highway.residential,50.004000000000005,1,,tram rail_urban rail rail_electric rail_fast ship,0,residential,34.853896482315925,78.06138998273207,2609.5,2957.58,2643.6,2964.79
710476024#1,3262396898,1663593216,10,highway.tertiary,79.992,1,,tram rail_urban rail rail_electric rail_fast ship,0,tertiary,5.012953221405215,329.291063934125,4297.36,2462.96,4294.8,2467.27
710476653#0,3400054762,3400054749,10,highway.tertiary,50.004000000000005,1,,tram rail_urban rail rail_electric rail_fast ship,0,tertiary,25.882573442345812,56.56779857900807,3504.37,2673.2,3525.97,2687.46
710476653#1,3400054749,3400054740,10,highway.tertiary,50.004000000000005,1,,tram rail_urban rail rail_electric rail_fast ship,0,tertiary,21.622303300065106,57.61823067494464,3525.97,2687.46,3544.23,2699.04
710476654,3400054740,3398666969,10,highway.tertiary,50.004000000000005,1,,tram rail_urban rail rail_electric rail_fast ship,0,tertiary,37.22339656385813,57.10844310084053,3544.23,2699.04,3575.48,2719.25
710476923,423361227,3254769439,3,highway.residential,50.004000000000005,1,,tram rail_urban rail rail_electric rail_fast ship,0,residential,81.52887192805446,52.87036176060718,2570.05,2854.39,2634.77,2903.39
710478296,423356668,418600284,10,highway.tertiary,50.004000000000005,1,,tram rail_urban rail rail_electric rail_fast ship,0,tertiary,105.79610214939123,272.1722094820749,2463.51,2769.88,2357.79,2773.89
710478618#0,423366573,3433618582,3,highway.residential,50.004000000000005,1,,tram rail_urban rail rail_electric rail_fast ship,0,residential,45.60916254926069,102.83716198615059,2414.49,2961.79,2458.9,2951.67
710478618#1,3433618582,3204645807,3,highway.residential,50.004000000000005,1,,tram rail_urban rail rail_electric rail_fast ship,0,residential,70.14134829474851,92.81246999589996,2458.9,2951.67,2528.72,2948.24
710478618#2,3204645807,3204645804,3,highway.residential,50.004000000000005,1,,tram rail_urban rail rail_electric rail_fast ship,0,residential,8.276351853323032,93.60224443330617,2528.72,2948.24,2536.98,2947.72
710478629#0,3254769434,10936505649,10,highway.tertiary,50.004000000000005,1,,tram rail_urban rail rail_electric rail_fast ship,0,tertiary,8.918099573339461,272.4421111008942,2530.94,2767.14,2522.03,2767.52
710478629#1,10936505649,423356668,10,highway.tertiary,50.004000000000005,1,,tram rail_urban rail rail_electric rail_fast ship,0,tertiary,58.567567817009426,272.30937810863105,2522.03,2767.52,2463.51,2769.88
719004326,2511999113,418610137,12,highway.primary,50.004000000000005,2,,tram rail_urban rail rail_electric rail_fast ship,0,primary,10.17805973651159,221.6943132313428,2731.97,1539.1,2725.2,1531.5
719004327,429517170,429517160,10,highway.tertiary,79.992,1,,tram rail_urban rail rail_electric rail_fast ship,0,tertiary,21.346417904542776,113.5575084978808,3487.64,1479.22,3506.47,1471.01
719004328,429517164,429517166,10,highway.tertiary,79.992,1,,tram rail_urban rail rail_electric rail_fast ship,0,tertiary,20.387013239150896,290.9372852742745,3519.01,1502.56,3500.61,1509.6
719004329,429517442,429517433,10,highway.tertiary,79.992,1,,tram rail_urban rail rail_electric rail_fast ship,0,tertiary,11.010904926504402,128.06717199681248,3903.72,2013.23,3912.16,2006.62
719004330,429517436,429517438,10,highway.tertiary,79.992,1,,tram rail_urban rail rail_electric rail_fast ship,0,tertiary,14.198518924384402,314.67157547060236,3926.46,2020.69,3916.81,2030.23
719004331,429517160,429517161,10,highway.tertiary,79.992,1,,tram rail_urban rail rail_electric rail_fast ship,0,tertiary,9.656402021457145,67.790915885493,3506.47,1471.01,3515.41,1474.66
719004332,418610137,2511999100,10,highway.tertiary,79.992,1,,tram rail_urban rail rail_electric rail_fast ship,0,tertiary,69.5636923976871,120.51315184186802,2725.2,1531.5,2785.13,1496.18
734943619,3340881074,3340881095,3,highway.residential,50.004000000000005,1,,tram rail_urban rail rail_electric rail_fast ship,0,residential,239.2441435428828,286.0606015081939,2794.83,2522.42,2572.94,2586.3
777654407,621155637,429503796,3,highway.residential,50.004000000000005,1,,tram rail_urban rail rail_electric rail_fast ship,0,residential,33.02821369677744,200.2839740353457,4134.0,2785.61,4122.55,2754.63
82407387#0,11510936241,11510947855,12,highway.primary,100.00800000000001,1,,tram rail_urban rail rail_electric rail_fast ship,0,primary,229.42306352396707,124.64666325252625,3123.04,2178.88,3311.78,2048.45
82407387#1,82407387#1-AddedOnRampNode,703890979,12,highway.primary,100.00800000000001,1,,tram rail_urban rail rail_electric rail_fast ship,0,primary,80.90271688886605,124.34219922414582,3394.35,1992.04,3461.15,1946.4
82407387#1-AddedOnRampEdge,11510947855,82407387#1-AddedOnRampNode,12,highway.primary,100.00800000000001,2,,tram rail_urban rail rail_electric rail_fast ship,0,primary,99.99946499856867,124.34002643689251,3310.88,2047.13,3393.45,1990.72
859784039#1,3974640333,430957521,11,highway.secondary,100.00800000000001,1,,tram rail_urban rail rail_electric rail_fast ship,0,secondary,29.324428383176006,16.339922155069814,4357.41,3191.99,4365.66,3220.13
859784039#2,430957521,423427964,11,highway.secondary,100.00800000000001,1,,tram rail_urban rail rail_electric rail_fast ship,0,secondary,35.547194558707396,16.374984404335805,4365.66,3220.13,4375.68,3254.23
878854446,1697838035,1697838076,10,highway.tertiary,79.992,1,,tram rail_urban rail rail_electric rail_fast ship,0,tertiary,13.121783415374804,76.51445686247752,4178.78,2740.91,4191.54,2743.97
878854447,1697838035,1697838087,10,highway.tertiary,79.992,1,,tram rail_urban rail rail_electric rail_fast ship,0,tertiary,7.894973084184545,136.74503057976096,4178.78,2740.91,4184.19,2735.16
878854448,1697838087,8176004097,10,highway.tertiary,79.992,1,,tram rail_urban rail rail_electric rail_fast ship,0,tertiary,20.381553112646394,137.64498947077732,4184.19,2735.16,4197.92,2720.1
88525123,429521217,5778604520,10,highway.tertiary,79.992,1,,tram rail_urban rail rail_electric rail_fast ship,0,tertiary,46.52228571265226,327.4016063134631,4586.99,1276.22,4562.05,1315.22
918716573,1687286974,1687286681,3,highway.residential,50.004000000000005,1,,tram rail_urban rail rail_electric rail_fast ship,0,residential,108.98245833949613,17.91830260289123,3841.95,2894.66,3875.29,2997.77
918716574#0,429514061,430904721,10,highway.tertiary,10.008,1,,tram rail_urban rail rail_electric rail_fast ship,0,tertiary,65.78616647897937,288.07415240381044,3831.15,2898.92,3768.61,2919.33
918716574#1,430904721,429514244,10,highway.tertiary,10.008,1,,tram rail_urban rail rail_electric rail_fast ship,0,tertiary,23.08568820719885,288.98434356881177,3768.61,2919.33,3746.78,2926.84
918716574#2,429514244,429513955,10,highway.tertiary,10.008,1,,tram rail_urban rail rail_electric rail_fast ship,0,tertiary,25.16639823256426,290.3215553839128,3746.78,2926.84,3723.18,2935.58
918716575,1687286974,429514061,10,highway.tertiary,10.008,1,,tram rail_urban rail rail_electric rail_fast ship,0,tertiary,11.60980619993271,291.52647983295094,3841.95,2894.66,3831.15,2898.92
918828154#0,418609058,8533247311,12,highway.primary,50.004000000000005,2,,tram rail_urban rail rail_electric rail_fast ship,0,primary,22.811665397684095,181.41131311345347,3036.99,2145.62,3036.43,2122.89
918828154#1,8533247311,418609343,12,highway.primary,50.004000000000005,2,,tram rail_urban rail rail_electric rail_fast ship,0,primary,13.242200574357115,197.81144016527833,3036.43,2122.89,3032.43,2110.44
918828156#0,2085838095,8533247310,12,highway.primary,50.004000000000005,2,,tram rail_urban rail rail_electric rail_fast ship,0,primary,14.985315133488523,321.6249115038905,3054.71,2112.64,3045.54,2124.22
918828156#1,8533247310,418609058,12,highway.primary,50.004000000000005,2,,tram rail_urban rail rail_electric rail_fast ship,0,primary,23.098677050501976,338.2216750327505,3045.54,2124.22,3036.99,2145.62
932810907#0,4102974615,3625523775,3,highway.residential,50.004000000000005,1,,tram rail_urban rail rail_electric rail_fast ship,0,residential,54.48211830155316,62.96980705907123,3253.15,2916.07,3294.86,2937.35
932810907#1,3625523775,4271010204,3,highway.residential,50.004000000000005,1,,tram rail_urban rail rail_electric rail_fast ship,0,residential,22.152280887601854,61.34605915671426,3294.86,2937.35,3314.24,2947.94
932857453,429521761,429521228,4,highway.unclassified,50.004000000000005,1,,tram rail_urban rail rail_electric rail_fast ship,0,unclassified,5.630719314617161,15.344364393369347,4120.73,1321.51,4122.22,1326.94
