route_id,origins,destinations,free_flow_time,total_length,mean_speed,speed_std,pct_high_capacity,pct_mid_capacity,pct_local,road_type_entropy,traffic_lights_per_km,turns_per_km,yield_priority_changes_per_km,left_yield_turns_per_km,mean_circuity,edges_per_km,edge_dist_from_shortest,mean_edge_dist_to_other_routes,max_edge_dist_to_other_routes
d2c9142ff00dad8d3d459a46f43cf8d3f1c4c4790e4052bef52187f8ca61368d,-42762428#0,-100468681#2,0.6363636363636364,0.6363636363636364,0.45454545454545453,0.45454545454545453,0.09090909090909091,0.09090909090909091,1.0,0.0,0.6363636363636364,0.5454545454545454,0.09090909090909091,0.13636363636363635,0.7272727272727273,0.2727272727272727,1.0,0.9090909090909091,0.9545454545454546
f458710f1be714b0516ddee01eb4c6cedd639c239fd109ff7160a08a19ad19cf,-42762428#0,-100468681#2,0.7272727272727273,0.8181818181818182,0.36363636363636365,0.36363636363636365,0.45454545454545453,0.0,0.8181818181818182,0.18181818181818182,0.45454545454545453,0.45454545454545453,0.0,0.13636363636363635,0.6363636363636364,0.36363636363636365,0.9090909090909091,0.8181818181818182,0.5454545454545454
71f5f600da9923a52e31b93bd3e50fe47ecddd5c4a4d7e0ebca1985d1d7aac08,-42762428#0,-100468681#2,0.0,0.0,0.9545454545454546,0.9545454545454546,0.9090909090909091,1.0,0.09090909090909091,0.8181818181818182,0.13636363636363635,0.36363636363636365,0.6363636363636364,0.9090909090909091,0.0,0.9090909090909091,0.0,0.36363636363636365,0.8181818181818182
739c2dd0cf38f90faeacec8f996b5a5060bf9967149c38956779d000b7074cd6,-42762428#0,-100468681#2,0.09090909090909091,0.09090909090909091,0.7272727272727273,0.7272727272727273,0.8181818181818182,0.9090909090909091,0.18181818181818182,0.9090909090909091,0.13636363636363635,0.2727272727272727,0.5454545454545454,0.8181818181818182,0.09090909090909091,1.0,0.18181818181818182,0.6363636363636364,0.9545454545454546
69249aa359caaf0f251849465a31570b06f00b54cb807853175a746df314f52e,-42762428#0,-100468681#2,0.8181818181818182,0.7272727272727273,0.13636363636363635,0.22727272727272727,0.0,0.36363636363636365,0.7272727272727273,0.2727272727272727,0.5454545454545454,0.8181818181818182,0.8181818181818182,0.45454545454545453,0.9090909090909091,0.0,0.7272727272727273,0.5454545454545454,0.36363636363636365
6d59143a2d0622be9b67f5e17add92fe08c02fc9cc30885f107ffa303a60d2c6,-42762428#0,-100468681#2,0.5454545454545454,0.45454545454545453,0.13636363636363635,0.22727272727272727,0.7272727272727273,0.45454545454545453,0.5454545454545454,0.6363636363636364,0.13636363636363635,0.9090909090909091,1.0,1.0,0.45454545454545453,0.45454545454545453,0.36363636363636365,0.7272727272727273,0.6818181818181818
99bff3592419a657c1d3c9a3a47f87ff703bec6c7867f842348caf0d97be65f4,-42762428#0,-100468681#2,0.2727272727272727,0.2727272727272727,0.9545454545454546,0.9545454545454546,0.2727272727272727,0.6363636363636364,0.45454545454545453,0.45454545454545453,1.0,0.09090909090909091,0.36363636363636365,0.13636363636363635,0.2727272727272727,0.5454545454545454,0.5454545454545454,0.2727272727272727,0.09090909090909091
acef29639bdd65fe5cbc2e7df14f6ac1c81edde7fc223190c0db8300f2a853b4,-42762428#0,-100468681#2,1.0,1.0,0.2727272727272727,0.09090909090909091,0.18181818181818182,0.18181818181818182,0.9090909090909091,0.09090909090909091,0.8181818181818182,0.6363636363636364,0.18181818181818182,0.6363636363636364,1.0,0.18181818181818182,0.8181818181818182,1.0,0.6818181818181818
2c0ed0cffdeb1e5ec088b183c113b80445540373596fcc380902b725e5ac0708,-42762428#0,-100468681#2,0.18181818181818182,0.18181818181818182,0.7272727272727273,0.7272727272727273,1.0,0.8181818181818182,0.0,1.0,0.13636363636363635,0.18181818181818182,0.45454545454545453,0.7272727272727273,0.18181818181818182,0.8181818181818182,0.09090909090909091,0.09090909090909091,0.45454545454545453
9e4d5ce6aef68f473c722fc6825d21d27204f389a3835568970a4dcf6494b2f1,-42762428#0,-100468681#2,0.9090909090909091,0.9090909090909091,0.0,0.0,0.36363636363636365,0.2727272727272727,0.6363636363636364,0.36363636363636365,0.36363636363636365,0.7272727272727273,0.7272727272727273,0.36363636363636365,0.8181818181818182,0.09090909090909091,0.6363636363636364,0.45454545454545453,0.18181818181818182
f81dd4fed25163e133f08c2f556aa4d7306604ec2cef0fcf06097bc943bfa816,-42762428#0,-100468681#2,0.36363636363636365,0.36363636363636365,0.7272727272727273,0.7272727272727273,0.5454545454545454,0.5454545454545454,0.36363636363636365,0.5454545454545454,0.9090909090909091,0.0,0.2727272727272727,0.13636363636363635,0.36363636363636365,0.6363636363636364,0.45454545454545453,0.0,0.0
f53de463c018d16bbf4743e5471796c82ad6899fcc8e97ec21d7afc26d85fd08,-42762428#0,-100468681#2,0.45454545454545453,0.5454545454545454,0.5454545454545454,0.5454545454545454,0.6363636363636364,0.7272727272727273,0.2727272727272727,0.7272727272727273,0.7272727272727273,1.0,0.9090909090909091,0.5454545454545454,0.5454545454545454,0.7272727272727273,0.2727272727272727,0.18181818181818182,0.2727272727272727
06282c78809aeb697f7c62762b816d503d5b5bfe259d09104b52c3d5df677815,-1323419247,464265154,0.0,0.0,1.0,0.8888888888888888,0.7777777777777778,0.1111111111111111,0.8888888888888888,0.1111111111111111,0.3888888888888889,1.0,1.0,0.16666666666666666,0.0,0.1111111111111111,0.0,0.8888888888888888,0.8333333333333334
0ddaa6ae104f530016d284e5e475377e233ee9f34ff27d3795f01825c003dc18,-1323419247,464265154,0.1111111111111111,0.1111111111111111,0.8888888888888888,0.7777777777777778,0.4444444444444444,0.1111111111111111,1.0,0.0,0.3888888888888889,0.7777777777777778,0.6666666666666666,0.16666666666666666,0.1111111111111111,0.2222222222222222,0.1111111111111111,0.7777777777777778,0.2777777777777778
b13d7894307106c8b842d1287a1eacea2a8f2dad930ebc5f732e53312f7093c3,-1323419247,464265154,0.7777777777777778,0.7777777777777778,0.3333333333333333,0.1111111111111111,0.5555555555555556,0.5555555555555556,0.1111111111111111,1.0,0.8888888888888888,0.5555555555555556,0.5555555555555556,0.6666666666666666,0.7777777777777778,1.0,1.0,0.3333333333333333,0.8333333333333334
97c8155df75adc182857c1566cdd9b3a0884995f3bffd99a185f515b8fe0456f,-1323419247,464265154,0.2222222222222222,0.2222222222222222,0.7777777777777778,0.2222222222222222,1.0,0.1111111111111111,0.0,0.2222222222222222,1.0,0.2222222222222222,0.2222222222222222,0.16666666666666666,0.2222222222222222,0.4444444444444444,0.2222222222222222,1.0,0.8333333333333334
544f164e1858ea67f5c519509fb0f46b483ba33155a7a6511a0dbfb8a0c7dc2f,-1323419247,464265154,0.5555555555555556,0.5555555555555556,0.1111111111111111,0.4444444444444444,0.2222222222222222,0.7777777777777778,0.4444444444444444,0.8888888888888888,0.3888888888888889,0.8888888888888888,0.8888888888888888,0.8888888888888888,0.4444444444444444,0.7777777777777778,0.5555555555555556,0.1111111111111111,0.8333333333333334
b89439fdb5875a8642791e252c10e72b859ce9f3e9c331351473b95583a777f6,-1323419247,464265154,0.4444444444444444,0.4444444444444444,0.0,0.5555555555555556,0.0,0.8888888888888888,0.6666666666666666,0.7777777777777778,0.3888888888888889,0.4444444444444444,0.4444444444444444,0.5555555555555556,0.5555555555555556,0.5555555555555556,0.4444444444444444,0.2222222222222222,0.1111111111111111
f77295475e6e93d569472d4cd9d62e29ab24e9defd2acaa2cdc8cecdd4250623,-1323419247,464265154,0.6666666666666666,0.6666666666666666,0.2222222222222222,0.3333333333333333,0.1111111111111111,0.6666666666666666,0.5555555555555556,0.6666666666666666,0.3888888888888889,0.6666666666666666,0.7777777777777778,0.7777777777777778,0.6666666666666666,0.8888888888888888,0.6666666666666666,0.0,0.2777777777777778
a4de3564620dee92c9c82acad88a318d5592b9f4773f9cdc3b306cc750c18e41,-1323419247,464265154,0.8888888888888888,1.0,0.6666666666666666,1.0,0.8888888888888888,0.3333333333333333,0.2222222222222222,0.4444444444444444,0.3888888888888889,0.3333333333333333,0.3333333333333333,1.0,1.0,0.6666666666666666,0.8888888888888888,0.4444444444444444,0.5555555555555556
4c74cada1aa25f6ec304e3ecab536c8c2ce90553a9eaa232153eb11120a7577d,-1323419247,464265154,1.0,0.8888888888888888,0.4444444444444444,0.6666666666666666,0.3333333333333333,0.4444444444444444,0.3333333333333333,0.5555555555555556,0.3888888888888889,0.1111111111111111,0.0,0.4444444444444444,0.8888888888888888,0.3333333333333333,0.7777777777777778,0.5555555555555556,0.4444444444444444
89053493cd39c462f9f21a0154dd9130a7b26fb983d419defc5db6eda0a1e6d8,-1323419247,464265154,0.3333333333333333,0.3333333333333333,0.5555555555555556,0.0,0.6666666666666666,1.0,0.7777777777777778,0.3333333333333333,0.3888888888888889,0.0,0.1111111111111111,0.16666666666666666,0.3333333333333333,0.0,0.3333333333333333,0.6666666666666666,0.0
82bc3f4ce4b539c12aa7726c07090c4da8bf96c9fa0ebdbd733fb0b9e26a76ea,71324347#2,416373452,0.0,0.0,0.0,0.5454545454545454,0.5454545454545454,0.2727272727272727,0.09090909090909091,0.45454545454545453,0.4090909090909091,1.0,0.8181818181818182,1.0,0.0,1.0,0.0,0.7272727272727273,0.0
22dd992cf8b516d467b305b4a021a9d0d27dcb338eebab92305313e5ca809c3e,71324347#2,416373452,0.36363636363636365,0.5454545454545454,0.36363636363636365,0.0,0.2727272727272727,0.9090909090909091,0.45454545454545453,0.9090909090909091,0.4090909090909091,0.9090909090909091,1.0,0.7272727272727273,0.5454545454545454,0.5454545454545454,0.6363636363636364,0.45454545454545453,0.8181818181818182
d020ada73123695124497106fbcd6cfc44012f9b7477e3198acb0b226a21788b,71324347#2,416373452,0.18181818181818182,0.45454545454545453,0.5454545454545454,0.45454545454545453,0.18181818181818182,1.0,0.5454545454545454,0.8181818181818182,0.4090909090909091,0.36363636363636365,0.6363636363636364,0.09090909090909091,0.45454545454545453,0.45454545454545453,0.7272727272727273,0.8181818181818182,0.6363636363636364
45cce333be14f835a0f678f8b2267e38c8d2de70309c4d6e10749a9f09d031ac,71324347#2,416373452,0.09090909090909091,0.09090909090909091,0.09090909090909091,0.2727272727272727,1.0,0.2727272727272727,0.0,0.0,1.0,0.8181818181818182,0.7272727272727273,0.09090909090909091,0.09090909090909091,0.9090909090909091,0.9090909090909091,1.0,0.9545454545454546
5d6ea1ab4814d610e0f18a3f14ce1283b3b1670e043fa252e55b26b34c712804,71324347#2,416373452,0.2727272727272727,0.18181818181818182,0.18181818181818182,0.36363636363636365,0.9090909090909091,0.2727272727272727,0.18181818181818182,0.7272727272727273,0.4090909090909091,0.6363636363636364,0.5454545454545454,0.9090909090909091,0.18181818181818182,0.7272727272727273,0.09090909090909091,0.0,0.09090909090909091
958085726e25b47241bfdc653ff40e9be7a7985894756d9233a7cd8fd07819be,71324347#2,416373452,0.5454545454545454,0.2727272727272727,0.9090909090909091,0.9090909090909091,0.6363636363636364,0.2727272727272727,0.6363636363636364,0.5454545454545454,0.9090909090909091,0.5454545454545454,0.45454545454545453,0.09090909090909091,0.2727272727272727,0.8181818181818182,0.8181818181818182,0.9090909090909091,0.18181818181818182
dd3ea278c8a9f720e142d62ea72edb79ec74570eef9cd43185fab2805b3dfc65,71324347#2,416373452,0.7272727272727273,0.7272727272727273,1.0,1.0,0.7272727272727273,0.7272727272727273,0.2727272727272727,1.0,0.4090909090909091,0.2727272727272727,0.18181818181818182,0.5454545454545454,0.6363636363636364,0.2727272727272727,0.36363636363636365,0.5454545454545454,0.45454545454545453
e83568880587582265d5d6bd17bc50e5e4a9451afc396f1bc7036ec48291659c,71324347#2,416373452,0.9090909090909091,0.9090909090909091,0.2727272727272727,0.09090909090909091,0.36363636363636365,0.2727272727272727,0.9090909090909091,0.18181818181818182,0.4090909090909091,0.0,0.0,0.36363636363636365,0.9090909090909091,0.09090909090909091,0.36363636363636365,0.09090909090909091,0.45454545454545453
bb3625fbc3823d8bf685c7df748fc62d9b7077a0ba3865565a84a1e8e80dba13,71324347#2,416373452,0.45454545454545453,0.6363636363636364,0.45454545454545453,0.18181818181818182,0.0,0.8181818181818182,0.7272727272727273,0.36363636363636365,0.4090909090909091,0.7272727272727273,0.9090909090909091,0.6363636363636364,0.7272727272727273,0.36363636363636365,0.5454545454545454,0.36363636363636365,0.7272727272727273
32c8d31b498123cb701dd7c785abf5b97775b9debd1e51d7d5d17354cc844f2e,71324347#2,416373452,0.6363636363636364,0.36363636363636365,0.6363636363636364,0.8181818181818182,0.8181818181818182,0.2727272727272727,0.36363636363636365,0.6363636363636364,0.4090909090909091,0.45454545454545453,0.36363636363636365,0.8181818181818182,0.36363636363636365,0.6363636363636364,0.18181818181818182,0.2727272727272727,0.2727272727272727
0e00a54a957a64d4892da0765afa30f0829d1db01a248a8c2714bb2a2e9a889a,71324347#2,416373452,0.8181818181818182,0.8181818181818182,0.8181818181818182,0.7272727272727273,0.45454545454545453,0.2727272727272727,0.8181818181818182,0.2727272727272727,0.4090909090909091,0.18181818181818182,0.09090909090909091,0.45454545454545453,0.8181818181818182,0.18181818181818182,0.36363636363636365,0.18181818181818182,0.45454545454545453
6f7c962891957d8fa7c2f64832be605292f6d74d866470a1df066fc00dc17a5b,71324347#2,416373452,1.0,1.0,0.7272727272727273,0.6363636363636364,0.09090909090909091,0.6363636363636364,1.0,0.09090909090909091,0.4090909090909091,0.09090909090909091,0.2727272727272727,0.2727272727272727,1.0,0.0,1.0,0.6363636363636364,0.9545454545454546
63b0097ca58dd5d942284b3a841c0154fa0fdf5a67f43a37fbbc9d0efdc7ad1c,-100525445,101606547#1,0.0,0.0,0.9090909090909091,0.5,0.13636363636363635,0.13636363636363635,0.9545454545454546,0.045454545454545456,0.45454545454545453,0.045454545454545456,0.045454545454545456,0.22727272727272727,0.0,0.8181818181818182,0.0,0.6363636363636364,0.5
39a9342e0285ed59a93236611e2efec6aab3f47ed28ccbae8284779eaafb38bc,-100525445,101606547#1,0.6363636363636364,0.6363636363636364,0.4090909090909091,0.22727272727272727,0.6363636363636364,0.7272727272727273,0.5454545454545454,0.5454545454545454,0.45454545454545453,0.2727272727272727,0.7272727272727273,0.22727272727272727,0.6363636363636364,0.09090909090909091,0.5,0.0,0.045454545454545456
694638acde4754636f686f4e2565579c2cba5e8d5e653905567ad7c18e651033,-100525445,101606547#1,0.18181818181818182,0.09090909090909091,0.7272727272727273,1.0,0.13636363636363635,0.13636363636363635,0.7272727272727273,0.2727272727272727,0.45454545454545453,0.8181818181818182,0.2727272727272727,1.0,0.09090909090909091,1.0,0.18181818181818182,0.8181818181818182,0.9545454545454546
50c309b4e2313fb6d3e649ddc0146991b3d5f65f71376e1f63a2bc9576d13890,-100525445,101606547#1,0.09090909090909091,0.18181818181818182,0.8181818181818182,0.5,0.13636363636363635,0.13636363636363635,0.9545454545454546,0.045454545454545456,0.45454545454545453,0.045454545454545456,0.045454545454545456,0.22727272727272727,0.18181818181818182,0.7272727272727273,0.09090909090909091,0.5454545454545454,0.5
6a7f99ca29159e3e563f4f750779bd46627d99ebb141b7c073f97eac9051992c,-100525445,101606547#1,0.2727272727272727,0.2727272727272727,0.6363636363636364,0.9090909090909091,0.13636363636363635,0.13636363636363635,0.8181818181818182,0.18181818181818182,0.45454545454545453,0.7272727272727273,0.18181818181818182,0.9090909090909091,0.2727272727272727,0.9090909090909091,0.2727272727272727,0.7272727272727273,0.7727272727272727
9bc78bd6de4e9525f884efc3c01d94c0de6b13c55add18ad28c818966d69ecc2,-100525445,101606547#1,0.45454545454545453,0.45454545454545453,0.5454545454545454,0.36363636363636365,0.7272727272727273,0.9090909090909091,0.36363636363636365,0.6363636363636364,0.45454545454545453,0.5454545454545454,0.9090909090909091,0.22727272727272727,0.45454545454545453,0.0,0.36363636363636365,0.09090909090909091,0.045454545454545456
98fbb8d6b70c227ede613492cde7dc5d8c7dcba9b534c13733b04bcfed109497,-100525445,101606547#1,0.36363636363636365,0.36363636363636365,0.4090909090909091,0.22727272727272727,0.9090909090909091,1.0,0.0,0.9090909090909091,0.45454545454545453,0.6363636363636364,0.5454545454545454,0.22727272727272727,0.36363636363636365,0.36363636363636365,0.5,0.2727272727272727,0.22727272727272727
5edd5b31d0bdebc0bba4c4c7e3679b98cc55fe8f7e7c695a93aa26886e56f199,-100525445,101606547#1,0.9090909090909091,0.8181818181818182,0.0,0.7272727272727273,0.45454545454545453,0.5454545454545454,0.45454545454545453,0.8181818181818182,0.45454545454545453,0.9090909090909091,0.8181818181818182,0.7272727272727273,0.8181818181818182,0.2727272727272727,1.0,0.36363636363636365,0.5
726cfdc4e384791eb5e97afbec8936c337ae71e29e5ba94afcec444d24735caf,-100525445,101606547#1,0.7272727272727273,0.9090909090909091,1.0,0.09090909090909091,1.0,0.36363636363636365,0.18181818181818182,0.45454545454545453,0.45454545454545453,0.18181818181818182,0.36363636363636365,0.6363636363636364,0.9090909090909091,0.5454545454545454,0.7272727272727273,0.9090909090909091,0.7727272727272727
0d70ee56644172297a1547110399d2e24ea21c1f98d5d31e08196d66f303b9a3,-100525445,101606547#1,0.5454545454545454,0.5454545454545454,0.2727272727272727,0.0,0.8181818181818182,0.8181818181818182,0.09090909090909091,0.7272727272727273,0.45454545454545453,0.36363636363636365,0.45454545454545453,0.22727272727272727,0.5454545454545454,0.45454545454545453,0.6363636363636364,0.18181818181818182,0.22727272727272727
079faad2c9ceee66b46c0233ad666dc62704a9ee599d1615706122cb0c5c41d6,-100525445,101606547#1,1.0,1.0,0.09090909090909091,0.6363636363636364,0.36363636363636365,0.45454545454545453,0.6363636363636364,0.36363636363636365,1.0,0.45454545454545453,0.6363636363636364,0.5454545454545454,1.0,0.6363636363636364,0.8181818181818182,1.0,0.9545454545454546
c6f10c986a7ef470a152e108ac0e32c303ad88176b145f85facfcfac74400de4,-100525445,101606547#1,0.8181818181818182,0.7272727272727273,0.18181818181818182,0.8181818181818182,0.5454545454545454,0.6363636363636364,0.2727272727272727,1.0,0.45454545454545453,1.0,1.0,0.8181818181818182,0.7272727272727273,0.18181818181818182,0.9090909090909091,0.45454545454545453,0.5
84d952dfc9a17b81e0cc8c100afde2fcde08e87bf9505646a0542d27fa400b83,-282689981#0,-352797377,0.09090909090909091,0.09090909090909091,1.0,0.18181818181818182,0.5,0.5,0.5,0.5,0.5,0.5,0.5,0.5,0.09090909090909091,0.09090909090909091,0.09090909090909091,0.9090909090909091,0.36363636363636365
33ec266e0824aff223613808d829f7c0074253bb301605abd85f755d275ca5eb,-282689981#0,-352797377,0.0,0.0,0.9090909090909091,1.0,0.5,0.5,0.5,0.5,0.5,0.5,0.5,0.5,0.0,0.0,0.0,1.0,0.8181818181818182
dcb6c08fefcedae61f6076abf5c6eb0ce9f7a06080b04ad5f9267dc1aaee0689,-282689981#0,-352797377,0.18181818181818182,0.18181818181818182,0.0,0.0,0.5,0.5,0.5,0.5,0.5,0.5,0.5,0.5,0.7272727272727273,0.18181818181818182,0.8636363636363636,0.36363636363636365,0.8181818181818182
40b0734678148e7c80adc7a9c18fdc8c49a476bab8a8432f05997a2d8c3be707,-282689981#0,-352797377,0.36363636363636365,0.2727272727272727,0.09090909090909091,0.09090909090909091,0.5,0.5,0.5,0.5,0.5,0.5,0.5,0.5,0.18181818181818182,0.2727272727272727,0.18181818181818182,0.0,0.0
b9fcf11abd304bad6445cf85b645c775bbf74192d29e6ff29a3ee3f1e0eb2d1e,-282689981#0,-352797377,0.8181818181818182,0.8181818181818182,0.8181818181818182,0.7272727272727273,0.5,0.5,0.5,0.5,0.5,0.5,0.5,0.5,0.45454545454545453,1.0,0.5454545454545454,0.7272727272727273,0.45454545454545453
83ee6b1dd12d6101f61ba82bd020823a4b5a958a59c3042c6c3afc0e3d7da0d0,-282689981#0,-352797377,0.2727272727272727,0.36363636363636365,0.2727272727272727,0.6363636363636364,0.5,0.5,0.5,0.5,0.5,0.5,0.5,0.5,0.8181818181818182,0.5454545454545454,0.8636363636363636,0.5454545454545454,0.8181818181818182
c0a827d9c6dc3ce7ef4781b17e6581c110680d03a1aec4f1795cbe733ed36bbc,-282689981#0,-352797377,0.9090909090909091,0.9090909090909091,0.5,0.5,0.5,0.5,0.5,0.5,0.5,0.5,0.5,0.5,0.5454545454545454,0.45454545454545453,0.4090909090909091,0.09090909090909091,0.22727272727272727
edbe12a44497f206d9a0933c9a021ba0e5263fb7ff974ebcc0868d26a3098677,-282689981#0,-352797377,0.7272727272727273,0.6363636363636364,0.18181818181818182,0.2727272727272727,0.5,0.5,0.5,0.5,0.5,0.5,0.5,0.5,1.0,0.36363636363636365,0.8636363636363636,0.45454545454545453,0.8181818181818182
63377bdbe2eb1b42cf928dee2f3ee0d1547916de856bffa7040c2edb21371aea,-282689981#0,-352797377,0.45454545454545453,0.45454545454545453,0.6363636363636364,0.8636363636363636,0.5,0.5,0.5,0.5,0.5,0.5,0.5,0.5,0.2727272727272727,0.7272727272727273,0.2727272727272727,0.18181818181818182,0.09090909090909091
10054fb7fbb85f4cab1f7295ab1b44494650492b77cba1cea1ec9617b86576f6,-282689981#0,-352797377,0.6363636363636364,0.7272727272727273,0.7272727272727273,0.8636363636363636,0.5,0.5,0.5,0.5,0.5,0.5,0.5,0.5,0.36363636363636365,0.6363636363636364,0.4090909090909091,0.2727272727272727,0.22727272727272727
071110efa07e51df522fa8aab1a8f939681dbac68b0864f94ebfa0d8c9a889bc,-282689981#0,-352797377,1.0,1.0,0.36363636363636365,0.36363636363636365,0.5,0.5,0.5,0.5,0.5,0.5,0.5,0.5,0.6363636363636364,0.9090909090909091,0.6363636363636364,0.8181818181818182,0.5454545454545454
76fbe15f452e1e6cb9dd42cdf1449888562086aaa5fcd646fb459d35ae93357a,-282689981#0,-352797377,0.5454545454545454,0.5454545454545454,0.5,0.5,0.5,0.5,0.5,0.5,0.5,0.5,0.5,0.5,0.9090909090909091,0.8181818181818182,0.8636363636363636,0.6363636363636364,0.8181818181818182
4fd02c947a87a2c5c4688f81d3098d0c8506c24766418c52cdbc56b1ce591e64,-101607967#0,-100468681#0,0.0,0.18181818181818182,1.0,0.0,0.5,0.8181818181818182,0.18181818181818182,0.18181818181818182,0.5,0.5454545454545454,0.36363636363636365,0.5,0.09090909090909091,0.18181818181818182,0.0,0.18181818181818182,0.9545454545454546
56702cd02b189213913e19b65c69a31f66a900a4f88b6509c0b8e18ac2f975e8,-101607967#0,-100468681#0,0.9090909090909091,0.9090909090909091,0.2727272727272727,0.5454545454545454,0.5,0.09090909090909091,0.9090909090909091,0.5454545454545454,0.5,0.0,0.36363636363636365,0.5,0.8181818181818182,0.45454545454545453,0.4090909090909091,0.6363636363636364,0.36363636363636365
e575c3d5203dff4cc3504ca421f6f5b4621b826f7ecab472969add719b628b72,-101607967#0,-100468681#0,0.18181818181818182,0.0,0.7272727272727273,0.7272727272727273,0.5,1.0,0.0,0.0,0.5,0.7272727272727273,0.36363636363636365,0.5,0.0,0.7272727272727273,0.18181818181818182,0.36363636363636365,0.5
80237f69422bd3b2b41f084fcf1ad9c3fab44cd34cca644bdf224756fa49b52b,-101607967#0,-100468681#0,0.2727272727272727,0.09090909090909091,0.45454545454545453,1.0,0.5,0.9090909090909091,0.09090909090909091,0.09090909090909091,0.5,0.6363636363636364,0.36363636363636365,0.5,0.18181818181818182,1.0,0.2727272727272727,0.09090909090909091,0.09090909090909091
8d06a3b0088fc1ec0ecc22558fdea8b5584d589c3ad8c8b19d21c276cfe3232e,-101607967#0,-100468681#0,0.8181818181818182,0.8181818181818182,0.5454545454545454,0.45454545454545453,0.5,0.18181818181818182,0.8181818181818182,0.8181818181818182,0.5,0.9090909090909091,0.9090909090909091,0.5,0.9090909090909091,0.9090909090909091,0.5454545454545454,0.5454545454545454,0.2727272727272727
310976cb1011b5d14aa3b4797ccc174c8f6b112e1735f0b69ad389b5cd169d5b,-101607967#0,-100468681#0,0.45454545454545453,0.36363636363636365,0.18181818181818182,0.7272727272727273,0.5,0.6363636363636364,0.36363636363636365,0.45454545454545453,0.5,0.36363636363636365,0.36363636363636365,0.5,0.45454545454545453,0.09090909090909091,0.8181818181818182,0.45454545454545453,0.6363636363636364
f0a597ad8444c6a3b588a0b18d548d3dc9cebadd7baf819d18e2bdcabe0dbd6d,-101607967#0,-100468681#0,1.0,1.0,0.09090909090909091,0.18181818181818182,0.5,0.0,1.0,0.36363636363636365,0.5,0.8181818181818182,0.8181818181818182,0.5,1.0,0.8181818181818182,1.0,1.0,0.9545454545454546
c23940bceb3342e6519476e1514b393e200ba79c5160fe3d667157802c4ef008,-101607967#0,-100468681#0,0.09090909090909091,0.2727272727272727,0.9090909090909091,0.09090909090909091,0.5,0.7272727272727273,0.2727272727272727,0.2727272727272727,0.5,0.45454545454545453,0.36363636363636365,0.5,0.2727272727272727,0.36363636363636365,0.09090909090909091,0.0,0.5
4e63c1c8c9b33371c73d62de7ed6177febae8b0a4b095bdae9e50f7d244d8ce5,-101607967#0,-100468681#0,0.36363636363636365,0.5454545454545454,0.7272727272727273,0.7272727272727273,0.5,0.45454545454545453,0.5454545454545454,0.7272727272727273,0.5,0.18181818181818182,0.36363636363636365,0.5,0.5454545454545454,0.0,0.6363636363636364,0.7272727272727273,0.0
2bb0c6c5fd629eb975129a61c0933e5c60c25d23fd4ac9904fd1c0b4421b5248,-101607967#0,-100468681#0,0.5454545454545454,0.45454545454545453,0.0,0.2727272727272727,0.5,0.5454545454545454,0.45454545454545453,0.6363636363636364,0.5,0.2727272727272727,0.36363636363636365,0.5,0.36363636363636365,0.2727272727272727,0.7272727272727273,0.2727272727272727,0.18181818181818182
d0941c0f4bebdd3d5cb4d0fc671df8e5bda6b0ee6d31224f01b949eb944cfa56,-101607967#0,-100468681#0,0.6363636363636364,0.6363636363636364,0.36363636363636365,0.9090909090909091,0.5,0.36363636363636365,0.6363636363636364,0.9090909090909091,0.5,0.09090909090909091,0.36363636363636365,0.5,0.6363636363636364,0.5454545454545454,0.9090909090909091,0.8181818181818182,0.7727272727272727
1d5ee28f50d9e45d7fd268cbbdf8bd042e7f18adc64ff07586fd72adb0d810e4,-101607967#0,-100468681#0,0.7272727272727273,0.7272727272727273,0.7272727272727273,0.36363636363636365,0.5,0.2727272727272727,0.7272727272727273,1.0,0.5,1.0,1.0,0.5,0.7272727272727273,0.6363636363636364,0.4090909090909091,0.9090909090909091,0.7727272727272727
2993e6be42e155a8f5f448ac108c2cfadf63e57f6a4757715e5a135bb09b73d8,-101594809#0,-101787493,0.8181818181818182,0.6363636363636364,0.45454545454545453,0.45454545454545453,0.45454545454545453,0.18181818181818182,0.7272727272727273,0.2727272727272727,0.36363636363636365,0.18181818181818182,0.09090909090909091,0.2727272727272727,0.8181818181818182,0.2727272727272727,0.9090909090909091,0.45454545454545453,0.45454545454545453
012ec69f4b17690347caae4c7fcea83d90e90b49bf027ea82def575fda5c6d7a,-101594809#0,-101787493,0.36363636363636365,0.36363636363636365,0.9090909090909091,0.9090909090909091,0.8181818181818182,0.09090909090909091,0.5454545454545454,0.09090909090909091,0.6363636363636364,0.9090909090909091,1.0,0.5454545454545454,0.36363636363636365,0.45454545454545453,0.09090909090909091,0.5454545454545454,0.9545454545454546
15000dfc9727b7063df003c6f831e55c9b4590d45a81818b54a10af013194a8c,-101594809#0,-101787493,0.18181818181818182,0.18181818181818182,0.36363636363636365,0.36363636363636365,0.6363636363636364,0.6363636363636364,0.36363636363636365,0.9090909090909091,0.8181818181818182,0.45454545454545453,0.36363636363636365,0.7272727272727273,0.18181818181818182,0.7272727272727273,0.45454545454545453,0.18181818181818182,0.09090909090909091
eb9217d32db74250ae8d97b04fac027479d444ac19bf4a11de1a3a18e30651ea,-101594809#0,-101787493,0.09090909090909091,0.2727272727272727,0.8181818181818182,0.8181818181818182,0.9090909090909091,0.5454545454545454,0.0,0.5454545454545454,0.7272727272727273,0.36363636363636365,0.2727272727272727,0.6363636363636364,0.2727272727272727,0.8181818181818182,0.18181818181818182,0.9090909090909091,0.7727272727272727
c3aa2f569c1145a0439c88f98f749160fb978440f7a8a539b032341eb79b1967,-101594809#0,-101787493,0.6363636363636364,0.8181818181818182,0.7272727272727273,0.7272727272727273,0.36363636363636365,1.0,0.18181818181818182,1.0,0.18181818181818182,0.09090909090909091,0.0,0.18181818181818182,0.7272727272727273,0.6363636363636364,0.8181818181818182,1.0,0.6363636363636364
a4a8a24980cf854baca2bd10dc5fcb6c25326b0be96baf8a74d8b95df35002c5,-101594809#0,-101787493,0.45454545454545453,0.9090909090909091,1.0,1.0,0.5454545454545454,0.7272727272727273,0.45454545454545453,0.8181818181818182,0.09090909090909091,1.0,0.9090909090909091,0.09090909090909091,0.9090909090909091,0.0,0.36363636363636365,0.7272727272727273,0.36363636363636365
82c738a9fe14959eccf4f5edb3e25d5fcb1b917badddfd72d257ab6733b355bb,-101594809#0,-101787493,0.7272727272727273,0.5454545454545454,0.18181818181818182,0.18181818181818182,0.2727272727272727,0.2727272727272727,0.9090909090909091,0.18181818181818182,0.45454545454545453,0.8181818181818182,0.18181818181818182,0.36363636363636365,0.5454545454545454,1.0,1.0,0.8181818181818182,0.9545454545454546
0ebbf433ec38930c6ac7ea207237d03e2f58fb8d4f4f83ab4c3da48143e02875,-101594809#0,-101787493,1.0,1.0,0.5454545454545454,0.5454545454545454,0.7272727272727273,0.36363636363636365,0.2727272727272727,0.7272727272727273,0.0,0.6363636363636364,0.5454545454545454,0.0,1.0,0.5454545454545454,0.2727272727272727,0.2727272727272727,0.0
deda60989cea644aa6c454695e594c75f0185d4f6e88a06751f15214355384b1,-101594809#0,-101787493,0.2727272727272727,0.09090909090909091,0.09090909090909091,0.09090909090909091,0.18181818181818182,0.8181818181818182,0.6363636363636364,0.6363636363636364,0.9090909090909091,0.5454545454545454,0.8181818181818182,0.8181818181818182,0.09090909090909091,0.36363636363636365,0.5454545454545454,0.0,0.18181818181818182
16db3da7aff63c6d08cde626991f5a9daaff7d790e500e4cda78c0beffcb7729,-101594809#0,-101787493,0.9090909090909091,0.7272727272727273,0.2727272727272727,0.2727272727272727,0.0,0.9090909090909091,1.0,0.45454545454545453,0.2727272727272727,0.7272727272727273,0.6363636363636364,1.0,0.6363636363636364,0.18181818181818182,0.7272727272727273,0.36363636363636365,0.7727272727272727
f7e137480a8d9114cb6283c3a16f00683df5e0526578883659a3ae59121c0366,-101594809#0,-101787493,0.5454545454545454,0.45454545454545453,0.0,0.0,0.09090909090909091,0.45454545454545453,0.8181818181818182,0.36363636363636365,0.5454545454545454,0.2727272727272727,0.7272727272727273,0.45454545454545453,0.45454545454545453,0.09090909090909091,0.6363636363636364,0.09090909090909091,0.2727272727272727
8e7ea797aff3d2c06e300d2c8ecae2a845a908074f6a8ace19ff38a1bfe2fffa,-101594809#0,-101787493,0.0,0.0,0.6363636363636364,0.6363636363636364,1.0,0.0,0.09090909090909091,0.0,1.0,0.0,0.45454545454545453,0.9090909090909091,0.0,0.9090909090909091,0.0,0.6363636363636364,0.5454545454545454
849dec115ada142c4fd0bea18f71955147f7850f80e12da830499ad9c8a113fc,-659278038#3,-101752975#1,0.5454545454545454,0.09090909090909091,0.0,0.6363636363636364,0.5454545454545454,0.18181818181818182,1.0,0.0,0.5,0.7272727272727273,0.8181818181818182,0.9090909090909091,0.09090909090909091,0.7272727272727273,0.9090909090909091,0.8181818181818182,0.9545454545454546
acdd946d7894ea1fe0df8b26ee0c112e054a4fd2a5098771f0263740141fdc3c,-659278038#3,-101752975#1,0.8181818181818182,0.8181818181818182,0.09090909090909091,0.8181818181818182,0.8181818181818182,0.0,0.9090909090909091,0.36363636363636365,0.5,0.5454545454545454,0.0,0.18181818181818182,0.6363636363636364,1.0,0.45454545454545453,1.0,0.9545454545454546
c019d4866a9cbed92daee8e182c369382b342357859d68b95a3e8b4acb7df434,-659278038#3,-101752975#1,0.6363636363636364,0.45454545454545453,0.7272727272727273,0.2727272727272727,0.2727272727272727,0.8181818181818182,0.36363636363636365,0.5454545454545454,0.5,0.2727272727272727,0.36363636363636365,0.5454545454545454,0.7272727272727273,0.36363636363636365,0.36363636363636365,0.09090909090909091,0.2727272727272727
60282ab207dec68f8d907e9e54af23e966d27af70c5fd62cb0437245230922bf,-659278038#3,-101752975#1,0.45454545454545453,0.6363636363636364,1.0,0.0,0.09090909090909091,0.7272727272727273,0.45454545454545453,0.45454545454545453,0.5,0.18181818181818182,0.18181818181818182,0.36363636363636365,0.45454545454545453,0.2727272727272727,0.5454545454545454,0.18181818181818182,0.0
ec88fd40061f679925f4ce1381b32ff0e676d57966ecc09a82a6cb1d4aa9bb63,-659278038#3,-101752975#1,0.0,0.0,0.36363636363636365,0.45454545454545453,1.0,0.45454545454545453,0.0,0.9090909090909091,0.5,0.09090909090909091,0.9090909090909091,1.0,0.0,0.9090909090909091,0.0,0.5454545454545454,0.7272727272727273
759453de3a7089c29e0118b8aeb6d954a47facb78bfc3671d5e44dffc205e55b,-659278038#3,-101752975#1,0.18181818181818182,0.2727272727272727,0.8181818181818182,0.18181818181818182,0.45454545454545453,0.9090909090909091,0.2727272727272727,0.7272727272727273,0.5,0.36363636363636365,0.6363636363636364,0.7272727272727273,0.18181818181818182,0.45454545454545453,0.2727272727272727,0.0,0.18181818181818182
35b5f25842b1db18c17ca61925af484895e65a281b0f883bd640123e913e062f,-659278038#3,-101752975#1,0.2727272727272727,0.36363636363636365,0.9090909090909091,0.09090909090909091,0.36363636363636365,1.0,0.18181818181818182,0.6363636363636364,0.5,0.6363636363636364,0.45454545454545453,0.6363636363636364,0.2727272727272727,0.5454545454545454,0.6363636363636364,0.2727272727272727,0.09090909090909091
f88be5a8432dbb9698daddd146a4835529986c3fdc457b61e6808493ba5c660d,-659278038#3,-101752975#1,0.36363636363636365,0.5454545454545454,0.5454545454545454,0.36363636363636365,0.18181818181818182,0.6363636363636364,0.6363636363636364,0.18181818181818182,0.5,0.9090909090909091,0.2727272727272727,0.45454545454545453,0.5454545454545454,0.09090909090909091,0.7272727272727273,0.36363636363636365,0.45454545454545453
70e46e11442271c4077f1fafd1d5fa8b445567c791954b506bee501381fe11a1,-659278038#3,-101752975#1,1.0,1.0,0.18181818181818182,1.0,0.6363636363636364,0.09090909090909091,0.7272727272727273,0.2727272727272727,0.5,1.0,0.5454545454545454,0.0,1.0,0.18181818181818182,1.0,0.9090909090909091,0.8181818181818182
8013378f51907ae3ac50a3bfdf778d104740e301632583d504021584341568f1,-659278038#3,-101752975#1,0.09090909090909091,0.18181818181818182,0.2727272727272727,0.7272727272727273,0.9090909090909091,0.36363636363636365,0.09090909090909091,0.8181818181818182,0.5,0.0,0.7272727272727273,0.8181818181818182,0.36363636363636365,0.8181818181818182,0.09090909090909091,0.6363636363636364,0.36363636363636365
d9efc06bda6423a05028c3de4ffe32157f9cde8a764fc29bc0a9d9a18193c92f,-659278038#3,-101752975#1,0.9090909090909091,0.9090909090909091,0.6363636363636364,0.9090909090909091,0.7272727272727273,0.2727272727272727,0.5454545454545454,1.0,0.5,0.45454545454545453,1.0,0.09090909090909091,0.8181818181818182,0.6363636363636364,0.18181818181818182,0.7272727272727273,0.6363636363636364
99dd2a6d7816cf972338f13a1a838b9ff004502675ce34963852736f529ffc0b,-659278038#3,-101752975#1,0.7272727272727273,0.7272727272727273,0.45454545454545453,0.5454545454545454,0.0,0.5454545454545454,0.8181818181818182,0.09090909090909091,0.5,0.8181818181818182,0.09090909090909091,0.2727272727272727,0.9090909090909091,0.0,0.8181818181818182,0.45454545454545453,0.5454545454545454
6bb8aa383496f9e3c399edee562f6e773d06adeccaf6e36b1271c61e781af818,-101609498#5,282689983#1,0.8181818181818182,0.8181818181818182,0.8181818181818182,0.5454545454545454,0.36363636363636365,0.5454545454545454,0.7272727272727273,0.45454545454545453,0.36363636363636365,0.8181818181818182,0.8181818181818182,0.2727272727272727,0.8181818181818182,0.45454545454545453,0.9090909090909091,0.9090909090909091,0.6363636363636364
3cc2b126fb2bba582cdf47b45294b447d2ff0df766cd18a34cb41fb10ad535ff,-101609498#5,282689983#1,0.6363636363636364,0.6363636363636364,0.6818181818181818,0.7727272727272727,0.45454545454545453,0.8181818181818182,0.36363636363636365,0.7272727272727273,0.36363636363636365,1.0,1.0,0.7272727272727273,0.7272727272727273,0.18181818181818182,0.8181818181818182,0.45454545454545453,0.36363636363636365
737aa7347905b8457cf0df9736532d116777f8d3c750ea4dd1b1d3751b2dcf25,-101609498#5,282689983#1,0.5454545454545454,0.45454545454545453,1.0,0.9090909090909091,0.5454545454545454,0.9090909090909091,0.09090909090909091,0.9090909090909091,0.36363636363636365,0.6363636363636364,0.2727272727272727,0.2727272727272727,0.45454545454545453,0.36363636363636365,0.45454545454545453,0.0,0.0
f876e463b0a242015636a4e5cb7bc48904b9cfde33f045165aea4974fcfbb681,-101609498#5,282689983#1,0.09090909090909091,0.09090909090909091,0.18181818181818182,0.18181818181818182,0.0,0.18181818181818182,1.0,0.0,0.9090909090909091,0.45454545454545453,0.6363636363636364,0.2727272727272727,0.09090909090909091,1.0,0.09090909090909091,0.8181818181818182,0.9545454545454546
6a1ce814e71c5130504c17a4f3500c2f97494d520bc7b3ae271965ecdabe6d45,-101609498#5,282689983#1,0.18181818181818182,0.18181818181818182,0.6818181818181818,0.7727272727272727,0.9090909090909091,0.18181818181818182,0.5454545454545454,0.36363636363636365,0.36363636363636365,0.36363636363636365,0.5454545454545454,1.0,0.18181818181818182,0.7272727272727273,0.18181818181818182,0.18181818181818182,0.18181818181818182
4dffe22125a04f2812fdb4614b0ca8743dce37bcf1cdc157de9f25c19f6d1d79,-101609498#5,282689983#1,0.45454545454545453,0.5454545454545454,0.45454545454545453,0.6363636363636364,0.8181818181818182,0.18181818181818182,0.6363636363636364,0.2727272727272727,0.36363636363636365,0.0,0.18181818181818182,0.8181818181818182,0.5454545454545454,0.5454545454545454,0.2727272727272727,0.36363636363636365,0.45454545454545453
333f347b3170ea83a05791704bc94369bddc6d6861662b613956c77dcbddb7a2,-101609498#5,282689983#1,0.7272727272727273,0.7272727272727273,0.2727272727272727,0.2727272727272727,0.6363636363636364,0.7272727272727273,0.18181818181818182,0.8181818181818182,0.36363636363636365,0.9090909090909091,0.9090909090909091,0.6363636363636364,0.6363636363636364,0.2727272727272727,0.5454545454545454,0.2727272727272727,0.09090909090909091
5183f972714db32fa72d72f95478e70c5bc26ac331ef17dfba223cd6d8bdf5a2,-101609498#5,282689983#1,0.0,0.0,0.09090909090909091,0.09090909090909091,0.09090909090909091,0.18181818181818182,0.9090909090909091,0.09090909090909091,1.0,0.5454545454545454,0.7272727272727273,0.2727272727272727,0.0,0.9090909090909091,0.0,0.6363636363636364,0.8181818181818182
cc92789d3674280909b0715c20e459ff96b055bd9f22eeed90bcee0420f43437,-101609498#5,282689983#1,0.9090909090909091,0.9090909090909091,0.0,0.0,0.2727272727272727,0.45454545454545453,0.8181818181818182,0.18181818181818182,0.36363636363636365,0.18181818181818182,0.09090909090909091,0.2727272727272727,0.9090909090909091,0.09090909090909091,0.6363636363636364,1.0,0.5454545454545454
ad9de7e534866bffc7ee43a20a826616073076bca2dab42ae7eb580fdacb162c,-101609498#5,282689983#1,0.36363636363636365,0.2727272727272727,0.9090909090909091,1.0,0.7272727272727273,1.0,0.0,1.0,0.36363636363636365,0.7272727272727273,0.45454545454545453,0.2727272727272727,0.36363636363636365,0.6363636363636364,0.7272727272727273,0.09090909090909091,0.2727272727272727
70e3059431262caace989305d7b729851c636b064d31f92e85cdada1b4ff7d55,-101609498#5,282689983#1,1.0,1.0,0.36363636363636365,0.36363636363636365,0.18181818181818182,0.6363636363636364,0.45454545454545453,0.6363636363636364,0.36363636363636365,0.09090909090909091,0.0,0.2727272727272727,1.0,0.0,1.0,0.7272727272727273,0.9545454545454546
285175983e43203434ab5fabc22921449f1a69544143bbb9fafc0a771f73ca1f,-101609498#5,282689983#1,0.2727272727272727,0.36363636363636365,0.5454545454545454,0.45454545454545453,1.0,0.18181818181818182,0.2727272727272727,0.5454545454545454,0.8181818181818182,0.2727272727272727,0.36363636363636365,0.9090909090909091,0.2727272727272727,0.8181818181818182,0.36363636363636365,0.5454545454545454,0.7272727272727273
f128c2557dadf469a1d8c1fae908ec716cb8e692ea88253be6c649ab5a1437da,-120511302,-372606529#4,0.09090909090909091,0.09090909090909091,0.36363636363636365,0.18181818181818182,0.2727272727272727,0.4090909090909091,0.7272727272727273,0.2727272727272727,0.8181818181818182,0.45454545454545453,0.45454545454545453,0.7272727272727273,0.09090909090909091,0.45454545454545453,0.5454545454545454,0.6363636363636364,0.7272727272727273
dde8e846a38637ebfae4b561c4c419c8d9b25ec274d2b20c3951814fa1d42de7,-120511302,-372606529#4,0.0,0.0,0.45454545454545453,0.09090909090909091,1.0,0.4090909090909091,0.09090909090909091,0.5454545454545454,0.9090909090909091,0.5454545454545454,0.5454545454545454,0.8181818181818182,0.0,0.9090909090909091,0.0,0.36363636363636365,0.4090909090909091
77020fa18d58714d32fc5e54fcc11bc305c7ce009be0937822b7a7810c0bc127,-120511302,-372606529#4,0.36363636363636365,0.2727272727272727,0.0,0.5454545454545454,0.18181818181818182,0.4090909090909091,0.6363636363636364,0.36363636363636365,0.6363636363636364,0.2727272727272727,0.2727272727272727,0.5454545454545454,0.2727272727272727,0.6363636363636364,0.6363636363636364,0.5454545454545454,0.18181818181818182
47b5e5ed862a3e48d56347a405c55d63678eed25e3acc56da747acb1c42c9585,-120511302,-372606529#4,0.18181818181818182,0.36363636363636365,0.9090909090909091,0.8181818181818182,0.8181818181818182,0.4090909090909091,0.2727272727272727,0.7272727272727273,0.5454545454545454,0.8181818181818182,1.0,0.45454545454545453,0.36363636363636365,0.5454545454545454,0.18181818181818182,0.45454545454545453,0.5909090909090909
8dc1a6c0a1624390809a6f5fd798de91e5026ca3aa9f87e5931669a12f0cf743,-120511302,-372606529#4,0.8181818181818182,0.7272727272727273,0.22727272727272727,0.3181818181818182,0.45454545454545453,0.4090909090909091,0.5454545454545454,0.45454545454545453,0.18181818181818182,0.18181818181818182,0.18181818181818182,0.0,0.7272727272727273,0.18181818181818182,0.7272727272727273,0.7272727272727273,0.2727272727272727
b08d9a0eed5188a192873069e6fa7da783a33d08d79f5015e2ad62ce60ae5ea3,-120511302,-372606529#4,0.5454545454545454,0.5454545454545454,0.5454545454545454,0.0,0.6363636363636364,1.0,0.45454545454545453,0.9090909090909091,0.36363636363636365,1.0,0.8181818181818182,1.0,0.5454545454545454,0.2727272727272727,0.36363636363636365,0.2727272727272727,0.045454545454545456
4de346b625fa6df0a245a464509a6fdf15e2fc0c6245eb92d1456e34e55b70a8,-120511302,-372606529#4,0.7272727272727273,0.8181818181818182,0.8181818181818182,0.6363636363636364,0.09090909090909091,0.4090909090909091,1.0,0.0,0.045454545454545456,0.09090909090909091,0.09090909090909091,0.2727272727272727,0.8181818181818182,0.0,0.9090909090909091,0.9090909090909091,0.9545454545454546
c4a4102e0a78c8229d675229f826f1fc35d0f0d786987e28bf791ca96ff0fe80,-120511302,-372606529#4,0.2727272727272727,0.18181818181818182,0.09090909090909091,0.45454545454545453,0.9090909090909091,0.4090909090909091,0.0,0.6363636363636364,0.7272727272727273,0.36363636363636365,0.36363636363636365,0.6363636363636364,0.18181818181818182,1.0,0.09090909090909091,0.09090909090909091,0.4090909090909091
ddfeafca34e78691de7d8b6bdfbe2b59c9a2fd5c4ee48d7a1b2ef13ec9dc8f11,-120511302,-372606529#4,1.0,1.0,1.0,0.9090909090909091,0.36363636363636365,0.4090909090909091,0.8181818181818182,0.18181818181818182,1.0,0.6363636363636364,0.6363636363636364,0.09090909090909091,1.0,0.8181818181818182,0.8181818181818182,1.0,0.9545454545454546
e156d71b4b3ff23dc0e469dbd45d35020338b808e5def4d68f1eb0c518ddd815,-120511302,-372606529#4,0.9090909090909091,0.9090909090909091,0.6363636363636364,0.7272727272727273,0.0,0.4090909090909091,0.9090909090909091,0.09090909090909091,0.045454545454545456,0.0,0.0,0.18181818181818182,0.9090909090909091,0.09090909090909091,1.0,0.8181818181818182,0.8181818181818182
f7c271aa8f2285666524a6685bbd8f1fd2d8e96eac8e73e8e960856aa5edf330,-120511302,-372606529#4,0.45454545454545453,0.45454545454545453,0.7272727272727273,1.0,0.7272727272727273,0.4090909090909091,0.18181818181818182,0.8181818181818182,0.45454545454545453,0.7272727272727273,0.9090909090909091,0.36363636363636365,0.45454545454545453,0.7272727272727273,0.2727272727272727,0.18181818181818182,0.5909090909090909
40b3908ca7f9cb3c14b099991e45c8e4d46886b732eb36e8b4033b4d05649085,-120511302,-372606529#4,0.6363636363636364,0.6363636363636364,0.22727272727272727,0.3181818181818182,0.5454545454545454,0.9090909090909091,0.36363636363636365,1.0,0.2727272727272727,0.9090909090909091,0.7272727272727273,0.9090909090909091,0.6363636363636364,0.36363636363636365,0.45454545454545453,0.0,0.045454545454545456
15ecb11174863fd8069e4a50cf3ee2b6bc06de8a6d746b8cfc6496690b56e9df,101416508#0,101418583,0.9090909090909091,1.0,0.36363636363636365,0.18181818181818182,0.45454545454545453,0.5,1.0,0.0,0.45454545454545453,0.0,0.0,0.0,1.0,0.2727272727272727,0.9090909090909091,0.7272727272727273,0.36363636363636365
31dfb35857bf36ea57680de8052813bb53786db1854ab4426698ca00d6870c01,101416508#0,101418583,0.18181818181818182,0.0,0.5909090909090909,0.6818181818181818,0.45454545454545453,0.5,0.09090909090909091,0.9090909090909091,0.45454545454545453,0.9090909090909091,0.9090909090909091,1.0,0.0,0.8181818181818182,0.09090909090909091,0.18181818181818182,0.5
5f2c9684639e06e0548e45d9944602e4e7537f87ddcee5aadd5c9ce7bbb0de5f,101416508#0,101418583,0.36363636363636365,0.2727272727272727,0.5909090909090909,0.6818181818181818,0.45454545454545453,0.5,0.36363636363636365,0.6363636363636364,0.45454545454545453,0.6363636363636364,0.6363636363636364,0.7272727272727273,0.2727272727272727,0.45454545454545453,0.2727272727272727,0.0,0.045454545454545456
30362434bd70a8697ebc61d65dde5c58ad43f0210c8ea1acdc74555e56b4b55a,101416508#0,101418583,0.0,0.18181818181818182,0.9090909090909091,1.0,0.45454545454545453,0.5,0.2727272727272727,0.7272727272727273,0.45454545454545453,0.7272727272727273,0.7272727272727273,0.8181818181818182,0.18181818181818182,0.5454545454545454,0.0,0.2727272727272727,0.5
1ccb25c20c2bf90cf4b9bb458812cc9604cd038f93d328565c0af2ce57d21ccc,101416508#0,101418583,0.09090909090909091,0.09090909090909091,0.2727272727272727,0.5454545454545454,0.45454545454545453,0.5,0.18181818181818182,0.8181818181818182,0.45454545454545453,0.8181818181818182,0.8181818181818182,0.9090909090909091,0.09090909090909091,0.7272727272727273,0.5,0.36363636363636365,0.045454545454545456
aa09b09c270f9d5dda7ca99d8de34440793fd3ec376e7b194723c3911e7c75a7,101416508#0,101418583,0.6363636363636364,0.6363636363636364,0.0,0.0,1.0,0.5,0.0,1.0,1.0,1.0,1.0,0.36363636363636365,0.6363636363636364,1.0,1.0,1.0,0.9545454545454546
8a19812ee0e9603d6ab7e6f027159c7b3dee340b04ed6c0845caf40cdc8380ea,101416508#0,101418583,0.7272727272727273,0.7272727272727273,0.45454545454545453,0.36363636363636365,0.45454545454545453,0.5,0.7272727272727273,0.2727272727272727,0.45454545454545453,0.2727272727272727,0.2727272727272727,0.2727272727272727,0.7272727272727273,0.0,0.5,0.8181818181818182,0.7727272727272727
17ba19c0f194f9a76360b0e23b3798f92c786141ac1aed03e93b6c44c1f32972,101416508#0,101418583,0.2727272727272727,0.36363636363636365,0.8181818181818182,0.9090909090909091,0.45454545454545453,0.5,0.45454545454545453,0.5454545454545454,0.45454545454545453,0.5454545454545454,0.5454545454545454,0.6363636363636364,0.36363636363636365,0.9090909090909091,0.18181818181818182,0.5454545454545454,0.18181818181818182
ef665b6e783ab87d77570956730709186a4adcd7f0e0a8885ca84392de560eaf,101416508#0,101418583,0.8181818181818182,0.8181818181818182,0.7272727272727273,0.2727272727272727,0.45454545454545453,0.5,0.8181818181818182,0.18181818181818182,0.45454545454545453,0.18181818181818182,0.18181818181818182,0.18181818181818182,0.8181818181818182,0.36363636363636365,0.8181818181818182,0.45454545454545453,0.2727272727272727
19e34fb492684061f15a9a065856e133cd7918b9758cd301a13f5d921072ff51,101416508#0,101418583,0.45454545454545453,0.45454545454545453,1.0,0.8181818181818182,0.45454545454545453,0.5,0.5454545454545454,0.45454545454545453,0.45454545454545453,0.45454545454545453,0.45454545454545453,0.5454545454545454,0.45454545454545453,0.6363636363636364,0.36363636363636365,0.6363636363636364,0.7727272727272727
98a813c360936c864b9d9f858a751043c59e8b4cc29422da713c6a3912a5b552,101416508#0,101418583,1.0,0.9090909090909091,0.18181818181818182,0.09090909090909091,0.45454545454545453,0.5,0.9090909090909091,0.09090909090909091,0.45454545454545453,0.09090909090909091,0.09090909090909091,0.09090909090909091,0.9090909090909091,0.09090909090909091,0.7272727272727273,0.9090909090909091,0.9545454545454546
6e4b728867bfd56d448564b6264a966b5a2cbbd2912e4b22bc35e6d217620377,101416508#0,101418583,0.5454545454545454,0.5454545454545454,0.09090909090909091,0.45454545454545453,0.45454545454545453,0.5,0.6363636363636364,0.36363636363636365,0.45454545454545453,0.36363636363636365,0.36363636363636365,0.45454545454545453,0.5454545454545454,0.18181818181818182,0.6363636363636364,0.09090909090909091,0.6363636363636364
aa9befce6c2eb47830351cf861f3ae26fc0a1bec185c445cd79aa116f00ec05f,-47374680#7,526438862#2,0.0,0.0,0.18181818181818182,1.0,0.0,0.5,0.2727272727272727,0.7272727272727273,0.36363636363636365,1.0,1.0,1.0,0.0,1.0,0.0,1.0,0.9545454545454546
cc2b388947a8afe2dd6e3576ec46e0f96c4b97c20095704f5ac2246f810dbac0,-47374680#7,526438862#2,0.8181818181818182,0.7272727272727273,0.2727272727272727,0.36363636363636365,0.18181818181818182,0.5,0.9090909090909091,0.6363636363636364,0.36363636363636365,0.45454545454545453,0.45454545454545453,0.6363636363636364,0.7272727272727273,0.0,0.7727272727272727,0.5454545454545454,0.6818181818181818
a899640180306982bca4dff31cc1c87158cd57b27417c0e5d1be218c24bdf103,-47374680#7,526438862#2,0.9090909090909091,0.9090909090909091,0.45454545454545453,0.5454545454545454,0.09090909090909091,0.5,1.0,0.5454545454545454,0.36363636363636365,0.36363636363636365,0.36363636363636365,0.5454545454545454,0.9090909090909091,0.09090909090909091,1.0,0.6363636363636364,0.9545454545454546
fcff2965af9fdd6f1e8bd8989df5e47c5102adc0b13e1e36c646482c0dde5603,-47374680#7,526438862#2,0.36363636363636365,0.09090909090909091,0.0,0.18181818181818182,0.5454545454545454,0.5,0.0,1.0,0.36363636363636365,0.6363636363636364,0.8181818181818182,0.22727272727272727,0.09090909090909091,0.8181818181818182,0.6363636363636364,0.2727272727272727,0.36363636363636365
ee12b171974ef9947bdd9708c8a420a6708ae8530db790c4cbf4fa4cf28972cc,-47374680#7,526438862#2,0.7272727272727273,0.8181818181818182,0.8181818181818182,0.6363636363636364,0.45454545454545453,0.5,0.8181818181818182,0.0,0.36363636363636365,0.0,0.13636363636363635,0.22727272727272727,0.8181818181818182,0.18181818181818182,0.5,0.45454545454545453,0.13636363636363635
2fa89ffdc44614ffd66753775089ae07c49086d4c80c997b92f357e1add0cbec,-47374680#7,526438862#2,0.45454545454545453,0.18181818181818182,0.09090909090909091,0.09090909090909091,0.36363636363636365,0.5,0.09090909090909091,0.9090909090909091,0.36363636363636365,0.5454545454545454,0.7272727272727273,0.22727272727272727,0.18181818181818182,0.6363636363636364,0.36363636363636365,0.09090909090909091,0.0
929c1f50331fdd7d3b2b218d30137b938087ae12b4dc9e0fdcca024fdb7744e2,-47374680#7,526438862#2,1.0,1.0,0.36363636363636365,0.8181818181818182,0.2727272727272727,0.5,0.7272727272727273,0.8181818181818182,0.8181818181818182,0.7272727272727273,0.9090909090909091,0.7272727272727273,1.0,0.45454545454545453,0.2727272727272727,0.9090909090909091,0.5
16bb9ee8a1a50c681cc8df5cd43b3db2026bfcd3da42c335676a3ae12d590bfd,-47374680#7,526438862#2,0.5454545454545454,0.5454545454545454,0.7272727272727273,0.45454545454545453,0.8181818181818182,0.5,0.45454545454545453,0.2727272727272727,0.36363636363636365,0.18181818181818182,0.13636363636363635,0.22727272727272727,0.5454545454545454,0.5454545454545454,0.9090909090909091,0.18181818181818182,0.8181818181818182
ce04692b00a51f4b2f9775771d70669b52ec418e4d77fb506982c135b1a01bec,-47374680#7,526438862#2,0.09090909090909091,0.36363636363636365,1.0,0.9090909090909091,0.7272727272727273,0.5,0.5454545454545454,0.18181818181818182,0.9090909090909091,0.8181818181818182,0.5454545454545454,0.8181818181818182,0.36363636363636365,0.9090909090909091,0.18181818181818182,0.8181818181818182,0.5
6e7b38ee6d61a7bb37f21610fbcdaa8aa63d61d83c35e6472c57bc0e8a9e4371,-47374680#7,526438862#2,0.18181818181818182,0.2727272727272727,0.9090909090909091,0.7272727272727273,0.9090909090909091,0.5,0.36363636363636365,0.36363636363636365,1.0,0.9090909090909091,0.6363636363636364,0.9090909090909091,0.2727272727272727,0.2727272727272727,0.09090909090909091,0.7272727272727273,0.2727272727272727
b31039200c564ad635454253a1a29259b1b8ee025db3469f18b215674e6137e9,-47374680#7,526438862#2,0.6363636363636364,0.6363636363636364,0.6363636363636364,0.2727272727272727,0.6363636363636364,0.5,0.6363636363636364,0.09090909090909091,0.36363636363636365,0.09090909090909091,0.13636363636363635,0.22727272727272727,0.6363636363636364,0.36363636363636365,0.5,0.0,0.13636363636363635
ef65f9dda75d9a018b5041ccbf5c053559b38377b3ab0d711df9a58852731305,-47374680#7,526438862#2,0.2727272727272727,0.45454545454545453,0.5454545454545454,0.0,1.0,0.5,0.18181818181818182,0.45454545454545453,0.36363636363636365,0.2727272727272727,0.13636363636363635,0.22727272727272727,0.45454545454545453,0.7272727272727273,0.7727272727272727,0.36363636363636365,0.6818181818181818
c001dd103c6309fc4df94374859c33b0b19f860c9baced3d9fe869051a69ce6d,336863934,100475365#1,0.18181818181818182,0.09090909090909091,0.6363636363636364,0.7272727272727273,0.5,0.7272727272727273,0.2727272727272727,0.7272727272727273,0.5,0.9090909090909091,0.9090909090909091,0.18181818181818182,0.2727272727272727,0.18181818181818182,0.18181818181818182,0.36363636363636365,0.13636363636363635
bead55ef3f5138e99a73c97ae73e1f9d70384b800bca7752c77459de04fd212e,336863934,100475365#1,0.6363636363636364,0.45454545454545453,0.18181818181818182,0.18181818181818182,0.5,0.2727272727272727,0.7272727272727273,0.2727272727272727,0.5,0.6363636363636364,0.5454545454545454,0.8181818181818182,0.45454545454545453,0.09090909090909091,0.5454545454545454,0.45454545454545453,0.5
52d0300f15ffff98080ac73bd80fc42bec1fc638923a3c7093aefade0a4a4ecb,336863934,100475365#1,0.09090909090909091,0.18181818181818182,0.2727272727272727,0.2727272727272727,0.5,0.6363636363636364,0.36363636363636365,0.6363636363636364,0.5,0.8181818181818182,0.8181818181818182,0.18181818181818182,0.36363636363636365,0.7272727272727273,0.09090909090909091,0.0,0.0
a79961f772d97af4207f7526e763b6437b75f9c700524f63c18ae2d2db35a7da,336863934,100475365#1,0.0,0.0,0.45454545454545453,0.45454545454545453,0.5,0.8181818181818182,0.18181818181818182,0.8181818181818182,0.5,1.0,1.0,0.18181818181818182,0.0,0.8181818181818182,0.0,0.18181818181818182,0.13636363636363635
5af9f3f0fe552d9ab3ee256093c6a4de3c583d58430fd8ad00e631e2882b3ad6,336863934,100475365#1,0.9090909090909091,0.9090909090909091,0.8181818181818182,0.8181818181818182,0.5,0.09090909090909091,0.9090909090909091,0.09090909090909091,0.5,0.2727272727272727,0.09090909090909091,0.5454545454545454,1.0,0.0,0.9090909090909091,0.6363636363636364,0.7727272727272727
7867f9fe85c3b639078c7c6fb21b9c6373b1f78f56baa1a8036d598c4f05832a,336863934,100475365#1,0.5454545454545454,0.5454545454545454,0.0,0.0,0.5,0.18181818181818182,0.8181818181818182,0.18181818181818182,0.5,0.5454545454545454,0.45454545454545453,0.7272727272727273,0.5454545454545454,0.5454545454545454,0.36363636363636365,0.09090909090909091,0.2727272727272727
11655d4beaa69d43c83cb7b03b4f6c3430f342b0cc61aeee6968d70395dd76d1,336863934,100475365#1,0.45454545454545453,0.6363636363636364,0.5454545454545454,0.5454545454545454,0.5,0.9090909090909091,0.09090909090909091,0.9090909090909091,0.5,0.0,0.36363636363636365,0.6363636363636364,0.6363636363636364,0.9090909090909091,1.0,1.0,0.9545454545454546
8b0436809f833167a6524ffe1c27fe3a4b808defefbe4191964a6eb8490cc6bc,336863934,100475365#1,0.36363636363636365,0.2727272727272727,0.09090909090909091,0.09090909090909091,0.5,0.36363636363636365,0.6363636363636364,0.36363636363636365,0.5,0.7272727272727273,0.7272727272727273,1.0,0.09090909090909091,0.45454545454545453,0.2727272727272727,0.2727272727272727,0.5
0b42ba6676209ef1f7a9dbedb3fe6d6e1d9c68a0eda2a02084c98df5072ec35b,336863934,100475365#1,0.7272727272727273,0.7272727272727273,1.0,1.0,0.5,0.5454545454545454,0.45454545454545453,0.5454545454545454,0.5,0.45454545454545453,0.2727272727272727,0.18181818181818182,0.7272727272727273,0.36363636363636365,0.45454545454545453,0.5454545454545454,0.36363636363636365
0529502d7f43a7d253aae28730d2bbd525ae2c612c54e3b125d7fafd93a5155c,336863934,100475365#1,0.8181818181818182,0.8181818181818182,0.9090909090909091,0.9090909090909091,0.5,0.45454545454545453,0.5454545454545454,0.45454545454545453,0.5,0.36363636363636365,0.18181818181818182,0.18181818181818182,0.8181818181818182,0.6363636363636364,0.6363636363636364,0.7272727272727273,0.6363636363636364
961de235f83dcdbcd8133882c8b321e3309cb7c8a4592b9c3541d08fda4b8af3,336863934,100475365#1,0.2727272727272727,0.36363636363636365,0.36363636363636365,0.36363636363636365,0.5,1.0,0.0,1.0,0.5,0.09090909090909091,0.6363636363636364,0.9090909090909091,0.18181818181818182,1.0,0.8181818181818182,0.9090909090909091,0.7727272727272727
e86fe1be125f1aaa7d34a7581024e92923d639cd05c2142fee48af47144d2d59,336863934,100475365#1,1.0,1.0,0.7272727272727273,0.6363636363636364,0.5,0.0,1.0,0.0,0.5,0.18181818181818182,0.0,0.45454545454545453,0.9090909090909091,0.2727272727272727,0.7272727272727273,0.8181818181818182,0.9545454545454546
10e60328970346b3685334eb92b3092ce35fa9ebb19633dd6f0ffe53a516ea3a,100475365#1,336863934,0.45454545454545453,0.5454545454545454,0.8181818181818182,0.8181818181818182,0.6363636363636364,0.7272727272727273,0.36363636363636365,0.6363636363636364,1.0,1.0,1.0,1.0,0.45454545454545453,0.7272727272727273,0.18181818181818182,0.8181818181818182,0.7272727272727273
f2155837e8972d59b8b52c80b92b2e68d3fa52242a2d685133aad98507649f10,100475365#1,336863934,0.18181818181818182,0.18181818181818182,0.7272727272727273,0.7272727272727273,0.22727272727272727,0.22727272727272727,0.8636363636363636,0.13636363636363635,0.36363636363636365,0.13636363636363635,0.13636363636363635,0.22727272727272727,0.18181818181818182,0.6363636363636364,0.5454545454545454,0.0,0.0
d808ae891f01ce539022e73b7aadacf44ceb6a487a336ae3daf75d3e43313ba4,100475365#1,336863934,0.0,0.0,1.0,0.6363636363636364,1.0,1.0,0.0,1.0,0.36363636363636365,0.9090909090909091,0.8181818181818182,0.8181818181818182,0.0,1.0,0.0,0.7272727272727273,0.45454545454545453
b98595294d5d1ef7e6f856b7d1bf0568c633e05263c24732ddd18c83c62f389b,100475365#1,336863934,0.7272727272727273,0.6363636363636364,0.09090909090909091,0.09090909090909091,0.22727272727272727,0.22727272727272727,0.8636363636363636,0.13636363636363635,0.36363636363636365,0.13636363636363635,0.13636363636363635,0.22727272727272727,0.7272727272727273,0.2727272727272727,0.7727272727272727,0.45454545454545453,0.5909090909090909
605be9bf66c5808a8c998930049e61480680c8478e2ab0019fc3da97584bc367,100475365#1,336863934,1.0,1.0,0.2727272727272727,1.0,0.22727272727272727,0.22727272727272727,0.5454545454545454,0.45454545454545453,0.36363636363636365,0.36363636363636365,0.36363636363636365,0.22727272727272727,1.0,0.0,0.9545454545454546,0.5454545454545454,0.9090909090909091
9a569d96a9210eb322de08944ec165d9ebe1f8e7f808ac3b96bf39708e3c6567,100475365#1,336863934,0.36363636363636365,0.36363636363636365,0.5454545454545454,0.45454545454545453,0.9090909090909091,0.8181818181818182,0.09090909090909091,0.9090909090909091,0.36363636363636365,0.6363636363636364,0.6363636363636364,0.6363636363636364,0.36363636363636365,0.45454545454545453,0.09090909090909091,0.2727272727272727,0.09090909090909091
214dc268d6029359273389f1bdc3e2809ee65fb9129d887e3a66ae8bce74ed5c,100475365#1,336863934,0.2727272727272727,0.2727272727272727,0.36363636363636365,0.2727272727272727,0.7272727272727273,0.9090909090909091,0.18181818181818182,0.8181818181818182,0.36363636363636365,0.7272727272727273,0.7272727272727273,0.7272727272727273,0.2727272727272727,0.8181818181818182,0.2727272727272727,0.09090909090909091,0.18181818181818182
ea0a5624ce43bcdd2c17809fce8fc3555f4c1aae12dc334cbc17042740f95fe5,100475365#1,336863934,0.9090909090909091,0.9090909090909091,0.0,0.0,0.8181818181818182,0.22727272727272727,0.2727272727272727,0.7272727272727273,0.8181818181818182,0.45454545454545453,0.45454545454545453,0.5454545454545454,0.9090909090909091,0.18181818181818182,0.9545454545454546,0.6363636363636364,0.9090909090909091
b6155686c5b0bf7abdb679c3b60fbe57d6d4465682597c04bbdc92a38eacb2fe,100475365#1,336863934,0.09090909090909091,0.09090909090909091,0.45454545454545453,0.36363636363636365,0.22727272727272727,0.22727272727272727,0.8636363636363636,0.13636363636363635,0.36363636363636365,0.13636363636363635,0.13636363636363635,0.22727272727272727,0.09090909090909091,0.9090909090909091,0.45454545454545453,0.36363636363636365,0.2727272727272727
9c2a87243b5b9f03a10a161a73832f4ed75ef63b221e402c280dcd7f54c11e0e,100475365#1,336863934,0.5454545454545454,0.45454545454545453,0.6363636363636364,0.5454545454545454,0.22727272727272727,0.6363636363636364,0.6363636363636364,0.36363636363636365,0.36363636363636365,0.5454545454545454,0.5454545454545454,0.22727272727272727,0.5454545454545454,0.36363636363636365,0.6363636363636364,1.0,0.36363636363636365
49fc3771ffcadd3e47491436beeee180d1ed21cf74fd1dc74b588a14d5474675,100475365#1,336863934,0.6363636363636364,0.7272727272727273,0.9090909090909091,0.9090909090909091,0.5454545454545454,0.5454545454545454,0.45454545454545453,0.5454545454545454,0.9090909090909091,0.8181818181818182,0.9090909090909091,0.9090909090909091,0.6363636363636364,0.5454545454545454,0.36363636363636365,0.9090909090909091,0.9090909090909091
9a8b08594446855ab2a3c08558dbdaa8aa550de89928b4c9a69729851de8a058,100475365#1,336863934,0.8181818181818182,0.8181818181818182,0.18181818181818182,0.18181818181818182,0.22727272727272727,0.22727272727272727,0.8636363636363636,0.13636363636363635,0.36363636363636365,0.13636363636363635,0.13636363636363635,0.22727272727272727,0.8181818181818182,0.09090909090909091,0.7727272727272727,0.18181818181818182,0.5909090909090909
94f5f53149520a991ff65702555c88a0c918dc77638e098d4328e0dd4d4876fd,-101611601,-100468681#0,0.0,0.0,0.5454545454545454,0.9090909090909091,0.2727272727272727,1.0,0.09090909090909091,0.45454545454545453,0.3181818181818182,0.2727272727272727,0.13636363636363635,0.2727272727272727,0.09090909090909091,0.0,0.0,0.45454545454545453,0.09090909090909091
bac1b7ca05c4108432f9f214905d50a5c67f406c3ce50a166b2e9bf4ad093acf,-101611601,-100468681#0,0.09090909090909091,0.09090909090909091,0.8181818181818182,1.0,0.2727272727272727,0.9090909090909091,0.18181818181818182,0.5454545454545454,0.3181818181818182,0.18181818181818182,0.13636363636363635,0.2727272727272727,0.0,0.2727272727272727,0.09090909090909091,0.36363636363636365,0.0
adace27d9a5f549c093d3a8408c312f771cdecc00dc178bfb3cbcd4f1966584e,-101611601,-100468681#0,0.8181818181818182,0.8181818181818182,0.18181818181818182,0.18181818181818182,0.8181818181818182,0.18181818181818182,0.7272727272727273,0.8181818181818182,0.9090909090909091,0.6363636363636364,0.5454545454545454,0.8181818181818182,0.9090909090909091,0.5454545454545454,0.5454545454545454,0.0,0.7272727272727273
49cb699fcbc5d06c80e77891b6804e4eac62f8f98852569bcecb8e892b7a1692,-101611601,-100468681#0,1.0,1.0,0.045454545454545456,0.045454545454545456,0.6363636363636364,0.0,0.9090909090909091,0.6363636363636364,0.7272727272727273,0.45454545454545453,0.36363636363636365,0.6363636363636364,1.0,0.7272727272727273,0.7272727272727273,0.22727272727272727,0.9090909090909091
e4a30cce58ac21ae88c4d12c60007b0c1649627aeb992ae7ac12cdca0e6b978c,-101611601,-100468681#0,0.18181818181818182,0.18181818181818182,1.0,0.8181818181818182,0.2727272727272727,0.45454545454545453,0.5454545454545454,0.09090909090909091,0.3181818181818182,0.09090909090909091,0.13636363636363635,0.2727272727272727,0.18181818181818182,0.09090909090909091,0.36363636363636365,0.7272727272727273,0.18181818181818182
8f09d08653ccea86c8e1be2077f99befd50aed765381858d4ed07428b49bfe8b,-101611601,-100468681#0,0.2727272727272727,0.2727272727272727,0.36363636363636365,0.36363636363636365,0.2727272727272727,0.7272727272727273,0.36363636363636365,0.2727272727272727,0.3181818181818182,1.0,1.0,0.2727272727272727,0.45454545454545453,0.36363636363636365,0.18181818181818182,0.6363636363636364,0.2727272727272727
b4eddf091adf83959b0a7215bf05826ac7d64ad3248ffb1692d687a8087d9338,-101611601,-100468681#0,0.7272727272727273,0.7272727272727273,0.045454545454545456,0.045454545454545456,0.9090909090909091,0.2727272727272727,0.6363636363636364,0.9090909090909091,1.0,0.8181818181818182,0.6363636363636364,0.9090909090909091,0.7272727272727273,1.0,0.7272727272727273,0.22727272727272727,0.9090909090909091
78e41a067a49e3e3f58cbc6ced82c498ce4aaded99d4fbca7b3bd2f51bbb4e64,-101611601,-100468681#0,0.5454545454545454,0.5454545454545454,0.7272727272727273,0.6363636363636364,0.2727272727272727,0.36363636363636365,1.0,0.0,0.3181818181818182,0.0,0.13636363636363635,0.2727272727272727,0.5454545454545454,0.18181818181818182,0.45454545454545453,0.8181818181818182,0.5454545454545454
cb64a8a438bdf02656cbbd512ea32a5c1ba3d3b37fab244e47599f7443aea744,-101611601,-100468681#0,0.45454545454545453,0.45454545454545453,0.6363636363636364,0.7272727272727273,0.2727272727272727,0.5454545454545454,0.45454545454545453,0.18181818181818182,0.3181818181818182,0.9090909090909091,0.8181818181818182,0.2727272727272727,0.36363636363636365,0.45454545454545453,0.2727272727272727,0.5454545454545454,0.4090909090909091
33088249f2d3d33d40dd6b64c428a03da9612d6be33bd45104246485538bca00,-101611601,-100468681#0,0.9090909090909091,0.9090909090909091,0.2727272727272727,0.2727272727272727,0.7272727272727273,0.09090909090909091,0.8181818181818182,0.7272727272727273,0.8181818181818182,0.5454545454545454,0.45454545454545453,0.7272727272727273,0.8181818181818182,0.8181818181818182,0.7272727272727273,0.09090909090909091,0.6363636363636364
37afb858845eaa2f9f9d736024dbdac66badfd88db5a467687038af7536b405e,-101611601,-100468681#0,0.6363636363636364,0.6363636363636364,0.9090909090909091,0.5454545454545454,1.0,0.6363636363636364,0.0,1.0,0.3181818181818182,0.36363636363636365,0.7272727272727273,0.2727272727272727,0.6363636363636364,0.9090909090909091,0.9090909090909091,0.9090909090909091,0.4090909090909091
f87acbe8fc6e19f090d6535ce8df6e686ff7d658a13c00541fffeb36789ef47f,-101611601,-100468681#0,0.36363636363636365,0.36363636363636365,0.45454545454545453,0.45454545454545453,0.2727272727272727,0.8181818181818182,0.2727272727272727,0.36363636363636365,0.3181818181818182,0.7272727272727273,0.9090909090909091,1.0,0.2727272727272727,0.6363636363636364,1.0,1.0,0.9090909090909091
5b6d15dcecd3dbd64079b16d035dcac6ee37d787ed6760e43b91900fa2d9e37a,-101604496#1,-100468681#0,0.36363636363636365,0.2727272727272727,0.36363636363636365,0.6363636363636364,0.5,0.8181818181818182,0.18181818181818182,0.9090909090909091,0.5,0.7272727272727273,0.5,0.5,0.18181818181818182,0.0,0.7272727272727273,0.7272727272727273,0.045454545454545456
6a58d21741c00b48fdb825bfb7d8b650d90853f433ca5b5ff4106ae2198b8543,-101604496#1,-100468681#0,0.09090909090909091,0.36363636363636365,0.9090909090909091,0.09090909090909091,0.5,1.0,0.0,0.36363636363636365,0.5,0.6363636363636364,0.5,0.5,0.2727272727272727,0.18181818181818182,0.9090909090909091,0.9090909090909091,0.36363636363636365
93fbf03c5ba17ecc26e5921acef5fcf1cedf37c160d9f804bf8a5c4fd551d67f,-101604496#1,-100468681#0,1.0,1.0,0.2727272727272727,0.45454545454545453,0.5,0.45454545454545453,0.5454545454545454,0.6363636363636364,0.5,0.0,0.5,0.5,1.0,0.5454545454545454,0.6363636363636364,0.2727272727272727,0.9545454545454546
d6617c9a837b5cc5902a09eeb423a6f939c0ccfde72f33de6ba3955453de7d46,-101604496#1,-100468681#0,0.5454545454545454,0.45454545454545453,0.45454545454545453,0.5454545454545454,0.5,0.7272727272727273,0.2727272727272727,1.0,0.5,0.5454545454545454,0.5,0.5,0.45454545454545453,0.09090909090909091,0.8181818181818182,0.6363636363636364,0.045454545454545456
a39b422752bae497a3764aa342875fcd9a03e1c87b1a174c7c17416b7b2ef489,-101604496#1,-100468681#0,0.18181818181818182,0.5454545454545454,1.0,0.0,0.5,0.9090909090909091,0.09090909090909091,0.45454545454545453,0.5,0.45454545454545453,0.5,0.5,0.5454545454545454,0.36363636363636365,1.0,0.8181818181818182,0.36363636363636365
3de45e33b9fbc5319e694e0c1af2e5e0771dc0f5bdd977771ffb79a1ff0c2728,-101604496#1,-100468681#0,0.8181818181818182,0.6363636363636364,0.5454545454545454,0.7272727272727273,0.5,0.0,1.0,0.0,0.5,0.36363636363636365,0.5,0.5,0.7272727272727273,0.7272727272727273,0.2727272727272727,1.0,0.9545454545454546
5f607ea38c726685fc682cc01f63ffc540cbcbbd1c99c2ad92407fd03d3a004f,-101604496#1,-100468681#0,0.6363636363636364,0.7272727272727273,0.045454545454545456,0.22727272727272727,0.5,0.6363636363636364,0.36363636363636365,0.8181818181818182,0.5,0.2727272727272727,0.5,0.5,0.6363636363636364,0.45454545454545453,0.36363636363636365,0.18181818181818182,0.6818181818181818
b2ea078d63451c3312b9e319bfb01b20b705ed38e82c494a3c279e25b45dd0bb,-101604496#1,-100468681#0,0.0,0.0,0.6818181818181818,0.9545454545454546,0.5,0.2727272727272727,0.7272727272727273,0.2727272727272727,0.5,1.0,0.5,0.5,0.0,1.0,0.0,0.5454545454545454,0.36363636363636365
b72ef32277f148dab6eec0035d86904385e5981ce0e5c3ddd7ac76dd7d4ca189,-101604496#1,-100468681#0,0.9090909090909091,0.9090909090909091,0.045454545454545456,0.22727272727272727,0.5,0.36363636363636365,0.6363636363636364,0.5454545454545454,0.5,0.09090909090909091,0.5,0.5,0.8181818181818182,0.2727272727272727,0.5454545454545454,0.09090909090909091,0.6818181818181818
cffff4f0eb84e5864b5c9d455a32bc35d60aa7070e6b27b2eb2ee2f9335d2dac,-101604496#1,-100468681#0,0.45454545454545453,0.18181818181818182,0.8181818181818182,0.8181818181818182,0.5,0.09090909090909091,0.9090909090909091,0.09090909090909091,0.5,0.8181818181818182,0.5,0.5,0.36363636363636365,0.9090909090909091,0.18181818181818182,0.36363636363636365,0.36363636363636365
aa48744436e78dc1343c8c7939d5257624fb259d432dd9ad5b1599f829c7f1c7,-101604496#1,-100468681#0,0.7272727272727273,0.8181818181818182,0.18181818181818182,0.36363636363636365,0.5,0.5454545454545454,0.45454545454545453,0.7272727272727273,0.5,0.18181818181818182,0.5,0.5,0.9090909090909091,0.6363636363636364,0.45454545454545453,0.0,0.8181818181818182
9572ac4a33aaf44d4fe91f5b3938d54c5954f5621f953d13bff33127df57168a,-101604496#1,-100468681#0,0.2727272727272727,0.09090909090909091,0.6818181818181818,0.9545454545454546,0.5,0.18181818181818182,0.8181818181818182,0.18181818181818182,0.5,0.9090909090909091,0.5,0.5,0.09090909090909091,0.8181818181818182,0.09090909090909091,0.45454545454545453,0.36363636363636365
ca8c706ab2f5b23dec74a85beed5d353b5969803c5eac5a0e049ca0471a9ef90,101594836#1,-101418584#1,0.0,0.0,0.6818181818181818,0.6818181818181818,1.0,0.18181818181818182,0.0,0.2727272727272727,0.8181818181818182,0.2727272727272727,0.36363636363636365,0.3181818181818182,0.0,0.8181818181818182,0.0,0.2727272727272727,0.5
5fee74500a2bf15b796f863394ab5c0d527aa80bd5dae85e6524b5be06a8f225,101594836#1,-101418584#1,0.9090909090909091,0.9090909090909091,0.18181818181818182,0.18181818181818182,0.2727272727272727,0.8181818181818182,0.6363636363636364,0.7272727272727273,0.9090909090909091,0.6363636363636364,0.5454545454545454,0.8181818181818182,0.8181818181818182,0.9090909090909091,0.8181818181818182,0.8181818181818182,0.9545454545454546
522b987914f9b7bf3da8cf4ca81a730eb0adcb23c6f2557d6bd6587a8403f9c0,101594836#1,-101418584#1,0.5454545454545454,0.5454545454545454,0.3181818181818182,0.3181818181818182,0.8181818181818182,0.18181818181818182,0.2727272727272727,0.36363636363636365,0.36363636363636365,0.09090909090909091,0.09090909090909091,0.3181818181818182,0.5454545454545454,0.6363636363636364,0.18181818181818182,0.45454545454545453,0.2727272727272727
859e14a8fa6301bc469296b5b2a9058ab9ff4ba1846d03aa858d33a8150004a2,101594836#1,-101418584#1,0.2727272727272727,0.2727272727272727,0.0,0.0,0.18181818181818182,1.0,0.5454545454545454,0.9090909090909091,0.5454545454545454,0.5454545454545454,0.18181818181818182,0.3181818181818182,0.2727272727272727,0.45454545454545453,0.9090909090909091,0.9090909090909091,0.0
fb8963092419fa843461a5c107b29e67408c09eb8af2486d6bf86678b749f8df,101594836#1,-101418584#1,0.09090909090909091,0.09090909090909091,0.5,0.5,0.9090909090909091,0.18181818181818182,0.09090909090909091,0.45454545454545453,0.7272727272727273,0.18181818181818182,0.2727272727272727,0.3181818181818182,0.18181818181818182,0.7272727272727273,0.09090909090909091,0.09090909090909091,0.13636363636363635
d0e219527e7f2e08e6f46b4f1951ff389914c30c756485b5eb5b921f04bbf1ac,101594836#1,-101418584#1,0.18181818181818182,0.18181818181818182,0.6818181818181818,0.6818181818181818,0.7272727272727273,0.7272727272727273,0.18181818181818182,0.8181818181818182,0.6363636363636364,0.9090909090909091,0.9090909090909091,0.3181818181818182,0.09090909090909091,0.5454545454545454,0.2727272727272727,0.18181818181818182,0.5
6e9d0b03153152c3b2585b71aa514dd76bfd73108cab25a1214b32473dbe6298,101594836#1,-101418584#1,0.8181818181818182,0.8181818181818182,0.8636363636363636,0.8636363636363636,0.0,0.45454545454545453,1.0,0.0,0.0,0.0,0.0,0.9090909090909091,0.9090909090909091,0.09090909090909091,1.0,1.0,0.9545454545454546
2ee927e2116b6e35cb9746ad2b10630403bdce8a7e3af4b961c55ffea7d0e7a9,101594836#1,-101418584#1,0.7272727272727273,0.7272727272727273,0.8636363636363636,0.8636363636363636,0.36363636363636365,0.18181818181818182,0.8181818181818182,0.18181818181818182,0.18181818181818182,0.45454545454545453,0.6363636363636364,1.0,0.7272727272727273,0.18181818181818182,0.6363636363636364,0.5454545454545454,0.8181818181818182
1bbdbee95d21aaf357a2c8579150eb77a945a91ce3202aa3717064961ec7b5d3,101594836#1,-101418584#1,0.36363636363636365,0.36363636363636365,0.09090909090909091,0.09090909090909091,0.45454545454545453,0.6363636363636364,0.7272727272727273,0.5454545454545454,1.0,1.0,1.0,0.3181818181818182,0.36363636363636365,1.0,0.5454545454545454,0.7272727272727273,0.7272727272727273
189d95526be06f2172c1200a1d9e2641a891a1beebc602e5474ed36b167fa66c,101594836#1,-101418584#1,1.0,1.0,1.0,1.0,0.09090909090909091,0.18181818181818182,0.9090909090909091,0.09090909090909091,0.09090909090909091,0.36363636363636365,0.45454545454545453,0.7272727272727273,1.0,0.0,0.7272727272727273,0.6363636363636364,0.36363636363636365
4a5bcf3632846cafbd84dc30d32b97190ebc0514d724203b41df79a9575cd81a,101594836#1,-101418584#1,0.45454545454545453,0.45454545454545453,0.5,0.5,0.6363636363636364,0.5454545454545454,0.45454545454545453,0.6363636363636364,0.45454545454545453,0.8181818181818182,0.8181818181818182,0.3181818181818182,0.45454545454545453,0.2727272727272727,0.36363636363636365,0.0,0.13636363636363635
b091b19de31ede7de846369a9b5f341f3ff36338f3256d0d47dbfe5506abb8ed,101594836#1,-101418584#1,0.6363636363636364,0.6363636363636364,0.3181818181818182,0.3181818181818182,0.5454545454545454,0.9090909090909091,0.36363636363636365,1.0,0.2727272727272727,0.7272727272727273,0.7272727272727273,0.3181818181818182,0.6363636363636364,0.36363636363636365,0.45454545454545453,0.36363636363636365,0.6363636363636364
8b3715fdb7e2d9251813512de60ddd0715ee52427e1e1bd871316dfe6353eb78,659281081#1,-101746498#2,0.09090909090909091,0.09090909090909091,0.6818181818181818,0.6363636363636364,0.5454545454545454,0.3181818181818182,0.6363636363636364,0.36363636363636365,0.36363636363636365,0.6363636363636364,0.9090909090909091,0.7272727272727273,0.2727272727272727,0.45454545454545453,0.09090909090909091,0.2727272727272727,0.045454545454545456
9a6d7404caf34b58a6f303ba1df5122268218f6b71ebddac4e6ed602d0178c05,659281081#1,-101746498#2,0.9090909090909091,0.9090909090909091,0.9090909090909091,0.9090909090909091,0.7272727272727273,0.8181818181818182,0.09090909090909091,0.9090909090909091,0.36363636363636365,1.0,0.8181818181818182,0.6363636363636364,0.9090909090909091,0.6363636363636364,0.45454545454545453,0.5454545454545454,0.6363636363636364
a45b18a210599cb2270f610bf21b59f0b464242838c5ddc198b2bfa3b6b43ac1,659281081#1,-101746498#2,0.45454545454545453,0.7272727272727273,0.8181818181818182,0.7272727272727273,0.45454545454545453,0.9090909090909091,0.2727272727272727,0.7272727272727273,0.36363636363636365,0.8181818181818182,1.0,0.9090909090909091,0.8181818181818182,0.09090909090909091,0.5454545454545454,0.45454545454545453,0.36363636363636365
0533cf7d7533ca5a26ff1a1ca110fda23529d457c0a701c9f1ef7c1bcb758218,659281081#1,-101746498#2,0.18181818181818182,0.2727272727272727,0.09090909090909091,0.0,0.8181818181818182,0.3181818181818182,0.5454545454545454,0.45454545454545453,0.36363636363636365,0.45454545454545453,0.36363636363636365,0.5454545454545454,0.5454545454545454,0.18181818181818182,0.18181818181818182,0.0,0.22727272727272727
c29f3bf2220790c506ae679e1e4c9c338b0f36b51c112406d6340af7a3ed8c9f,659281081#1,-101746498#2,0.36363636363636365,0.36363636363636365,0.18181818181818182,0.09090909090909091,0.36363636363636365,0.3181818181818182,0.7272727272727273,0.2727272727272727,0.36363636363636365,0.36363636363636365,0.6363636363636364,0.45454545454545453,0.6363636363636364,0.0,0.2727272727272727,0.18181818181818182,0.045454545454545456
d999716944dfcf980e980fe0dceaedea6db0351ee709a0e715a5e002d9fb6b89,659281081#1,-101746498#2,0.6363636363636364,0.5454545454545454,0.2727272727272727,0.18181818181818182,0.2727272727272727,0.3181818181818182,0.8181818181818182,0.18181818181818182,0.9090909090909091,0.18181818181818182,0.18181818181818182,0.18181818181818182,0.09090909090909091,1.0,0.9090909090909091,0.8181818181818182,0.8181818181818182
74f14979eae771d9204dcc417df3aba408d2d3b7f84c20f1796d7bdf6dcc2c6e,659281081#1,-101746498#2,0.5454545454545454,0.45454545454545453,0.45454545454545453,0.36363636363636365,0.0,0.3181818181818182,1.0,0.0,1.0,0.2727272727272727,0.2727272727272727,0.2727272727272727,0.0,0.9090909090909091,0.8181818181818182,0.9090909090909091,0.7272727272727273
1e32acd1c8ed8e7ae97ce2c79423b1cc56bbec70c6f91a134438653a8fd2cd1f,659281081#1,-101746498#2,0.0,0.0,0.5454545454545454,0.45454545454545453,1.0,0.3181818181818182,0.36363636363636365,0.5454545454545454,0.36363636363636365,0.7272727272727273,0.45454545454545453,0.8181818181818182,0.18181818181818182,0.5454545454545454,0.0,0.09090909090909091,0.22727272727272727
6e1513b3be1752218ef00342955c78e3485b5ebef38cc37f0e3e4121d4098954,659281081#1,-101746498#2,0.7272727272727273,0.18181818181818182,0.0,0.8181818181818182,0.09090909090909091,0.3181818181818182,0.45454545454545453,0.6363636363636364,0.36363636363636365,0.0,0.0,0.0,0.45454545454545453,0.7272727272727273,0.7272727272727273,1.0,0.9545454545454546
75c06d086367dfec084df05709b026f93c1a269aa899dfc435db50a048b9c276,659281081#1,-101746498#2,0.2727272727272727,0.6363636363636364,0.6818181818181818,0.5454545454545454,0.9090909090909091,1.0,0.0,1.0,0.36363636363636365,0.9090909090909091,0.5454545454545454,1.0,0.7272727272727273,0.2727272727272727,0.36363636363636365,0.36363636363636365,0.45454545454545453
83ba5ae423df1fb0ae9960daacbf072079d0a2ee705cd3c3b3f79834e506df3b,659281081#1,-101746498#2,1.0,1.0,1.0,1.0,0.6363636363636364,0.7272727272727273,0.18181818181818182,0.8181818181818182,0.36363636363636365,0.5454545454545454,0.7272727272727273,0.36363636363636365,1.0,0.36363636363636365,0.6363636363636364,0.6363636363636364,0.5454545454545454
941c0f43fea64752365af56999c444de6c7eee3984174549a9e3badffb1f8650,659281081#1,-101746498#2,0.8181818181818182,0.8181818181818182,0.36363636363636365,0.2727272727272727,0.18181818181818182,0.3181818181818182,0.9090909090909091,0.09090909090909091,0.8181818181818182,0.09090909090909091,0.09090909090909091,0.09090909090909091,0.36363636363636365,0.8181818181818182,1.0,0.7272727272727273,0.9545454545454546
437901a265239a920c3f1dbe8f805fe0732c88205e22b686dd4feb51e85d7ee9,-297823021,-101754276#1,0.36363636363636365,0.45454545454545453,0.6818181818181818,0.8181818181818182,0.6363636363636364,0.36363636363636365,0.2727272727272727,0.45454545454545453,0.5454545454545454,0.5454545454545454,0.7272727272727273,0.5454545454545454,0.45454545454545453,0.36363636363636365,0.18181818181818182,0.2727272727272727,0.4090909090909091
69f28c5ab701f0c7c76c92faa05958721e934729963be04be6926bfcd7a2379b,-297823021,-101754276#1,0.45454545454545453,0.7272727272727273,0.8181818181818182,0.9090909090909091,0.45454545454545453,0.6363636363636364,0.45454545454545453,0.6363636363636364,0.45454545454545453,1.0,1.0,0.2727272727272727,0.5454545454545454,0.09090909090909091,0.36363636363636365,0.09090909090909091,0.2727272727272727
c9b25aea9d2dc047d3596ae968efa17d4df5928628576009f9148c241852bab3,-297823021,-101754276#1,1.0,0.36363636363636365,0.2727272727272727,1.0,0.36363636363636365,0.0,0.5454545454545454,0.9090909090909091,0.6363636363636364,0.8181818181818182,0.45454545454545453,0.6363636363636364,0.36363636363636365,1.0,0.6363636363636364,0.8181818181818182,0.5909090909090909
fb987e17a8e54b0464ecf81ac986336f6dfba0285106a9b50ee8fe9a2deb519e,-297823021,-101754276#1,0.7272727272727273,0.5454545454545454,0.0,0.0,0.18181818181818182,0.9090909090909091,0.8181818181818182,0.8181818181818182,0.2727272727272727,0.2727272727272727,0.36363636363636365,0.45454545454545453,0.6363636363636364,0.5454545454545454,0.9090909090909091,0.7272727272727273,0.5909090909090909
8e451a9159db84e34654101dcd266db5264b8b91fbdf0e60a7d2c914007ba2eb,-297823021,-101754276#1,0.6363636363636364,0.6363636363636364,0.18181818181818182,0.18181818181818182,0.09090909090909091,0.8181818181818182,0.9090909090909091,0.7272727272727273,0.18181818181818182,0.18181818181818182,0.2727272727272727,0.36363636363636365,0.7272727272727273,0.18181818181818182,0.8181818181818182,0.6363636363636364,0.09090909090909091
3eb591891b69392eb8ab9531355e318d21e76bedc45ec51045847319d2689453,-297823021,-101754276#1,0.5454545454545454,0.8181818181818182,0.6818181818181818,0.6363636363636364,0.7272727272727273,0.5454545454545454,0.18181818181818182,0.5454545454545454,0.36363636363636365,0.9090909090909091,0.6363636363636364,0.18181818181818182,0.8181818181818182,0.2727272727272727,0.2727272727272727,0.36363636363636365,0.18181818181818182
6c2b8e2ae97fed18ca600407e4015a1b85bed80523b5509e7199c6f6a3a53bf2,-297823021,-101754276#1,0.09090909090909091,0.0,0.45454545454545453,0.36363636363636365,0.8181818181818182,0.09090909090909091,0.36363636363636365,0.09090909090909091,1.0,0.36363636363636365,0.9090909090909091,1.0,0.0,0.9090909090909091,0.45454545454545453,0.5454545454545454,0.9545454545454546
65173add9f10276f4e2a2223a80a129c2b9b6abf388e75fa9404b3922ae8fb93,-297823021,-101754276#1,0.8181818181818182,0.9090909090909091,0.09090909090909091,0.09090909090909091,0.0,0.2727272727272727,1.0,0.0,0.09090909090909091,0.45454545454545453,0.09090909090909091,0.09090909090909091,0.9090909090909091,0.6363636363636364,1.0,1.0,0.9545454545454546
9b3eb50767955c76e5579a3554dc8f0a1056ecc18e34345cd67fa9f4e5a49b60,-297823021,-101754276#1,0.0,0.09090909090909091,0.9545454545454546,0.6363636363636364,1.0,0.45454545454545453,0.0,0.18181818181818182,0.9090909090909091,0.09090909090909091,0.18181818181818182,0.9090909090909091,0.09090909090909091,0.7272727272727273,0.0,0.18181818181818182,0.7272727272727273
4b6961e6a1917a068589f0bf6d2995a40ac333b9d62ed8cc972ed5bd81274a6b,-297823021,-101754276#1,0.9090909090909091,1.0,0.36363636363636365,0.2727272727272727,0.2727272727272727,1.0,0.7272727272727273,1.0,0.0,0.0,0.0,0.0,1.0,0.0,0.7272727272727273,0.9090909090909091,0.0
27ea682337d88bff0138bd43fc280546ceb0fef29cea1a9edbbf3494c7b5f569,-297823021,-101754276#1,0.2727272727272727,0.18181818181818182,0.5454545454545454,0.45454545454545453,0.5454545454545454,0.18181818181818182,0.6363636363636364,0.2727272727272727,0.8181818181818182,0.6363636363636364,0.8181818181818182,0.8181818181818182,0.18181818181818182,0.8181818181818182,0.5454545454545454,0.45454545454545453,0.8181818181818182
3a9f98e3a342a2dfff0ca07b1b358328c0696a872bb35488c2a83e0e13898a20,-297823021,-101754276#1,0.18181818181818182,0.2727272727272727,0.9545454545454546,0.6363636363636364,0.9090909090909091,0.7272727272727273,0.09090909090909091,0.36363636363636365,0.7272727272727273,0.7272727272727273,0.5454545454545454,0.7272727272727273,0.2727272727272727,0.45454545454545453,0.09090909090909091,0.0,0.4090909090909091
d8b864544e22cd618507fd92f1f231e95d8ce0b0b4f43e5b4dc70eec5ede626d,-282689985#1,-101608959,0.45454545454545453,0.5454545454545454,0.6363636363636364,0.6363636363636364,0.6363636363636364,0.6363636363636364,0.36363636363636365,0.6363636363636364,0.36363636363636365,0.45454545454545453,0.18181818181818182,0.18181818181818182,0.6363636363636364,0.2727272727272727,0.5454545454545454,0.09090909090909091,0.18181818181818182
d72a19a72375635a4b2f8562e0da1a29dfbe5323428d4c03344891a9f95e276d,-282689985#1,-101608959,0.18181818181818182,0.18181818181818182,0.8181818181818182,0.7272727272727273,0.8181818181818182,0.9090909090909091,0.18181818181818182,0.8181818181818182,0.36363636363636365,0.6363636363636364,0.45454545454545453,0.5454545454545454,0.18181818181818182,0.45454545454545453,0.36363636363636365,0.18181818181818182,0.0
66c2bbcd625d6d38d5638df47621d6206488b238e8fd04abaa53408d5398ae5c,-282689985#1,-101608959,0.6363636363636364,0.7272727272727273,0.45454545454545453,0.36363636363636365,0.9090909090909091,0.5454545454545454,0.09090909090909091,0.9090909090909091,0.8181818181818182,0.9090909090909091,0.8181818181818182,0.9090909090909091,0.7272727272727273,0.7272727272727273,0.45454545454545453,0.45454545454545453,0.2727272727272727
71c45bc13fc77aa268070e1141fc5d9e5d525ffdeedaaf3acf93ce883098be21,-282689985#1,-101608959,0.9090909090909091,1.0,1.0,1.0,0.45454545454545453,1.0,0.45454545454545453,0.5454545454545454,0.36363636363636365,0.8181818181818182,0.7272727272727273,0.8181818181818182,1.0,0.36363636363636365,1.0,1.0,0.9545454545454546
9491538dedc8f99639424e2def42b2f8cc6e3455be27160c789ef6da0b0f1a97,-282689985#1,-101608959,0.8181818181818182,0.8181818181818182,0.5454545454545454,0.5454545454545454,0.5454545454545454,0.45454545454545453,0.5454545454545454,0.45454545454545453,0.36363636363636365,0.36363636363636365,0.09090909090909091,0.09090909090909091,0.8181818181818182,0.0,0.7272727272727273,0.2727272727272727,0.36363636363636365
8c637e8c4f146126535fbda85e804bc3e97c16842cb3c21e254e7823e12037da,-282689985#1,-101608959,0.36363636363636365,0.45454545454545453,0.7272727272727273,0.8181818181818182,0.7272727272727273,0.7272727272727273,0.2727272727272727,0.7272727272727273,0.36363636363636365,0.5454545454545454,0.2727272727272727,0.2727272727272727,0.45454545454545453,0.18181818181818182,0.6363636363636364,0.0,0.09090909090909091
ce745e0a8bb3199df2eb14573ee1f17f6c7bb68c378feca979fc15efaa77a31a,-282689985#1,-101608959,0.0,0.0,0.13636363636363635,0.13636363636363635,0.13636363636363635,0.36363636363636365,0.7272727272727273,0.2727272727272727,0.36363636363636365,0.2727272727272727,0.6363636363636364,0.7272727272727273,0.09090909090909091,0.8181818181818182,0.0,0.6363636363636364,0.45454545454545453
890b96fe78ed3a3044a33876241a50f88841128a04b0f9778526086f7c242606,-282689985#1,-101608959,0.09090909090909091,0.36363636363636365,0.2727272727272727,0.2727272727272727,1.0,0.8181818181818182,0.0,1.0,1.0,1.0,1.0,0.36363636363636365,0.36363636363636365,1.0,0.9090909090909091,0.8181818181818182,0.5454545454545454
19f6a1f335e0fbf4abb0efa1ec725cd97ebcf0a0f2366ac89b2c12c021ac2835,-282689985#1,-101608959,0.5454545454545454,0.2727272727272727,0.13636363636363635,0.13636363636363635,0.13636363636363635,0.18181818181818182,0.9090909090909091,0.09090909090909091,0.36363636363636365,0.09090909090909091,0.36363636363636365,0.45454545454545453,0.2727272727272727,0.5454545454545454,0.09090909090909091,0.7272727272727273,0.6363636363636364
1514fe7f3787a80fe22a8e6e22a1eba9bfd5c94a9c22c14ee7b13a63165ff0f7,-282689985#1,-101608959,0.7272727272727273,0.6363636363636364,0.0,0.0,0.36363636363636365,0.09090909090909091,0.6363636363636364,0.36363636363636365,0.9090909090909091,0.7272727272727273,0.9090909090909091,1.0,0.5454545454545454,0.9090909090909091,0.2727272727272727,0.5454545454545454,0.8181818181818182
137ffe6c6d4f523d8dedafa271896c36712cd6ca7ca7c62b5cc58b84fe27be5a,-282689985#1,-101608959,0.2727272727272727,0.09090909090909091,0.36363636363636365,0.45454545454545453,0.13636363636363635,0.2727272727272727,0.8181818181818182,0.18181818181818182,0.36363636363636365,0.18181818181818182,0.5454545454545454,0.6363636363636364,0.0,0.6363636363636364,0.18181818181818182,0.36363636363636365,0.7272727272727273
22ed8229c22e06cbe97bcf297796dda10a7e81c1ece37944f432ac05d2c9621e,-282689985#1,-101608959,1.0,0.9090909090909091,0.9090909090909091,0.9090909090909091,0.13636363636363635,0.0,1.0,0.0,0.36363636363636365,0.0,0.0,0.0,0.9090909090909091,0.09090909090909091,0.8181818181818182,0.9090909090909091,0.9545454545454546
79df1e98a0104222c81c378870bf2644d2018dc9dc50e7caa9ca83a40515ad15,526438862#2,-1323419243,0.36363636363636365,0.18181818181818182,0.09090909090909091,0.5454545454545454,0.0,0.45454545454545453,0.6363636363636364,0.45454545454545453,0.2727272727272727,0.9090909090909091,0.8181818181818182,0.9090909090909091,0.18181818181818182,0.8181818181818182,0.8181818181818182,0.2727272727272727,0.6363636363636364
2cb9c5a185de5ed51490815a59ca486257f80d792f39b4e617121d00a0c64abc,526438862#2,-1323419243,0.18181818181818182,0.0,0.0,0.36363636363636365,0.5454545454545454,0.45454545454545453,0.045454545454545456,0.18181818181818182,0.2727272727272727,0.5454545454545454,0.6363636363636364,0.22727272727272727,0.0,0.9090909090909091,0.6363636363636364,0.36363636363636365,0.5454545454545454
b85b71b675acca96f8652849ae3254dfedf4591b4ee5a0f22b6d246224dd82bd,526438862#2,-1323419243,0.7272727272727273,0.2727272727272727,0.45454545454545453,0.9090909090909091,0.18181818181818182,0.45454545454545453,0.5454545454545454,0.7272727272727273,0.2727272727272727,0.6363636363636364,0.45454545454545453,0.22727272727272727,0.2727272727272727,0.7272727272727273,0.9090909090909091,0.5454545454545454,0.18181818181818182
6ecd8250324cccbec8e288c16c505fa06fc1d9468cdbafc218c4aae5d24624bd,526438862#2,-1323419243,0.0,0.36363636363636365,0.6818181818181818,0.045454545454545456,1.0,0.45454545454545453,0.045454545454545456,0.0,1.0,0.045454545454545456,0.0,0.22727272727272727,0.36363636363636365,0.18181818181818182,0.0,0.7272727272727273,0.4090909090909091
79318a3c096f6116e1ffd2525042cf38d8ae44e73b022ab2b397d378953813f4,526438862#2,-1323419243,0.09090909090909091,0.45454545454545453,0.6818181818181818,0.045454545454545456,0.9090909090909091,0.45454545454545453,0.36363636363636365,0.09090909090909091,0.9090909090909091,0.045454545454545456,0.36363636363636365,0.22727272727272727,0.45454545454545453,0.0,0.09090909090909091,0.8181818181818182,0.2727272727272727
2f8eba2c5af04c36b6d32e033d3982a90f3d99eb68b23a37d1dce70b6bdddb9c,526438862#2,-1323419243,0.9090909090909091,0.9090909090909091,0.8181818181818182,0.8181818181818182,0.6363636363636364,0.45454545454545453,0.8181818181818182,0.8181818181818182,0.7272727272727273,0.36363636363636365,0.5454545454545454,0.8181818181818182,0.9090909090909091,0.2727272727272727,0.2727272727272727,0.45454545454545453,0.0
53ba240bc1d7d625df61f2c62cb3e2a6798b90054f6ccb608469d1d453bbb0fa,526438862#2,-1323419243,0.2727272727272727,0.09090909090909091,0.18181818181818182,0.45454545454545453,0.7272727272727273,0.45454545454545453,0.18181818181818182,0.2727272727272727,0.2727272727272727,1.0,0.9090909090909091,1.0,0.09090909090909091,1.0,0.45454545454545453,0.09090909090909091,0.7272727272727273
035786aa69f31597596760e060d721723c1242f6dcd5e12de29139f19104757d,526438862#2,-1323419243,0.8181818181818182,0.7272727272727273,0.5454545454545454,1.0,0.09090909090909091,0.45454545454545453,0.7272727272727273,0.6363636363636364,0.2727272727272727,0.45454545454545453,0.2727272727272727,0.22727272727272727,0.7272727272727273,0.5454545454545454,1.0,0.6363636363636364,0.4090909090909091
6042d735d8f1bdbb2463748149b1bc4982d7b7e421ee9ea48ff63862bad7c6d3,526438862#2,-1323419243,0.6363636363636364,0.6363636363636364,0.2727272727272727,0.2727272727272727,0.45454545454545453,0.45454545454545453,0.45454545454545453,1.0,0.2727272727272727,0.7272727272727273,1.0,0.6363636363636364,0.6363636363636364,0.36363636363636365,0.7272727272727273,0.18181818181818182,0.8181818181818182
034e50c690ef317f28300ea5536c1e1b1259e802c6059e93da99f2404628768f,526438862#2,-1323419243,0.5454545454545454,0.5454545454545454,0.36363636363636365,0.18181818181818182,0.8181818181818182,0.45454545454545453,0.2727272727272727,0.36363636363636365,0.2727272727272727,0.8181818181818182,0.7272727272727273,0.7272727272727273,0.5454545454545454,0.45454545454545453,0.36363636363636365,0.0,0.9545454545454546
7392991f8f96c89f970e617f522545ae539bcff8ea7a3930b14c915343495098,526438862#2,-1323419243,0.45454545454545453,0.8181818181818182,1.0,0.6363636363636364,0.36363636363636365,1.0,0.9090909090909091,0.9090909090909091,0.8181818181818182,0.2727272727272727,0.09090909090909091,0.22727272727272727,0.8181818181818182,0.09090909090909091,0.18181818181818182,1.0,0.9545454545454546
940012d7310f12328bfa2c6c9528b868cc0957d79b077b25d69f03ff8cf63a38,526438862#2,-1323419243,1.0,1.0,0.9090909090909091,0.7272727272727273,0.2727272727272727,0.45454545454545453,1.0,0.5454545454545454,0.6363636363636364,0.18181818181818182,0.18181818181818182,0.5454545454545454,1.0,0.6363636363636364,0.5454545454545454,0.9090909090909091,0.09090909090909091
13fa664af79e384865cb3017c1283ea24e1106c1cb39d07d1fc6af8866705698,71324347#0,-101746498#2,0.0,0.0,0.0,0.0,0.13636363636363635,0.36363636363636365,0.2727272727272727,0.2727272727272727,0.45454545454545453,0.2727272727272727,0.13636363636363635,0.18181818181818182,0.0,0.7272727272727273,0.0,0.8181818181818182,0.0
6dd338fb600652d559a006d73ed80ac9f89d08554daa4682f4de95751cd90024,71324347#0,-101746498#2,0.2727272727272727,0.18181818181818182,0.09090909090909091,0.45454545454545453,0.13636363636363635,0.36363636363636365,0.7272727272727273,0.09090909090909091,0.45454545454545453,0.09090909090909091,0.13636363636363635,0.18181818181818182,0.2727272727272727,0.2727272727272727,0.36363636363636365,0.2727272727272727,0.36363636363636365
163fe8252b10c69d2bd627740effa92a472cf4ffc2d26462f19d3ec497a95f71,71324347#0,-101746498#2,0.9090909090909091,0.8181818181818182,0.6363636363636364,0.8181818181818182,0.36363636363636365,0.9090909090909091,0.36363636363636365,0.8181818181818182,0.45454545454545453,1.0,0.8181818181818182,0.8181818181818182,1.0,0.09090909090909091,0.5454545454545454,0.7272727272727273,0.9090909090909091
432f39297eea2fb215f8d8056150456454004ac6d5d91b87ea3512e95a952484,71324347#0,-101746498#2,0.36363636363636365,0.2727272727272727,0.45454545454545453,1.0,0.13636363636363635,0.36363636363636365,0.8181818181818182,0.0,0.45454545454545453,0.0,0.13636363636363635,0.18181818181818182,0.36363636363636365,0.45454545454545453,0.45454545454545453,0.36363636363636365,0.45454545454545453
a4a525dc59314f7bd5299a4e637e60b822bdf790cc34fe45c8731dc23f6aab7f,71324347#0,-101746498#2,0.7272727272727273,0.6363636363636364,0.36363636363636365,0.18181818181818182,0.45454545454545453,0.36363636363636365,0.9090909090909091,0.36363636363636365,0.45454545454545453,0.8181818181818182,1.0,1.0,0.8181818181818182,0.0,0.8181818181818182,0.45454545454545453,0.7272727272727273
482be12881bfc74cf450bcd4834f910c08500d5d3adfdceba49239c247eee11c,71324347#0,-101746498#2,0.18181818181818182,0.09090909090909091,0.18181818181818182,0.09090909090909091,0.13636363636363635,0.36363636363636365,0.5454545454545454,0.18181818181818182,0.45454545454545453,0.18181818181818182,0.13636363636363635,0.18181818181818182,0.09090909090909091,1.0,0.09090909090909091,0.9090909090909091,0.2727272727272727
80ca96438e0486d957c45a5e385e4dfaa69a1d25e930801dd8f871b587b943d8,71324347#0,-101746498#2,0.5454545454545454,0.5454545454545454,0.2727272727272727,0.36363636363636365,0.6363636363636364,0.36363636363636365,0.6363636363636364,0.5454545454545454,0.45454545454545453,0.36363636363636365,0.36363636363636365,0.45454545454545453,0.7272727272727273,0.18181818181818182,0.6818181818181818,0.09090909090909091,0.5909090909090909
7eacc1f9b1e5afc82f0731c761f8e1af1c9e32d4776b89bd7ec925e39e7c1d01,71324347#0,-101746498#2,0.8181818181818182,0.9090909090909091,0.7272727272727273,0.5454545454545454,0.8181818181818182,0.8181818181818182,0.09090909090909091,0.9090909090909091,0.45454545454545453,0.6363636363636364,0.7272727272727273,0.7272727272727273,0.45454545454545453,0.5454545454545454,0.2727272727272727,0.6363636363636364,0.18181818181818182
b2152c5e59b7581f6790045f9956e0b90d27b616d217d57b91a895c4eb78e7f4,71324347#0,-101746498#2,0.09090909090909091,0.36363636363636365,0.8181818181818182,0.7272727272727273,0.9090909090909091,0.36363636363636365,0.18181818181818182,0.7272727272727273,0.45454545454545453,0.5454545454545454,0.5454545454545454,0.6363636363636364,0.5454545454545454,0.6363636363636364,0.6818181818181818,0.0,0.5909090909090909
1ce5d43296124197f9b8dac597ad399b9ecb90d8998fd6227544a85558d48ee3,71324347#0,-101746498#2,0.6363636363636364,0.7272727272727273,0.9090909090909091,0.9090909090909091,1.0,1.0,0.0,1.0,0.45454545454545453,0.7272727272727273,0.9090909090909091,0.9090909090909091,0.9090909090909091,0.36363636363636365,0.9090909090909091,0.18181818181818182,0.9090909090909091
25a8e606becd009edbf59c97498a166c80cd02372dcca6c1967904d4a08be113,71324347#0,-101746498#2,0.45454545454545453,0.45454545454545453,0.5454545454545454,0.2727272727272727,0.7272727272727273,0.36363636363636365,0.45454545454545453,0.6363636363636364,0.45454545454545453,0.45454545454545453,0.45454545454545453,0.5454545454545454,0.18181818181818182,0.8181818181818182,0.18181818181818182,0.5454545454545454,0.09090909090909091
4d1dfc7f1c6556d91650d302fda918b19cd4f0eefb007f996a0e1f8d8788eab7,71324347#0,-101746498#2,1.0,1.0,1.0,0.6363636363636364,0.5454545454545454,0.36363636363636365,1.0,0.45454545454545453,1.0,0.9090909090909091,0.6363636363636364,0.18181818181818182,0.6363636363636364,0.9090909090909091,1.0,1.0,0.9090909090909091
47cbbeed0cd55e49af2ad28b2ee40b0dba043a862e47385b25831b12b0618a99,297823019#4,-101787498,0.36363636363636365,0.09090909090909091,0.36363636363636365,0.2727272727272727,0.36363636363636365,0.45454545454545453,0.8181818181818182,0.5454545454545454,0.9090909090909091,0.5454545454545454,0.9090909090909091,0.7272727272727273,0.09090909090909091,0.18181818181818182,0.4090909090909091,0.09090909090909091,0.045454545454545456
dc0a05678f1eec6266867b9379102b00e7f70a00e6b2897151462dd7ba6dd6eb,297823019#4,-101787498,0.45454545454545453,0.45454545454545453,0.9090909090909091,0.9090909090909091,0.2727272727272727,0.9090909090909091,0.2727272727272727,0.8181818181818182,0.5454545454545454,0.36363636363636365,0.7272727272727273,0.36363636363636365,0.45454545454545453,0.6363636363636364,0.7272727272727273,0.5454545454545454,0.36363636363636365
fd0a98b12ee68e5728f9a5e9cd057ce1c92b900f1d7bf8d814baace3b0b7b996,297823019#4,-101787498,0.18181818181818182,0.0,0.2727272727272727,0.18181818181818182,0.6363636363636364,0.5454545454545454,0.36363636363636365,0.6363636363636364,1.0,0.6363636363636364,0.5454545454545454,0.8181818181818182,0.0,0.5454545454545454,0.2727272727272727,0.0,0.045454545454545456
9079f6536e137defd10263fad4d4f9bdaed154715198a87928bfb3156668f81e,297823019#4,-101787498,0.5454545454545454,0.5454545454545454,0.45454545454545453,0.45454545454545453,0.8181818181818182,0.2727272727272727,0.18181818181818182,0.36363636363636365,0.45454545454545453,0.2727272727272727,0.0,0.2727272727272727,0.5454545454545454,0.36363636363636365,0.8181818181818182,0.45454545454545453,0.45454545454545453
d69722fa8813c01a499ad067b76c3f5eb9a7fdfe94b04e16ec1a9c506e37ed78,297823019#4,-101787498,0.6363636363636364,0.6363636363636364,0.6818181818181818,0.6818181818181818,0.7272727272727273,0.18181818181818182,0.7272727272727273,0.18181818181818182,0.36363636363636365,1.0,1.0,0.18181818181818182,0.6363636363636364,0.45454545454545453,0.18181818181818182,0.6363636363636364,0.5454545454545454
5b980ccc5415825ed3e6f39d82834f0ed14c6fdb8e2c51b3b5e19298a488471c,297823019#4,-101787498,1.0,1.0,0.0,0.36363636363636365,0.09090909090909091,0.36363636363636365,0.6363636363636364,1.0,0.0,0.9090909090909091,0.36363636363636365,0.0,1.0,0.2727272727272727,1.0,1.0,0.9545454545454546
76c897c4de93ae936fc8203761d87ba20244a7963d6af75ab3d698f373b041ad,297823019#4,-101787498,0.09090909090909091,0.2727272727272727,0.6818181818181818,0.6818181818181818,0.9090909090909091,0.0,0.45454545454545453,0.09090909090909091,0.7272727272727273,0.0,0.8181818181818182,0.5454545454545454,0.2727272727272727,0.7272727272727273,0.09090909090909091,0.8181818181818182,0.7272727272727273
932e97e7ae6a9bf5d356fbdeff15517c097fc42a5fd94e18fdb747322701a23c,297823019#4,-101787498,0.8181818181818182,0.8181818181818182,0.09090909090909091,0.0,0.18181818181818182,0.7272727272727273,0.9090909090909091,0.45454545454545453,0.18181818181818182,0.8181818181818182,0.09090909090909091,1.0,0.8181818181818182,0.09090909090909091,0.5454545454545454,0.18181818181818182,0.22727272727272727
b624df3ebdaf5e23fb7977d9fa33cb3da72a17cbe9e9251c8f66b11e1e861744,297823019#4,-101787498,0.9090909090909091,0.9090909090909091,0.18181818181818182,0.09090909090909091,0.0,0.6363636363636364,1.0,0.2727272727272727,0.09090909090909091,0.7272727272727273,0.6363636363636364,0.9090909090909091,0.9090909090909091,0.0,0.9090909090909091,0.2727272727272727,0.22727272727272727
f919d5a275b75e517b5af782fcc5db62b66477619102422ea07b2f4f32cf0213,297823019#4,-101787498,0.2727272727272727,0.36363636363636365,0.8181818181818182,0.8181818181818182,0.5454545454545454,1.0,0.0,0.9090909090909091,0.6363636363636364,0.45454545454545453,0.2727272727272727,0.45454545454545453,0.36363636363636365,0.8181818181818182,0.4090909090909091,0.36363636363636365,0.6363636363636364
90ebecad86b7e6493257b055b75a0f3b46ccadd99c32db4af59a6cb9af6dc3eb,297823019#4,-101787498,0.7272727272727273,0.7272727272727273,1.0,1.0,0.45454545454545453,0.8181818181818182,0.5454545454545454,0.7272727272727273,0.2727272727272727,0.18181818181818182,0.18181818181818182,0.09090909090909091,0.7272727272727273,0.9090909090909091,0.6363636363636364,0.9090909090909091,0.8181818181818182
03be80a52ece208ea6b35b2bae7bca302c406c66d2072506aca0874660afaf84,297823019#4,-101787498,0.0,0.18181818181818182,0.5454545454545454,0.5454545454545454,1.0,0.09090909090909091,0.09090909090909091,0.0,0.8181818181818182,0.09090909090909091,0.45454545454545453,0.6363636363636364,0.18181818181818182,1.0,0.0,0.7272727272727273,0.9545454545454546
658fe2930207893fff37b9c7c553696b019557f1e49777b538d8ba221bb617bc,-47374665#1,-100468681#0,0.5454545454545454,0.8181818181818182,0.18181818181818182,0.09090909090909091,0.5454545454545454,0.2727272727272727,0.6363636363636364,0.5454545454545454,0.5454545454545454,1.0,1.0,1.0,0.6363636363636364,0.2727272727272727,0.5454545454545454,0.18181818181818182,0.5454545454545454
8bc3e57d0f8aea40b0f6254b1e7547e7e3fdb6d15677fa231340e16422ff8113,-47374665#1,-100468681#0,0.0,0.0,0.9090909090909091,0.7272727272727273,0.45454545454545453,1.0,0.2727272727272727,0.45454545454545453,0.18181818181818182,0.18181818181818182,0.2727272727272727,0.36363636363636365,0.0,0.36363636363636365,0.0,0.2727272727272727,0.0
752a0f23241f2600cc9a3b15711bfbe99f30e6fcf4387b3d416a93b1cd729ea5,-47374665#1,-100468681#0,1.0,1.0,0.5454545454545454,0.5454545454545454,0.09090909090909091,0.09090909090909091,1.0,0.0,0.18181818181818182,0.2727272727272727,0.36363636363636365,0.09090909090909091,1.0,0.0,1.0,0.9090909090909091,0.7727272727272727
5f322bc654ecb6c4a9c1286d842e6b2b53ee8cc3218b076c756034f86952a4fa,-47374665#1,-100468681#0,0.18181818181818182,0.2727272727272727,0.6363636363636364,0.2727272727272727,1.0,0.8181818181818182,0.0,1.0,0.9090909090909091,0.0,0.09090909090909091,0.0,0.2727272727272727,0.9090909090909091,0.45454545454545453,0.6363636363636364,0.7727272727272727
5874360f45b824675bdc84df390ce1c03d74bac40768b48f0db3ecc8fecfd7f5,-47374665#1,-100468681#0,0.7272727272727273,0.5454545454545454,0.7272727272727273,0.9090909090909091,0.7272727272727273,0.7272727272727273,0.09090909090909091,0.8181818181818182,0.8181818181818182,0.45454545454545453,0.6363636363636364,0.6363636363636364,0.9090909090909091,1.0,0.36363636363636365,0.45454545454545453,0.2727272727272727
540121f30f0346259985091acf836ef524d8f89dbc3429fdd613c4794235d341,-47374665#1,-100468681#0,0.36363636363636365,0.36363636363636365,0.36363636363636365,0.36363636363636365,0.2727272727272727,0.5454545454545454,0.7272727272727273,0.18181818181818182,0.18181818181818182,0.6363636363636364,0.8181818181818182,0.8181818181818182,0.36363636363636365,0.18181818181818182,0.18181818181818182,0.0,0.9545454545454546
c7c89c99e28843a85559fbaaf7cf8c96c1f181be4b7696ecdf3e7e60814bcf4a,-47374665#1,-100468681#0,0.8181818181818182,0.45454545454545453,0.09090909090909091,0.8181818181818182,0.18181818181818182,0.45454545454545453,0.5454545454545454,0.6363636363636364,0.18181818181818182,0.5454545454545454,0.7272727272727273,0.7272727272727273,0.8181818181818182,0.09090909090909091,0.2727272727272727,0.09090909090909091,0.6363636363636364
db200f02ed8fa68c5dd06dcb0872551744465acb77193b46e167125fce6fc871,-47374665#1,-100468681#0,0.6363636363636364,0.7272727272727273,1.0,1.0,0.0,0.36363636363636365,0.8181818181818182,0.09090909090909091,0.6363636363636364,0.36363636363636365,0.0,0.18181818181818182,0.5454545454545454,0.8181818181818182,0.9090909090909091,1.0,0.9545454545454546
4fd9621d53480c0fde004df5c52c82aad9be4d82464339ad3b3070cc06f611a7,-47374665#1,-100468681#0,0.09090909090909091,0.09090909090909091,0.8181818181818182,0.6363636363636364,0.36363636363636365,0.9090909090909091,0.36363636363636365,0.36363636363636365,0.18181818181818182,0.09090909090909091,0.18181818181818182,0.2727272727272727,0.09090909090909091,0.5454545454545454,0.09090909090909091,0.36363636363636365,0.09090909090909091
9dabcf1966304b12e32514cac7d99101765c5e0f3a2b80a5085d8a846731fa99,-47374665#1,-100468681#0,0.9090909090909091,0.9090909090909091,0.2727272727272727,0.45454545454545453,0.8181818181818182,0.18181818181818182,0.45454545454545453,0.7272727272727273,0.45454545454545453,0.8181818181818182,0.45454545454545453,0.45454545454545453,0.7272727272727273,0.6363636363636364,0.8181818181818182,0.8181818181818182,0.36363636363636365
2bb9a3c4b2594399f978349823b384e017fbd839686eab2d7183c32a121d8cc2,-47374665#1,-100468681#0,0.2727272727272727,0.18181818181818182,0.0,0.0,0.9090909090909091,0.6363636363636364,0.18181818181818182,0.9090909090909091,1.0,0.7272727272727273,0.9090909090909091,0.9090909090909091,0.18181818181818182,0.45454545454545453,0.6363636363636364,0.5454545454545454,0.45454545454545453
f500bf454ba6e951df95c7fd65d62212d2a108b360d67ae4e000e7281d1544e9,-47374665#1,-100468681#0,0.45454545454545453,0.6363636363636364,0.45454545454545453,0.18181818181818182,0.6363636363636364,0.0,0.9090909090909091,0.2727272727272727,0.7272727272727273,0.9090909090909091,0.5454545454545454,0.5454545454545454,0.45454545454545453,0.7272727272727273,0.7272727272727273,0.7272727272727273,0.18181818181818182
a346d695e4bb2693277e9bbea6e763192cf6d93da9b6873d37464e5b89ba22ae,-297823024,101767915#1,0.8181818181818182,0.7272727272727273,0.18181818181818182,0.0,0.5454545454545454,0.0,1.0,0.0,0.2727272727272727,0.7272727272727273,0.0,0.18181818181818182,0.8181818181818182,0.09090909090909091,0.5909090909090909,0.36363636363636365,0.0
17c670e4bf3d386c8efdfbea32b25b103d5b83f729e71939c328953c781f95c0,-297823024,101767915#1,0.36363636363636365,0.36363636363636365,0.45454545454545453,0.36363636363636365,0.45454545454545453,0.5454545454545454,0.36363636363636365,0.45454545454545453,0.6363636363636364,0.2727272727272727,0.8181818181818182,0.5454545454545454,0.45454545454545453,0.2727272727272727,0.45454545454545453,0.09090909090909091,0.45454545454545453
e3de761d4a3b334ee582a278b79e1dab3ea6104a8d9c849416bfbcd433e14b18,-297823024,101767915#1,0.2727272727272727,0.2727272727272727,0.36363636363636365,0.2727272727272727,0.9090909090909091,0.6363636363636364,0.18181818181818182,0.6363636363636364,0.7272727272727273,0.36363636363636365,0.18181818181818182,0.6363636363636364,0.36363636363636365,0.45454545454545453,0.2727272727272727,0.18181818181818182,0.5454545454545454
36873bfe1e079043f5edb86c34f8cd476b1afeb4d1304204a350218d3b58cfc1,-297823024,101767915#1,0.09090909090909091,0.0,0.5454545454545454,0.45454545454545453,0.6363636363636364,0.8181818181818182,0.2727272727272727,0.5454545454545454,1.0,0.5454545454545454,1.0,0.9090909090909091,0.0,0.36363636363636365,0.36363636363636365,0.0,0.36363636363636365
1988cc206667600c427c904b1bbb09099eff9f4a748f161cc6597d311ad5bb2d,-297823024,101767915#1,0.5454545454545454,0.6363636363636364,0.2727272727272727,0.09090909090909091,0.8181818181818182,0.18181818181818182,0.6363636363636364,0.09090909090909091,0.36363636363636365,0.0,0.09090909090909091,0.2727272727272727,0.5454545454545454,0.7272727272727273,0.8181818181818182,0.5454545454545454,0.18181818181818182
124a2274f0ce860cb225799e2cd3e9a73bf68b84c0c5bd24d717d40867e39989,-297823024,101767915#1,0.9090909090909091,0.45454545454545453,0.0,0.18181818181818182,0.0,0.09090909090909091,0.8181818181818182,1.0,0.5454545454545454,1.0,0.7272727272727273,0.45454545454545453,0.2727272727272727,1.0,0.9090909090909091,0.8181818181818182,0.2727272727272727
29a70b8b960928e2fb726300f44a2bb268d067440db4c0e651d13c3de8eda369,-297823024,101767915#1,0.7272727272727273,0.9090909090909091,0.6363636363636364,0.5454545454545454,0.7272727272727273,0.36363636363636365,0.45454545454545453,0.2727272727272727,0.09090909090909091,0.6363636363636364,0.36363636363636365,0.0,0.9090909090909091,0.18181818181818182,0.7272727272727273,0.45454545454545453,0.6363636363636364
19afc1f7c5119bb65cd9b6a2c40eba1f57a3a40bb9a497c83ca1f4a1bd1c6866,-297823024,101767915#1,0.45454545454545453,0.5454545454545454,0.9545454545454546,0.9545454545454546,0.36363636363636365,0.9090909090909091,0.09090909090909091,0.7272727272727273,0.45454545454545453,0.18181818181818182,0.6363636363636364,0.36363636363636365,0.6363636363636364,0.5454545454545454,0.09090909090909091,0.6363636363636364,0.9090909090909091
cf8add996c61c74d9d20349fc07a19a5569c97dddbed9175417eed8b78947e63,-297823024,101767915#1,0.6363636363636364,0.8181818181818182,0.7272727272727273,0.6363636363636364,0.18181818181818182,0.45454545454545453,0.7272727272727273,0.18181818181818182,0.18181818181818182,0.09090909090909091,0.45454545454545453,0.09090909090909091,0.7272727272727273,0.0,0.5909090909090909,0.2727272727272727,0.09090909090909091
fd4bc353d3596251fb473dedc965e6ae83b5d1359bd9ba67fb597684da546224,-297823024,101767915#1,0.0,0.18181818181818182,0.9545454545454546,0.9545454545454546,1.0,1.0,0.0,0.8181818181818182,0.8181818181818182,0.45454545454545453,0.2727272727272727,0.7272727272727273,0.18181818181818182,0.6363636363636364,0.0,0.7272727272727273,0.9090909090909091
255c3554fb3b821632e5bb900d4e1472cfa7f5618c1515e2291462e7b8eefae6,-297823024,101767915#1,1.0,1.0,0.09090909090909091,0.8181818181818182,0.09090909090909091,0.2727272727272727,0.9090909090909091,0.9090909090909091,0.0,0.9090909090909091,0.5454545454545454,1.0,1.0,0.9090909090909091,1.0,1.0,0.9090909090909091
2270c5fc9a7b0d99e27bcf32a7c6e2079df41c9be58e87764ec296f1afefb3f5,-297823024,101767915#1,0.18181818181818182,0.09090909090909091,0.8181818181818182,0.7272727272727273,0.2727272727272727,0.7272727272727273,0.5454545454545454,0.36363636363636365,0.9090909090909091,0.8181818181818182,0.9090909090909091,0.8181818181818182,0.09090909090909091,0.8181818181818182,0.18181818181818182,0.9090909090909091,0.7272727272727273
52e6b5ad22bdfc4ef670d4fe28c937a948bfc6600e8b8b77765cc34e53884339,-101611601,-1323419243,0.2727272727272727,0.2727272727272727,0.36363636363636365,0.2727272727272727,0.45454545454545453,0.6363636363636364,0.6363636363636364,0.5454545454545454,0.7272727272727273,0.2727272727272727,0.6363636363636364,0.3181818181818182,0.2727272727272727,0.09090909090909091,0.2727272727272727,0.09090909090909091,0.4090909090909091
8588bdb2ce49fb41eafb05a155853903e37153e13a34b436af7305f3f2517dc7,-101611601,-1323419243,0.9090909090909091,0.9090909090909091,0.45454545454545453,0.9090909090909091,0.09090909090909091,0.36363636363636365,0.9090909090909091,0.8181818181818182,0.09090909090909091,0.8181818181818182,0.8181818181818182,0.9090909090909091,0.9090909090909091,0.7272727272727273,0.45454545454545453,0.45454545454545453,0.7272727272727273
8e3487428692284c0e310d650ad3762268406555f93789f2dc7800f9567bb5bb,-101611601,-1323419243,1.0,1.0,0.5454545454545454,1.0,0.2727272727272727,0.18181818181818182,0.7272727272727273,0.7272727272727273,0.0,1.0,1.0,0.8181818181818182,1.0,0.9090909090909091,1.0,0.9090909090909091,0.4090909090909091
1c57b7a399915fa72709eaababd5eb5eb099d737d738fd89d86e80639616fc05,-101611601,-1323419243,0.09090909090909091,0.09090909090909091,0.09090909090909091,0.09090909090909091,0.5454545454545454,0.8181818181818182,0.5454545454545454,0.6363636363636364,0.9090909090909091,0.45454545454545453,0.7272727272727273,0.3181818181818182,0.09090909090909091,0.0,0.18181818181818182,0.2727272727272727,0.2727272727272727
782c4816c06891c48085d0d86dfc68692d67b0c808165ab30ad68eb0bde99674,-101611601,-1323419243,0.0,0.0,0.0,0.0,0.7272727272727273,0.9090909090909091,0.0,0.36363636363636365,1.0,0.5454545454545454,0.045454545454545456,0.3181818181818182,0.0,0.18181818181818182,0.0,0.18181818181818182,0.0
8ec9855c53cdd054ec4479cb8846757beb8c204ba04299314cc482c15fbc2b6a,-101611601,-1323419243,0.6363636363636364,0.6363636363636364,0.8181818181818182,0.5454545454545454,0.8181818181818182,0.045454545454545456,0.45454545454545453,0.18181818181818182,0.36363636363636365,0.0,0.2727272727272727,0.3181818181818182,0.6363636363636364,0.6363636363636364,0.9090909090909091,0.6363636363636364,0.9545454545454546
4a4457363ebfaadbd5eaa5bfb408245e964517b3a6fce62ee884b1cdc300c0f2,-101611601,-1323419243,0.8181818181818182,0.7272727272727273,0.18181818181818182,0.8181818181818182,0.18181818181818182,0.5454545454545454,0.8181818181818182,1.0,0.2727272727272727,0.9090909090909091,0.9090909090909091,1.0,0.7272727272727273,0.8181818181818182,0.36363636363636365,0.36363636363636365,0.5909090909090909
9f1f0831d6533187ee10f43f7e6fb4c63c0d54eec3bfeade2dbf2539ff10e4fa,-101611601,-1323419243,0.5454545454545454,0.5454545454545454,1.0,0.7272727272727273,0.36363636363636365,1.0,0.2727272727272727,0.9090909090909091,0.45454545454545453,0.18181818181818182,0.36363636363636365,0.3181818181818182,0.5454545454545454,0.36363636363636365,0.6818181818181818,1.0,0.18181818181818182
0cb6b3945bb836c69f936666e65d85bec04b5d95d17771cf5d0aa33001ae3249,-101611601,-1323419243,0.18181818181818182,0.18181818181818182,0.2727272727272727,0.18181818181818182,0.6363636363636364,0.7272727272727273,0.09090909090909091,0.45454545454545453,0.8181818181818182,0.36363636363636365,0.045454545454545456,0.3181818181818182,0.18181818181818182,0.2727272727272727,0.09090909090909091,0.0,0.09090909090909091
b2fcba960f7e26e086409a2878a3dc988ef2010c8352b50d9c90e2e095d5c4f3,-101611601,-1323419243,0.7272727272727273,0.8181818181818182,0.6363636363636364,0.36363636363636365,0.0,0.45454545454545453,1.0,0.0,0.18181818181818182,0.6363636363636364,0.18181818181818182,0.7272727272727273,0.8181818181818182,1.0,0.5454545454545454,0.8181818181818182,0.9545454545454546
5bf23ea6febb79f915f2fa8fc244ccbcc144c6ecd3cf51eeb00279bcd297d119,-101611601,-1323419243,0.45454545454545453,0.36363636363636365,0.7272727272727273,0.45454545454545453,0.9090909090909091,0.045454545454545456,0.36363636363636365,0.09090909090909091,0.6363636363636364,0.09090909090909091,0.5454545454545454,0.3181818181818182,0.36363636363636365,0.5454545454545454,0.8181818181818182,0.7272727272727273,0.8181818181818182
8f74dfd9445b1d2f8f4c8eeaa7c4b4d182f3dbf8fbe50165f192de993f08c4b0,-101611601,-1323419243,0.36363636363636365,0.45454545454545453,0.9090909090909091,0.6363636363636364,1.0,0.2727272727272727,0.18181818181818182,0.2727272727272727,0.5454545454545454,0.7272727272727273,0.45454545454545453,0.3181818181818182,0.45454545454545453,0.45454545454545453,0.6818181818181818,0.5454545454545454,0.5909090909090909
750d4296581757df04c3713fbce4c41b28758fa64b73a7d9713880363093e20d,-100488715#4,-101611601,0.9090909090909091,0.9090909090909091,0.0,0.0,1.0,0.36363636363636365,0.0,0.7272727272727273,0.6363636363636364,0.8181818181818182,0.8181818181818182,0.8181818181818182,0.9090909090909091,1.0,0.45454545454545453,0.7272727272727273,0.5454545454545454
8a9eb49a739790726d18dd0a01714ceb7e3d4436f609cf1c238e420d424b63a1,-100488715#4,-101611601,0.18181818181818182,0.18181818181818182,0.8181818181818182,0.8181818181818182,0.22727272727272727,0.36363636363636365,0.8181818181818182,0.18181818181818182,0.2727272727272727,0.18181818181818182,0.18181818181818182,0.22727272727272727,0.18181818181818182,0.36363636363636365,0.7727272727272727,0.5454545454545454,0.7272727272727273
e981b0ad23c2c75140b6b5a2bf264546564cbc1e10712f0878851d0db69fb8bd,-100488715#4,-101611601,0.2727272727272727,0.2727272727272727,0.7272727272727273,0.7272727272727273,0.22727272727272727,0.36363636363636365,0.8181818181818182,0.18181818181818182,0.2727272727272727,0.18181818181818182,0.18181818181818182,0.22727272727272727,0.2727272727272727,0.7272727272727273,0.6363636363636364,0.45454545454545453,0.45454545454545453
3be498e3eb64774b0e6d7703ef1b6c3b5b4af7b59d449e31df0819617fe85b1e,-100488715#4,-101611601,0.0,0.0,0.6363636363636364,0.6363636363636364,0.22727272727272727,0.36363636363636365,0.8181818181818182,0.18181818181818182,0.2727272727272727,0.18181818181818182,0.18181818181818182,0.22727272727272727,0.09090909090909091,0.2727272727272727,0.0,0.09090909090909091,0.045454545454545456
67a616e7cd7103a118b583d79d6093cec30509c14908efb57b37d8ecd3b5b014,-100488715#4,-101611601,0.5454545454545454,0.36363636363636365,0.45454545454545453,0.45454545454545453,0.6363636363636364,1.0,0.2727272727272727,0.8181818181818182,0.2727272727272727,0.7272727272727273,0.7272727272727273,0.7272727272727273,0.45454545454545453,0.18181818181818182,0.2727272727272727,0.9090909090909091,0.7272727272727273
8bae5fe2b2d137f8d1bbd97028bd1db6a47e6a94b2e827a10646b8361381da89,-100488715#4,-101611601,0.6363636363636364,0.6363636363636364,0.2727272727272727,0.2727272727272727,0.7272727272727273,0.36363636363636365,0.36363636363636365,0.6363636363636364,0.9090909090909091,0.5454545454545454,0.5454545454545454,0.5454545454545454,0.6363636363636364,0.8181818181818182,0.36363636363636365,0.2727272727272727,0.2727272727272727
c4ca233cd6d32a41aca7ab3bbb7fb678bab356ed26fe5a89d035c7b9b644a0ee,-100488715#4,-101611601,0.45454545454545453,0.5454545454545454,0.36363636363636365,0.36363636363636365,0.5454545454545454,0.36363636363636365,0.45454545454545453,0.5454545454545454,1.0,0.6363636363636364,0.6363636363636364,0.6363636363636364,0.5454545454545454,0.5454545454545454,0.18181818181818182,0.18181818181818182,0.18181818181818182
f531cf18a8504b3aaaf2d51356f3653f4558e0eaee071ab3ec5cee31107c2a3e,-100488715#4,-101611601,0.7272727272727273,0.7272727272727273,0.09090909090909091,0.09090909090909091,0.8181818181818182,0.9090909090909091,0.18181818181818182,0.9090909090909091,0.8181818181818182,1.0,1.0,1.0,0.7272727272727273,0.9090909090909091,0.5454545454545454,0.36363636363636365,0.36363636363636365
2582bb3056f8b5831a03febd0e8f1729db2dd4decae56f6e079127117a38bccc,-100488715#4,-101611601,0.36363636363636365,0.45454545454545453,0.9090909090909091,0.9090909090909091,0.22727272727272727,0.36363636363636365,0.8181818181818182,0.18181818181818182,0.2727272727272727,0.18181818181818182,0.18181818181818182,0.22727272727272727,0.36363636363636365,0.09090909090909091,0.7727272727272727,0.6363636363636364,0.7272727272727273
c0837b1864820b6d1eee2e991a411bf760952aa1d05657404f22931f4713caf8,-100488715#4,-101611601,0.09090909090909091,0.09090909090909091,0.5454545454545454,0.5454545454545454,0.22727272727272727,0.36363636363636365,0.8181818181818182,0.18181818181818182,0.2727272727272727,0.18181818181818182,0.18181818181818182,0.22727272727272727,0.0,0.6363636363636364,0.09090909090909091,0.0,0.045454545454545456
169718cbdb4ebb9b8479bff88328ad4fdf4dacc77c9304bca19015c4d02aa5e4,-100488715#4,-101611601,1.0,1.0,1.0,1.0,0.22727272727272727,0.36363636363636365,0.5454545454545454,0.45454545454545453,0.2727272727272727,0.45454545454545453,0.45454545454545453,0.22727272727272727,1.0,0.0,0.9090909090909091,1.0,0.9545454545454546
dcb8fe3565e74d403e6cb3158963f67726289e2d994a8c1a91e2d88008669c3b,-100488715#4,-101611601,0.8181818181818182,0.8181818181818182,0.18181818181818182,0.18181818181818182,0.9090909090909091,0.8181818181818182,0.09090909090909091,1.0,0.7272727272727273,0.9090909090909091,0.9090909090909091,0.9090909090909091,0.8181818181818182,0.45454545454545453,1.0,0.8181818181818182,0.9545454545454546
e4e6ff07c8ccff1db8724baa1b72de75a1b34e3b633dacc1a6d7a9c05a451937,868087112,416373452,0.0,0.0,1.0,0.0,1.0,0.5,0.0,0.0,1.0,0.0,1.0,0.0,0.0,0.0,0.0,0.5,0.5
abe13438eff7f1a20aec9ac0c3ed8f3cac1bd2c61ec0078e1b50b7d09fc9e428,868087112,416373452,1.0,1.0,0.0,1.0,0.0,0.5,1.0,1.0,0.0,1.0,0.0,1.0,1.0,1.0,1.0,0.5,0.5
64515ad7d5a48a085e2dbb5c513a0cb87d396c1be88e3a0b87ad5a42d4c1e414,75421017,-100468675#0,0.09090909090909091,0.09090909090909091,0.4090909090909091,0.4090909090909091,0.5,0.09090909090909091,0.9090909090909091,0.09090909090909091,0.5,0.13636363636363635,0.09090909090909091,0.09090909090909091,0.09090909090909091,0.9090909090909091,0.09090909090909091,0.2727272727272727,0.045454545454545456
acad3f59091abf82aaf015e0c52057ad79377268c54b54b0b01ce068fa9a38a1,75421017,-100468675#0,0.45454545454545453,0.9090909090909091,0.7272727272727273,1.0,0.5,0.9090909090909091,0.09090909090909091,1.0,0.5,1.0,1.0,1.0,0.9090909090909091,0.18181818181818182,0.9545454545454546,1.0,0.9545454545454546
884856aacc2e1e6e682759569190646cdbca2690da64763a08aac2d0314d32ea,75421017,-100468675#0,0.0,0.0,0.4090909090909091,0.4090909090909091,0.5,0.09090909090909091,0.9090909090909091,0.09090909090909091,0.5,0.13636363636363635,0.09090909090909091,0.09090909090909091,0.0,1.0,0.0,0.36363636363636365,0.045454545454545456
a76245eed49b6f51eaea3ddb54fbe9ce51f0672334f43254e643a9c5375d403c,75421017,-100468675#0,0.9090909090909091,0.5454545454545454,0.13636363636363635,0.13636363636363635,0.5,0.45454545454545453,0.5454545454545454,0.45454545454545453,0.5,0.6363636363636364,0.6363636363636364,0.6363636363636364,0.5454545454545454,0.09090909090909091,0.7272727272727273,0.18181818181818182,0.5
8cc598cc794b185a3689e1f648e2dcf24c06f282452210e5469874239408e3ea,75421017,-100468675#0,0.7272727272727273,0.45454545454545453,0.2727272727272727,0.2727272727272727,0.5,0.09090909090909091,0.9090909090909091,0.09090909090909091,0.5,0.13636363636363635,0.09090909090909091,0.09090909090909091,0.45454545454545453,0.2727272727272727,0.18181818181818182,0.0,0.22727272727272727
99af44f5dcc68ff185152540ac7a872a076e93a44420295e466b93cb6adb00e6,75421017,-100468675#0,0.6363636363636364,0.2727272727272727,0.0,0.0,0.5,0.5454545454545454,0.45454545454545453,0.5454545454545454,0.5,0.8181818181818182,0.8181818181818182,0.8181818181818182,0.18181818181818182,0.45454545454545453,0.5454545454545454,0.6363636363636364,0.7727272727272727
8ececf7358761d542e66043d95a3b91b03723f53360173c2c3b7b621ffeba143,75421017,-100468675#0,0.2727272727272727,0.8181818181818182,0.9090909090909091,0.7272727272727273,0.5,0.8181818181818182,0.18181818181818182,0.9090909090909091,0.5,0.36363636363636365,0.36363636363636365,0.36363636363636365,0.8181818181818182,0.8181818181818182,0.45454545454545453,0.7272727272727273,0.7727272727272727
b821ef5f7387387a20b4b8ce367b400b3d980fcdcff141cef5357a8990b32413,75421017,-100468675#0,0.8181818181818182,1.0,0.6363636363636364,0.6363636363636364,0.5,0.2727272727272727,0.7272727272727273,0.2727272727272727,0.5,0.9090909090909091,0.2727272727272727,0.2727272727272727,1.0,0.6363636363636364,0.2727272727272727,0.09090909090909091,0.9545454545454546
fbf029c569a39046d7077eb84a2c48639951f97d82269ee0a5d67104113d6c3a,75421017,-100468675#0,0.36363636363636365,0.7272727272727273,0.8181818181818182,0.9090909090909091,0.5,0.7272727272727273,0.2727272727272727,0.8181818181818182,0.5,0.45454545454545453,0.45454545454545453,0.45454545454545453,0.7272727272727273,0.36363636363636365,0.36363636363636365,0.8181818181818182,0.5
7e334b047dbe699ea1783329478800366c9a16d94a6ebb5f0014700d80cb8cf0,75421017,-100468675#0,0.5454545454545454,0.36363636363636365,0.5454545454545454,0.5454545454545454,0.5,0.6363636363636364,0.36363636363636365,0.6363636363636364,0.5,0.7272727272727273,0.7272727272727273,0.7272727272727273,0.36363636363636365,0.5454545454545454,0.8181818181818182,0.45454545454545453,0.5
bd23d523f469d71423a86154c2a607cac46b3c805632c4dfd010514e59f0716b,75421017,-100468675#0,0.18181818181818182,0.18181818181818182,1.0,0.8181818181818182,0.5,1.0,0.0,0.7272727272727273,0.5,0.13636363636363635,0.9090909090909091,0.9090909090909091,0.2727272727272727,0.7272727272727273,0.9545454545454546,0.9090909090909091,0.22727272727272727
bfc50b2381bb5cf2eedfeb3b3987007a22c92f5c66b77a5cccf857861ef34d6f,75421017,-100468675#0,1.0,0.6363636363636364,0.13636363636363635,0.13636363636363635,0.5,0.36363636363636365,0.6363636363636364,0.36363636363636365,0.5,0.5454545454545454,0.5454545454545454,0.5454545454545454,0.6363636363636364,0.0,0.6363636363636364,0.5454545454545454,0.5
fb88395c7bb2470387d8f7fbe1ed8133e63c1a5f0a1316a1beebc5448626959e,416409192#0,-416409191#0,0.3333333333333333,0.3333333333333333,0.6666666666666666,0.3333333333333333,0.5,0.5,0.5,0.5,0.5,0.5,0.5,0.5,0.3333333333333333,1.0,0.3333333333333333,0.0,0.5
983755e1cb31b1fe8945dcaa81cf9c17ed1f71c7cd5dff8a451ff8b6d1eee111,416409192#0,-416409191#0,0.6666666666666666,0.6666666666666666,0.0,0.0,0.5,0.5,0.5,0.5,0.5,0.5,0.5,0.5,0.6666666666666666,0.0,0.6666666666666666,1.0,0.5
f1799b576b3f2e706dbadb69a21c03501472fa55e9e10b2ff65f657e03de6a91,416409192#0,-416409191#0,0.0,0.0,0.6666666666666666,0.8333333333333334,0.5,0.5,0.5,0.5,0.5,0.5,0.5,0.5,0.0,0.6666666666666666,0.0,0.6666666666666666,0.5
02aa654dfdcae0639001cb2d35b81939933840befa3b4c75c765feb801aa9722,416409192#0,-416409191#0,1.0,1.0,0.6666666666666666,0.8333333333333334,0.5,0.5,0.5,0.5,0.5,0.5,0.5,0.5,1.0,0.3333333333333333,1.0,0.3333333333333333,0.5
dd8205b17061b3f5e0d82d57902bc4b538a360383925222b147f0b92eb457213,-282689975#2,-101594836#0,0.0,0.0,0.13636363636363635,0.3181818181818182,0.9090909090909091,0.5,0.09090909090909091,0.9090909090909091,1.0,1.0,1.0,1.0,0.0,0.9090909090909091,0.0,0.0,0.13636363636363635
0b0bf7ae581f2cad4ce3307912df785a33e2b83d754bbd969600245caf9ed6bd,-282689975#2,-101594836#0,0.36363636363636365,0.36363636363636365,0.0,0.0,0.5454545454545454,0.5,0.45454545454545453,0.5454545454545454,0.6363636363636364,0.6363636363636364,0.6363636363636364,0.6363636363636364,0.36363636363636365,1.0,0.45454545454545453,0.8181818181818182,0.0
7b330606fdc682d24040076d259957df97c31d4e740dac6d1abb3f1c04ff4497,-282689975#2,-101594836#0,0.2727272727272727,0.2727272727272727,0.5909090909090909,0.6818181818181818,0.6363636363636364,0.5,0.36363636363636365,0.6363636363636364,0.7272727272727273,0.7272727272727273,0.7272727272727273,0.7272727272727273,0.2727272727272727,0.6363636363636364,0.2727272727272727,0.45454545454545453,0.3181818181818182
f6e27d89056d2b6ac2fd377a53fb3878c82bb1aaad1770913ebc5893076f7459,-282689975#2,-101594836#0,0.18181818181818182,0.18181818181818182,0.13636363636363635,0.3181818181818182,0.7272727272727273,0.5,0.2727272727272727,0.7272727272727273,0.8181818181818182,0.8181818181818182,0.8181818181818182,0.8181818181818182,0.18181818181818182,0.7272727272727273,0.18181818181818182,0.36363636363636365,0.13636363636363635
8e9bcbd44aed766413c555c4f616b21838e11f8d97cd68e19f211d89e4f03fba,-282689975#2,-101594836#0,0.09090909090909091,0.09090909090909091,0.5909090909090909,0.6818181818181818,0.8181818181818182,0.5,0.18181818181818182,0.8181818181818182,0.9090909090909091,0.9090909090909091,0.9090909090909091,0.9090909090909091,0.09090909090909091,0.8181818181818182,0.09090909090909091,0.18181818181818182,0.3181818181818182
1ee715fcab29f7b8c2213f24b1a9ad2d1fcc34adb7c75cdde428538e41dd3958,-282689975#2,-101594836#0,0.45454545454545453,0.45454545454545453,0.3181818181818182,0.13636363636363635,0.45454545454545453,0.5,0.5454545454545454,0.45454545454545453,0.5454545454545454,0.5454545454545454,0.5454545454545454,0.5454545454545454,0.45454545454545453,0.18181818181818182,0.36363636363636365,0.09090909090909091,0.5
a8179480f039780a5c698fb0ed7655fb27f3fd1a3dd948c9e5059bfc66965481,-282689975#2,-101594836#0,0.8181818181818182,0.6363636363636364,0.3181818181818182,0.13636363636363635,0.2727272727272727,0.5,0.7272727272727273,0.2727272727272727,0.36363636363636365,0.36363636363636365,0.36363636363636365,0.36363636363636365,0.6363636363636364,0.0,0.7272727272727273,0.2727272727272727,0.5
c78047d0af464d7e5cd2d2002ba1c6dab49958efa07730765a84f4a49802fa29,-282689975#2,-101594836#0,1.0,1.0,0.7272727272727273,0.45454545454545453,0.18181818181818182,0.5,0.8181818181818182,0.18181818181818182,0.09090909090909091,0.0,0.0,0.0,1.0,0.5454545454545454,1.0,1.0,0.9545454545454546
7f89565e306b57fef8cd46bf3d06016cca30df9ea0f464c53606a02fee320206,-282689975#2,-101594836#0,0.7272727272727273,0.8181818181818182,1.0,1.0,1.0,0.5,0.0,1.0,0.0,0.18181818181818182,0.18181818181818182,0.18181818181818182,0.7272727272727273,0.45454545454545453,0.9090909090909091,0.9090909090909091,0.9545454545454546
1100e95f7f725aaa8d3ee8972840c05c620a826e9709af225700aed262cd5d81,-282689975#2,-101594836#0,0.5454545454545454,0.5454545454545454,0.8181818181818182,0.8181818181818182,0.36363636363636365,0.5,0.6363636363636364,0.36363636363636365,0.45454545454545453,0.45454545454545453,0.45454545454545453,0.45454545454545453,0.5454545454545454,0.36363636363636365,0.5454545454545454,0.6363636363636364,0.7272727272727273
5e07d471d31a52f152f02c2c1c77df85ac48facf93ab1caea3f37c16685fa794,-282689975#2,-101594836#0,0.6363636363636364,0.9090909090909091,0.9090909090909091,0.9090909090909091,0.0,0.5,1.0,0.0,0.18181818181818182,0.09090909090909091,0.09090909090909091,0.09090909090909091,0.8181818181818182,0.2727272727272727,0.6363636363636364,0.7272727272727273,0.8181818181818182
539d646b59d65da1cb4fe546967b947b99d7ac0ad40c58a9a9354bd7090b3590,-282689975#2,-101594836#0,0.9090909090909091,0.7272727272727273,0.45454545454545453,0.5454545454545454,0.09090909090909091,0.5,0.9090909090909091,0.09090909090909091,0.2727272727272727,0.2727272727272727,0.2727272727272727,0.2727272727272727,0.9090909090909091,0.09090909090909091,0.8181818181818182,0.5454545454545454,0.6363636363636364
a898c00ecb83fbbecb13ff8ccecc8cb8db93be44c79377b6d0f409df855e21ba,120511932#0,100475365#1,0.5,0.5,0.5,0.5,0.5,0.5,0.5,0.5,0.5,0.5,0.5,0.5,0.5,0.5,0.5,0.5,0.5
92797a70dca6b380f61e7a6552473017298b2dd7feee50d41586d77840aec293,-101604513#1,-100468675#0,0.18181818181818182,0.18181818181818182,0.13636363636363635,0.13636363636363635,0.5,0.22727272727272727,0.7727272727272727,0.22727272727272727,0.5,0.22727272727272727,0.22727272727272727,0.22727272727272727,0.09090909090909091,0.7272727272727273,0.18181818181818182,0.18181818181818182,0.2727272727272727
2d575d00895d7d557f249e64bbcb37912c5b807a9a81c6a6338233ff0618f2ce,-101604513#1,-100468675#0,0.7272727272727273,0.36363636363636365,0.0,0.0,0.5,0.22727272727272727,0.7727272727272727,0.22727272727272727,0.5,0.22727272727272727,0.22727272727272727,0.22727272727272727,0.36363636363636365,0.0,0.36363636363636365,0.5454545454545454,0.7272727272727273
15168fbb4834fe0f34ecbd6f7deb12e2401883f3e5f4186e0683e668d96e0f82,-101604513#1,-100468675#0,0.45454545454545453,0.5454545454545454,0.8181818181818182,0.9090909090909091,0.5,0.8181818181818182,0.18181818181818182,0.9090909090909091,0.5,0.9090909090909091,1.0,1.0,0.45454545454545453,0.18181818181818182,0.7272727272727273,0.6363636363636364,0.045454545454545456
2922f27d7bae7e19f1479ff8cf0f86130a54b39d2dd4451e0cab641c79c38f59,-101604513#1,-100468675#0,0.09090909090909091,0.09090909090909091,0.4090909090909091,0.4090909090909091,0.5,0.22727272727272727,0.7727272727272727,0.22727272727272727,0.5,0.22727272727272727,0.22727272727272727,0.22727272727272727,0.18181818181818182,1.0,0.09090909090909091,0.09090909090909091,0.5454545454545454
0c803d2b29b4fa7dc1ce63457596ac192d0ca732086ccfab397c336a6a8088ef,-101604513#1,-100468675#0,0.2727272727272727,0.2727272727272727,0.4090909090909091,0.4090909090909091,0.5,0.22727272727272727,0.7727272727272727,0.22727272727272727,0.5,0.22727272727272727,0.22727272727272727,0.22727272727272727,0.2727272727272727,0.8181818181818182,0.2727272727272727,0.0,0.5454545454545454
eb5d511a0d9941765bf60c93ece2d88535549b84b404588afad3a282233f2444,-101604513#1,-100468675#0,0.0,0.0,0.13636363636363635,0.13636363636363635,0.5,0.22727272727272727,0.7727272727272727,0.22727272727272727,0.5,0.22727272727272727,0.22727272727272727,0.22727272727272727,0.0,0.9090909090909091,0.0,0.2727272727272727,0.2727272727272727
688d9a6a0b6bf899c13ee1e0cdad08528e1ecd0574ff07e5a5f2a8d7be703019,-101604513#1,-100468675#0,0.9090909090909091,0.45454545454545453,0.2727272727272727,0.2727272727272727,0.5,0.22727272727272727,0.7727272727272727,0.22727272727272727,0.5,0.22727272727272727,0.22727272727272727,0.22727272727272727,0.7272727272727273,0.09090909090909091,0.45454545454545453,0.36363636363636365,0.8181818181818182
271413aad4138bb491931eb2f2f7d8c289b3f70923e1fc027f3c5701aa81aa9b,-101604513#1,-100468675#0,0.36363636363636365,0.6363636363636364,0.9090909090909091,0.6363636363636364,0.5,1.0,0.0,0.6363636363636364,0.5,0.8181818181818182,0.9090909090909091,0.9090909090909091,0.5454545454545454,0.6363636363636364,0.9545454545454546,0.8181818181818182,0.5454545454545454
cbc832bf018740f7ed40a1f7154c8c4f16596e721e251d6fd185ac07e7e7d56d,-101604513#1,-100468675#0,0.8181818181818182,0.7272727272727273,0.5454545454545454,0.5454545454545454,0.5,0.5454545454545454,0.45454545454545453,0.5454545454545454,0.5,1.0,0.8181818181818182,0.8181818181818182,0.6363636363636364,0.5454545454545454,0.5454545454545454,0.9090909090909091,0.9545454545454546
4d7eab46e25a7ca86ab0833fcc50bb7f0cfb4339209253a53d7e6ac03c8fd693,-101604513#1,-100468675#0,1.0,1.0,0.6363636363636364,0.7272727272727273,0.5,0.6363636363636364,0.36363636363636365,0.7272727272727273,0.5,0.5454545454545454,0.5454545454545454,0.5454545454545454,0.9090909090909091,0.45454545454545453,0.6363636363636364,1.0,0.9545454545454546
c4d917dd4f5394542edeb7eafaff27cfd3fbbfe86b17a33ca4a3f9c3749872d1,-101604513#1,-100468675#0,0.6363636363636364,0.9090909090909091,1.0,1.0,0.5,0.9090909090909091,0.09090909090909091,1.0,0.5,0.6363636363636364,0.6363636363636364,0.6363636363636364,1.0,0.2727272727272727,0.9545454545454546,0.7272727272727273,0.2727272727272727
b6c5a9fd36eae532e585d79dc9d61b684f7aacc6bd41950d15537c874b5ae377,-101604513#1,-100468675#0,0.5454545454545454,0.8181818181818182,0.7272727272727273,0.8181818181818182,0.5,0.7272727272727273,0.2727272727272727,0.8181818181818182,0.5,0.7272727272727273,0.7272727272727273,0.7272727272727273,0.8181818181818182,0.36363636363636365,0.8181818181818182,0.45454545454545453,0.045454545454545456
5ba41e7a27879de1637424df750982c1ec8deeb434768c5934dbd33532e83bc8,-100468675#0,-101604513#1,0.125,0.25,0.875,1.0,0.5,0.875,0.125,1.0,0.5,0.875,0.875,0.5,0.25,0.0,0.125,0.75,0.1875
1b55ef6f125033f6e92b83b3e656bfcf955520ecc785e3eeeec12f6599778c25,-100468675#0,-101604513#1,0.0,0.375,1.0,0.875,0.5,1.0,0.0,0.75,0.5,0.75,0.75,0.5,0.375,0.5,0.0,0.875,0.6875
6a5441c238068ea57ca5115c5fcb48967d31f65ee43a8a394787c4bc2664a593,-100468675#0,-101604513#1,0.25,0.0,0.125,0.125,0.5,0.0625,0.9375,0.0625,0.5,0.0625,0.0625,0.5,0.0,0.125,0.75,0.125,0.1875
8a1deba337e88c6d64051a2860008f069165eee4848864325bd9c1deb051523b,-100468675#0,-101604513#1,0.875,0.75,0.625,0.625,0.5,0.375,0.625,0.375,0.5,0.375,0.375,0.5,0.75,0.625,1.0,0.625,0.6875
0c2f93cb4d8ac30efafb174e984e98c7b2678d24cac2c8679a54e328bca88293,-100468675#0,-101604513#1,0.5,0.5,0.375,0.375,0.5,0.625,0.375,0.625,0.5,0.625,0.625,0.5,0.5,0.875,0.375,0.375,0.9375
b478140e1e4a9e70a6f8cd0c76c0c0dee633b24ed83ddf970e3cb6051c58b7a8,-100468675#0,-101604513#1,0.375,0.125,0.0,0.0,0.5,0.0625,0.9375,0.0625,0.5,0.0625,0.0625,0.5,0.125,0.25,0.625,0.0,0.0
90782605c9dd7706ef96c2e88f126518ff5d7d9d6de3d3a4bd494e32d25397e3,-100468675#0,-101604513#1,0.75,1.0,0.75,0.75,0.5,0.75,0.25,0.875,0.5,1.0,1.0,0.5,1.0,0.375,0.5,1.0,0.9375
8046a61354e1d55fd21d23d9ead1587a98a6d7f66ce8db71ebc4b39d3293605d,-100468675#0,-101604513#1,0.625,0.625,0.25,0.25,0.5,0.5,0.5,0.5,0.5,0.5,0.5,0.5,0.625,1.0,0.25,0.25,0.5
710a82cebe888bdd109e36eba37f9f43be4d8a7d9b7625696864bff7a6488a5c,-100468675#0,-101604513#1,1.0,0.875,0.5,0.5,0.5,0.25,0.75,0.25,0.5,0.25,0.25,0.5,0.875,0.75,0.875,0.5,0.375
113be3702ac9e608c2eaad942fe53d2e320b93eb66b6ab98eeed40cd3ba632bd,-416409190,-100468681#0,0.9090909090909091,0.9090909090909091,0.09090909090909091,0.36363636363636365,0.45454545454545453,0.6363636363636364,0.36363636363636365,0.5454545454545454,0.5,0.9090909090909091,1.0,1.0,0.45454545454545453,0.8181818181818182,0.09090909090909091,0.8181818181818182,0.09090909090909091
93b743b8a6b6c42f3943c5014f10864da5d8cee01ec3b23c6effc9de4b8f5a6d,-416409190,-100468681#0,0.36363636363636365,0.09090909090909091,0.2727272727272727,0.7272727272727273,0.45454545454545453,0.45454545454545453,0.6363636363636364,0.36363636363636365,0.5,0.7272727272727273,0.7272727272727273,0.8181818181818182,0.0,0.45454545454545453,0.8636363636363636,0.18181818181818182,0.7727272727272727
0946cece108dbdbc9dcb150a31d0a72db77fcdeb776ea4f4c3421d909b11ae8c,-416409190,-100468681#0,0.45454545454545453,0.7272727272727273,0.8181818181818182,0.18181818181818182,1.0,1.0,0.0,1.0,0.5,0.2727272727272727,0.09090909090909091,0.18181818181818182,0.9090909090909091,0.7272727272727273,0.18181818181818182,1.0,0.9545454545454546
17961ae376273058742ab2d3c6a8004313c78ea0f53568804af9ac1100e8e560,-416409190,-100468681#0,1.0,1.0,0.7272727272727273,1.0,0.45454545454545453,0.0,0.45454545454545453,0.9090909090909091,0.5,1.0,0.9090909090909091,0.0,0.8181818181818182,0.2727272727272727,1.0,0.5454545454545454,0.9545454545454546
36e6a255d276f07a9ca6def8d4d0b87727ef64b5aefb120589539d6aa310a775,-416409190,-100468681#0,0.5454545454545454,0.2727272727272727,0.45454545454545453,0.8181818181818182,0.45454545454545453,0.36363636363636365,0.7272727272727273,0.2727272727272727,0.5,0.6363636363636364,0.5454545454545454,0.6363636363636364,0.6363636363636364,0.0,0.5,0.2727272727272727,0.4090909090909091
29562e41d5dbc267c5a7866de215b4288496696ccaab51054150d68c1a80e511,-416409190,-100468681#0,0.2727272727272727,0.36363636363636365,1.0,0.0,0.45454545454545453,0.8181818181818182,0.18181818181818182,0.7272727272727273,0.5,0.0,0.45454545454545453,0.5454545454545454,0.09090909090909091,1.0,0.2727272727272727,0.7272727272727273,0.0
ce237b49fae2a2e6603fcaf7e2c22768ed1e4f4801bd8e4073bdc93b14f1c91f,-416409190,-100468681#0,0.7272727272727273,0.5454545454545454,0.36363636363636365,0.5454545454545454,0.45454545454545453,0.18181818181818182,0.9090909090909091,0.09090909090909091,0.5,0.45454545454545453,0.2727272727272727,0.36363636363636365,0.7272727272727273,0.18181818181818182,0.7272727272727273,0.09090909090909091,0.6363636363636364
b8b4bea5abff152eec22986f9d0974450f8ffc318f9eecd98f5d349995b8ed56,-416409190,-100468681#0,0.8181818181818182,0.8181818181818182,0.0,0.45454545454545453,0.45454545454545453,0.09090909090909091,1.0,0.0,0.5,0.18181818181818182,0.0,0.09090909090909091,1.0,0.6363636363636364,0.6363636363636364,0.6363636363636364,0.5454545454545454
9090c571452d2bb24fb74d511362b1528c3ad00b20e73133c2338dddad88ecc3,-416409190,-100468681#0,0.0,0.18181818181818182,0.6363636363636364,0.2727272727272727,0.45454545454545453,0.9090909090909091,0.09090909090909091,0.8181818181818182,0.5,0.09090909090909091,0.6363636363636364,0.7272727272727273,0.5454545454545454,0.9090909090909091,0.0,0.9090909090909091,0.2727272727272727
2be9ba398ea68a849ffc41634e15abc47bf3a813e138639b82281df7601efdff,-416409190,-100468681#0,0.18181818181818182,0.6363636363636364,0.9090909090909091,0.09090909090909091,0.45454545454545453,0.7272727272727273,0.2727272727272727,0.6363636363636364,0.5,0.36363636363636365,0.18181818181818182,0.2727272727272727,0.2727272727272727,0.5454545454545454,0.36363636363636365,0.45454545454545453,0.18181818181818182
13cf2dddada6ae614e72d22961175da036e41f0c9735a042731cbddf87d6af7b,-416409190,-100468681#0,0.09090909090909091,0.0,0.18181818181818182,0.9090909090909091,0.45454545454545453,0.5454545454545454,0.5454545454545454,0.45454545454545453,0.5,0.8181818181818182,0.8181818181818182,0.9090909090909091,0.36363636363636365,0.36363636363636365,0.5,0.36363636363636365,0.4090909090909091
85f8bb45bd2da78420f1740faf3ff7e8191e2900b4a767deca2905fd91f12789,-416409190,-100468681#0,0.6363636363636364,0.45454545454545453,0.5454545454545454,0.6363636363636364,0.45454545454545453,0.2727272727272727,0.8181818181818182,0.18181818181818182,0.5,0.5454545454545454,0.36363636363636365,0.45454545454545453,0.18181818181818182,0.09090909090909091,0.8636363636363636,0.0,0.7727272727272727
9cf6f50488e1545ac21c2a2e250d7e6f9f937efa367890d2af0bc7c2abf6b1b1,297823019#3,-71324343#0,1.0,1.0,0.09090909090909091,0.09090909090909091,0.0,0.8181818181818182,0.8181818181818182,0.5454545454545454,0.45454545454545453,0.45454545454545453,0.0,0.09090909090909091,0.9090909090909091,0.0,0.6363636363636364,1.0,0.9545454545454546
bc566e81d05a0cfeb31b99554a44ed497d0b5b918fb813dc39dcb6d562e2338a,297823019#3,-71324343#0,0.6363636363636364,0.6363636363636364,0.5,0.5,0.45454545454545453,0.36363636363636365,0.7272727272727273,0.18181818181818182,0.18181818181818182,0.09090909090909091,0.36363636363636365,0.36363636363636365,0.36363636363636365,0.5454545454545454,0.45454545454545453,0.36363636363636365,0.0
ec6c8cf5cd9d804daf5525d33211368c417417d5664c3fe136a2cc8def27eb78,297823019#3,-71324343#0,0.2727272727272727,0.2727272727272727,0.9090909090909091,0.9090909090909091,0.36363636363636365,0.36363636363636365,0.9090909090909091,0.09090909090909091,0.7272727272727273,0.5454545454545454,0.7272727272727273,0.7272727272727273,0.2727272727272727,0.7272727272727273,0.2727272727272727,0.18181818181818182,0.5
f480eaf5695fe9d919b9e86033fedaffc109cb78ca160a533d12ea67db941698,297823019#3,-71324343#0,0.7272727272727273,0.8181818181818182,0.2727272727272727,0.2727272727272727,0.2727272727272727,0.36363636363636365,1.0,0.0,0.18181818181818182,0.0,0.18181818181818182,0.2727272727272727,0.45454545454545453,0.45454545454545453,0.5454545454545454,0.6363636363636364,0.09090909090909091
2620ddc78a8041686acab905063187ace6847b8084ce0eeaadf4af1ff802b129,297823019#3,-71324343#0,0.8181818181818182,0.7272727272727273,0.0,0.0,0.18181818181818182,1.0,0.2727272727272727,1.0,0.18181818181818182,0.9090909090909091,0.2727272727272727,0.0,0.8181818181818182,0.09090909090909091,0.7727272727272727,0.9090909090909091,0.22727272727272727
a550517eed9a91e9256736cb3777e3c99f80623c58bba06f1f55cad7a1b45cc8,297823019#3,-71324343#0,0.45454545454545453,0.45454545454545453,0.6363636363636364,0.6363636363636364,0.8181818181818182,0.36363636363636365,0.18181818181818182,0.6363636363636364,0.18181818181818182,0.2727272727272727,0.5454545454545454,0.5454545454545454,0.6363636363636364,0.2727272727272727,0.7727272727272727,0.45454545454545453,0.22727272727272727
5421913fbc4764eb383f2cfaaf79ae657eede9e8f17ab504eb02a1aacfb341e7,297823019#3,-71324343#0,0.9090909090909091,0.9090909090909091,0.18181818181818182,0.18181818181818182,0.09090909090909091,0.9090909090909091,0.45454545454545453,0.7272727272727273,0.5454545454545454,0.6363636363636364,0.09090909090909091,0.18181818181818182,1.0,0.18181818181818182,1.0,0.8181818181818182,0.7272727272727273
f2718b4685afce57805a0f77440b4e71d8b62705865003def5046161f294f653,297823019#3,-71324343#0,0.5454545454545454,0.5454545454545454,0.7272727272727273,0.7272727272727273,0.9090909090909091,0.36363636363636365,0.09090909090909091,0.8181818181818182,0.18181818181818182,0.18181818181818182,0.45454545454545453,0.45454545454545453,0.7272727272727273,0.36363636363636365,0.9090909090909091,0.5454545454545454,0.36363636363636365
2f7ee2f7c97a17cae77d2384640e332150dd5b03b560316ac1dc8ded3136f256,297823019#3,-71324343#0,0.0,0.0,0.36363636363636365,0.36363636363636365,0.7272727272727273,0.36363636363636365,0.36363636363636365,0.45454545454545453,1.0,1.0,1.0,1.0,0.0,1.0,0.0,0.09090909090909091,0.7272727272727273
f1ac9cb2d1c28d3ef701d25b9310b53fbe833c425550e8684b4c05ce916f2015,297823019#3,-71324343#0,0.09090909090909091,0.09090909090909091,0.8181818181818182,0.8181818181818182,0.6363636363636364,0.36363636363636365,0.5454545454545454,0.36363636363636365,0.9090909090909091,0.8181818181818182,0.9090909090909091,0.9090909090909091,0.09090909090909091,0.9090909090909091,0.18181818181818182,0.2727272727272727,0.7272727272727273
668fde64cdb87bef82ebf0bd65a53f4f8b11b5e149d57a4939c3eebd4be8fda9,297823019#3,-71324343#0,0.36363636363636365,0.36363636363636365,1.0,1.0,1.0,0.36363636363636365,0.0,0.9090909090909091,0.6363636363636364,0.36363636363636365,0.6363636363636364,0.6363636363636364,0.5454545454545454,0.6363636363636364,0.36363636363636365,0.7272727272727273,0.9545454545454546
7ce2405be91d1f1c87c774d23bba6380714006441fe690570592fb0a84096d32,297823019#3,-71324343#0,0.18181818181818182,0.18181818181818182,0.5,0.5,0.5454545454545454,0.36363636363636365,0.6363636363636364,0.2727272727272727,0.8181818181818182,0.7272727272727273,0.8181818181818182,0.8181818181818182,0.18181818181818182,0.8181818181818182,0.09090909090909091,0.0,0.5
43cfb7689fcbd895bbde2a6575c2ce258ba868dce6fe3ed7218ec9b40366ea77,-297823021,100475365#1,0.0,0.0,0.7272727272727273,0.7272727272727273,0.45454545454545453,0.8181818181818182,0.2727272727272727,0.7272727272727273,0.5,1.0,0.9090909090909091,0.18181818181818182,0.0,0.8181818181818182,0.0,0.09090909090909091,0.09090909090909091
69616116bbe8305d81e1b9b707ab1a79b962378c7984b72286304493e988fc4a,-297823021,100475365#1,0.2727272727272727,0.2727272727272727,0.18181818181818182,0.18181818181818182,0.45454545454545453,0.18181818181818182,0.8181818181818182,0.18181818181818182,0.5,0.6363636363636364,0.6363636363636364,0.9090909090909091,0.2727272727272727,0.45454545454545453,0.45454545454545453,0.18181818181818182,0.18181818181818182
06385ab9ce41e307e7ba0c9ffda00d51da44e63bcd42ef9f001087fb61483a1f,-297823021,100475365#1,0.18181818181818182,0.18181818181818182,0.2727272727272727,0.2727272727272727,0.45454545454545453,0.2727272727272727,0.7272727272727273,0.2727272727272727,0.5,0.8181818181818182,0.7272727272727273,1.0,0.09090909090909091,0.5454545454545454,0.36363636363636365,0.2727272727272727,0.5454545454545454
59d539ed4433f381e8f7e10b29a52fbbffabd72228f97469c03f121810efa330,-297823021,100475365#1,0.5454545454545454,0.45454545454545453,0.5,0.5,0.45454545454545453,0.5454545454545454,0.45454545454545453,0.5454545454545454,0.5,0.5454545454545454,0.45454545454545453,0.18181818181818182,0.45454545454545453,0.36363636363636365,0.22727272727272727,0.4090909090909091,0.3181818181818182
0d15d54b52ff07b0bf37a036cfaff6751ee2f5fa7160f16d69bfc6c2096e87bc,-297823021,100475365#1,0.09090909090909091,0.09090909090909091,0.6363636363636364,0.6363636363636364,0.45454545454545453,0.7272727272727273,0.36363636363636365,0.6363636363636364,0.5,0.9090909090909091,0.8181818181818182,0.18181818181818182,0.18181818181818182,0.7272727272727273,0.09090909090909091,0.0,0.0
0d8fe409d16ccb9671aa2895d211dfe3cc7d24f0ab2b065da1b68096e00f125e,-297823021,100475365#1,0.6363636363636364,0.6363636363636364,0.045454545454545456,0.045454545454545456,0.45454545454545453,0.09090909090909091,0.9090909090909091,0.09090909090909091,0.5,0.36363636363636365,0.2727272727272727,0.7272727272727273,0.6363636363636364,0.18181818181818182,0.6818181818181818,0.6363636363636364,0.6818181818181818
f2fd304bcd52a704b6d49eccd7eb2bc15baa7691d09c01f00bb53cf16aa9aca6,-297823021,100475365#1,0.8181818181818182,0.8181818181818182,0.045454545454545456,0.045454545454545456,0.45454545454545453,0.0,1.0,0.0,0.5,0.18181818181818182,0.09090909090909091,0.6363636363636364,0.8181818181818182,0.0,0.6818181818181818,0.5454545454545454,0.6818181818181818
559bd03af9ac99cf7be739aeeddb96f584af7900a03a499366103dbc36a403aa,-297823021,100475365#1,0.9090909090909091,0.9090909090909091,0.8181818181818182,0.8181818181818182,1.0,0.6363636363636364,0.09090909090909091,1.0,0.5,0.7272727272727273,1.0,0.5454545454545454,0.9090909090909091,0.9090909090909091,1.0,1.0,0.9545454545454546
6367079ce55a36f951b5c319b5f45e07bf51bf1b8953fce01c6fda571369a1b0,-297823021,100475365#1,0.36363636363636365,0.36363636363636365,0.36363636363636365,0.36363636363636365,0.45454545454545453,0.9090909090909091,0.18181818181818182,0.8181818181818182,0.5,0.09090909090909091,0.5454545454545454,0.8181818181818182,0.36363636363636365,1.0,0.9090909090909091,0.9090909090909091,0.8181818181818182
c5b243d7b6d7fd4c6ce7de0c6f389359d730ae6a691d040f112d603165550b26,-297823021,100475365#1,0.7272727272727273,0.7272727272727273,0.5,0.5,0.45454545454545453,0.36363636363636365,0.6363636363636364,0.36363636363636365,0.5,0.2727272727272727,0.18181818181818182,0.18181818181818182,0.7272727272727273,0.09090909090909091,0.22727272727272727,0.4090909090909091,0.3181818181818182
c46eed4e25123996cb5f469f9645cb8f6f502e7d28314c143f8bc3ce6953c715,-297823021,100475365#1,0.45454545454545453,0.5454545454545454,0.9090909090909091,0.9090909090909091,0.45454545454545453,0.45454545454545453,0.5454545454545454,0.45454545454545453,0.5,0.45454545454545453,0.36363636363636365,0.18181818181818182,0.5454545454545454,0.6363636363636364,0.5454545454545454,0.7272727272727273,0.45454545454545453
eacaf636e663cf0c0858bba0bb0a64fa2216de91d7b525cb5a79b43246a14d13,-297823021,100475365#1,1.0,1.0,1.0,1.0,0.45454545454545453,1.0,0.0,0.9090909090909091,0.5,0.0,0.0,0.45454545454545453,1.0,0.2727272727272727,0.8181818181818182,0.8181818181818182,0.9545454545454546
2b3f890f96eb9830b6a6e1a42092906012de1caea0af53da5d4c96eabaf15c65,-297823017,-659283000#3,0.09090909090909091,0.0,0.18181818181818182,0.18181818181818182,0.18181818181818182,0.45454545454545453,0.8181818181818182,0.18181818181818182,0.09090909090909091,0.45454545454545453,0.2727272727272727,0.5,0.0,0.36363636363636365,0.7272727272727273,0.7272727272727273,0.0
9d10df1d9be538a24f41c584e6fa4366d8497c4ce0f02b338fd5fb472c005198,-297823017,-659283000#3,0.2727272727272727,0.36363636363636365,1.0,0.36363636363636365,0.8181818181818182,0.45454545454545453,0.2727272727272727,0.7272727272727273,0.8181818181818182,0.18181818181818182,0.2727272727272727,0.5,0.36363636363636365,0.6363636363636364,0.18181818181818182,0.2727272727272727,0.7272727272727273
855470ec8b1531a89eec608d47da443710833e5d1756187faef18d9a33fb934a,-297823017,-659283000#3,0.36363636363636365,0.2727272727272727,0.0,0.0,0.09090909090909091,0.45454545454545453,0.9090909090909091,0.09090909090909091,0.09090909090909091,0.2727272727272727,0.2727272727272727,0.5,0.09090909090909091,0.2727272727272727,0.8181818181818182,0.8181818181818182,0.09090909090909091
d716bbba4ef1dd0b0a8b702edb0a9cff1794f2d5195a16558f343dfc00148754,-297823017,-659283000#3,0.45454545454545453,0.45454545454545453,0.6363636363636364,1.0,0.7272727272727273,0.45454545454545453,0.36363636363636365,0.6363636363636364,0.7272727272727273,0.9090909090909091,0.9090909090909091,0.5,0.5454545454545454,0.45454545454545453,0.5454545454545454,0.09090909090909091,0.7272727272727273
dc28f7a47fc7d696a7f2d2ddaed6bd497da5a47491d452b979bfcd1264f66f7f,-297823017,-659283000#3,0.8181818181818182,0.9090909090909091,0.7272727272727273,0.9090909090909091,0.45454545454545453,0.45454545454545453,0.6363636363636364,0.36363636363636365,0.2727272727272727,0.0,0.2727272727272727,0.5,0.7272727272727273,0.18181818181818182,0.09090909090909091,0.5454545454545454,0.36363636363636365
de8d3cdaa7aac2b819a38d21ad6cf60e295ca668637bb43ccdd07a1afb60bbd7,-297823017,-659283000#3,0.9090909090909091,0.8181818181818182,0.45454545454545453,0.5454545454545454,0.36363636363636365,0.45454545454545453,0.7272727272727273,0.2727272727272727,0.36363636363636365,0.6363636363636364,0.6363636363636364,0.5,0.6363636363636364,0.0,0.6363636363636364,0.0,0.18181818181818182
10bc49c037c1ad20ed2c4ebe91848c7c36b579f4a6c006dfc96521d7edd31dc8,-297823017,-659283000#3,0.5454545454545454,0.5454545454545454,0.45454545454545453,0.5454545454545454,0.6363636363636364,0.45454545454545453,0.45454545454545453,0.5454545454545454,0.6363636363636364,0.8181818181818182,0.8181818181818182,0.5,0.8181818181818182,0.5454545454545454,0.45454545454545453,0.45454545454545453,0.7272727272727273
684ac275b6768a935d4f06a386d6b8844bf200c68dd975fd703e32fa17c0eb05,-297823017,-659283000#3,0.6363636363636364,0.6363636363636364,0.2727272727272727,0.2727272727272727,0.0,0.45454545454545453,1.0,0.0,0.5454545454545454,0.7272727272727273,0.7272727272727273,0.5,0.9090909090909091,1.0,0.9545454545454546,0.9090909090909091,0.7272727272727273
ee58639fd14cd8bab04d80335d2e1f3600fa673576c5615e44c9989de5d520ac,-297823017,-659283000#3,0.18181818181818182,0.18181818181818182,0.45454545454545453,0.5454545454545454,0.9090909090909091,0.45454545454545453,0.18181818181818182,0.8181818181818182,0.9090909090909091,1.0,1.0,0.5,0.2727272727272727,0.8181818181818182,0.3181818181818182,0.36363636363636365,0.7272727272727273
17032c9cc29c28eee34aefe67d7ccc950abeebe5a75b58e4603293eec7464960,-297823017,-659283000#3,0.7272727272727273,0.7272727272727273,0.8636363636363636,0.7727272727272727,0.5454545454545454,0.45454545454545453,0.5454545454545454,0.45454545454545453,0.45454545454545453,0.09090909090909091,0.2727272727272727,0.5,0.45454545454545453,0.09090909090909091,0.3181818181818182,0.18181818181818182,0.2727272727272727
050b12eb917d655aef43fab33edc439a62d857eaa72c17ae9701df415a1e9883,-297823017,-659283000#3,1.0,1.0,0.09090909090909091,0.09090909090909091,0.2727272727272727,1.0,0.0,1.0,0.09090909090909091,0.5454545454545454,0.2727272727272727,0.5,1.0,0.7272727272727273,0.9545454545454546,1.0,0.7272727272727273
6f14ced6ff604174ca0a03163e2688c186ddd34bed54c764a2b61e4b8f398691,-297823017,-659283000#3,0.0,0.09090909090909091,0.8636363636363636,0.7727272727272727,1.0,0.45454545454545453,0.09090909090909091,0.9090909090909091,1.0,0.36363636363636365,0.2727272727272727,0.5,0.18181818181818182,0.9090909090909091,0.0,0.6363636363636364,0.7272727272727273
e1624e076a221fd743d39744b55bcb3dfc01f93ac6fa0f6ec178ad602836ee46,75421017,101606547#1,0.18181818181818182,0.36363636363636365,0.45454545454545453,0.45454545454545453,0.6363636363636364,0.45454545454545453,0.5454545454545454,0.45454545454545453,1.0,0.7272727272727273,0.18181818181818182,0.2727272727272727,0.36363636363636365,0.5454545454545454,0.36363636363636365,0.2727272727272727,0.0
64f65566b8b45c7ca0ef5228b994ec495e82bf20795938f24cfaa37f23b7ea3c,75421017,101606547#1,0.2727272727272727,0.09090909090909091,0.8181818181818182,0.9090909090909091,0.13636363636363635,0.13636363636363635,0.7272727272727273,0.2727272727272727,0.13636363636363635,0.36363636363636365,0.36363636363636365,0.2727272727272727,0.09090909090909091,0.9090909090909091,0.18181818181818182,0.6363636363636364,0.9090909090909091
148959efce8c03e8232fb373b22f14e9cd60f146c5c7b7ead11e20dc2d1de061,75421017,101606547#1,0.36363636363636365,0.2727272727272727,1.0,0.8181818181818182,0.13636363636363635,0.13636363636363635,0.8181818181818182,0.18181818181818182,0.13636363636363635,0.18181818181818182,0.2727272727272727,0.2727272727272727,0.2727272727272727,0.7272727272727273,0.2727272727272727,0.5454545454545454,0.9090909090909091
3c66cf229bc91ed926e5fee51847d9d80d5be36cc9a51ebea7bb6b9a8cfa0063,75421017,101606547#1,1.0,0.8181818181818182,0.0,0.7272727272727273,0.45454545454545453,0.7272727272727273,0.2727272727272727,1.0,0.5454545454545454,0.9090909090909091,1.0,1.0,0.8181818181818182,0.45454545454545453,0.7272727272727273,0.9090909090909091,0.7272727272727273
3bcb8385dc31f327a3169eac1637cd03537a7a0b0b16dc0d5c5ed3905c343c13,75421017,101606547#1,0.6363636363636364,0.6363636363636364,0.2727272727272727,0.18181818181818182,0.7272727272727273,0.9090909090909091,0.36363636363636365,0.6363636363636364,0.7272727272727273,0.45454545454545453,0.9090909090909091,0.2727272727272727,0.6363636363636364,0.0,0.45454545454545453,0.0,0.09090909090909091
3318ac3453722772c2d77b403d78b0feb8a6a8ad1b7e3ec3296ba13cf30b3e62,75421017,101606547#1,0.0,0.0,0.7272727272727273,0.2727272727272727,0.13636363636363635,0.13636363636363635,0.9545454545454546,0.045454545454545456,0.13636363636363635,0.045454545454545456,0.045454545454545456,0.2727272727272727,0.0,1.0,0.0,0.4090909090909091,0.45454545454545453
55fa5c5f520310e907214b14fc907d46921efe8bde3e0de90c2a1706336694a1,75421017,101606547#1,0.5454545454545454,0.5454545454545454,0.18181818181818182,0.09090909090909091,0.9090909090909091,1.0,0.0,0.7272727272727273,0.8181818181818182,0.5454545454545454,0.45454545454545453,0.2727272727272727,0.5454545454545454,0.18181818181818182,0.5454545454545454,0.09090909090909091,0.22727272727272727
9dc41d03f51f38b99ded8db9a603d3d89b34ee163af5a5ad4ba43322875802ba,75421017,101606547#1,0.45454545454545453,0.45454545454545453,0.36363636363636365,1.0,0.5454545454545454,0.36363636363636365,0.45454545454545453,0.8181818181818182,0.9090909090909091,1.0,0.8181818181818182,0.8181818181818182,0.45454545454545453,0.6363636363636364,0.9090909090909091,0.7272727272727273,0.22727272727272727
ce74b8690061e006b4ca5fdee023d04ad454d81764f70ea00c27e28ea4478672,75421017,101606547#1,0.9090909090909091,0.7272727272727273,0.09090909090909091,0.6363636363636364,0.8181818181818182,0.8181818181818182,0.09090909090909091,0.9090909090909091,0.6363636363636364,0.8181818181818182,0.7272727272727273,0.7272727272727273,0.7272727272727273,0.09090909090909091,1.0,0.18181818181818182,0.45454545454545453
f801717e5a1011dbd3788b397cdafca414fd95e9b1a7ee5103f645e6fb863ace,75421017,101606547#1,0.7272727272727273,0.9090909090909091,0.5454545454545454,0.36363636363636365,0.36363636363636365,0.6363636363636364,0.6363636363636364,0.36363636363636365,0.45454545454545453,0.6363636363636364,0.6363636363636364,0.9090909090909091,0.9090909090909091,0.36363636363636365,0.8181818181818182,1.0,0.9090909090909091
c22b0c23e773c6b1ff04262536b96d7912b92e106a1035195be8f0b5452c7ac7,75421017,101606547#1,0.09090909090909091,0.18181818181818182,0.9090909090909091,0.0,0.13636363636363635,0.13636363636363635,0.9545454545454546,0.045454545454545456,0.13636363636363635,0.045454545454545456,0.045454545454545456,0.2727272727272727,0.18181818181818182,0.8181818181818182,0.09090909090909091,0.4090909090909091,0.45454545454545453
0c2327257234e3310607bc9f8761bac4e3166e01b8685c415df687d0cf0c80b5,75421017,101606547#1,0.8181818181818182,1.0,0.6363636363636364,0.5454545454545454,1.0,0.5454545454545454,0.18181818181818182,0.5454545454545454,0.36363636363636365,0.2727272727272727,0.5454545454545454,0.6363636363636364,1.0,0.2727272727272727,0.6363636363636364,0.8181818181818182,0.6363636363636364
e2f6cec631ca6e9f9b7763582041635a29e32e00a08b7a78fed1ce027fbdd364,-100468681#0,-336863927#1,0.09090909090909091,0.09090909090909091,0.7727272727272727,0.8636363636363636,0.5,0.7272727272727273,0.2727272727272727,0.7272727272727273,0.5,0.8181818181818182,0.8181818181818182,0.9090909090909091,0.18181818181818182,0.09090909090909091,0.18181818181818182,0.36363636363636365,0.09090909090909091
c51935221f561cdd246e898463a5d9ee843db48c4c23709a384927d9469f271e,-100468681#0,-336863927#1,0.0,0.0,0.7727272727272727,0.8636363636363636,0.5,0.8181818181818182,0.18181818181818182,0.8181818181818182,0.5,0.9090909090909091,0.9090909090909091,1.0,0.09090909090909091,0.18181818181818182,0.0,0.45454545454545453,0.45454545454545453
fede4720e2b7abc539fdfe92ab3891f5bde2acffc0a98ffdd8ecb42acf1387cc,-100468681#0,-336863927#1,0.6363636363636364,0.6363636363636364,0.5,0.5,0.5,0.6363636363636364,0.36363636363636365,0.6363636363636364,0.5,0.36363636363636365,0.36363636363636365,0.45454545454545453,0.36363636363636365,0.9090909090909091,0.45454545454545453,0.18181818181818182,0.0
614bfe40f928910d917c08f5a3de780c098da1a885fa2d828401c2c1bbeeaa66,-100468681#0,-336863927#1,0.18181818181818182,0.18181818181818182,0.9545454545454546,0.8636363636363636,0.5,1.0,0.0,1.0,0.5,0.7272727272727273,0.7272727272727273,0.8181818181818182,0.8181818181818182,0.5454545454545454,0.09090909090909091,0.2727272727272727,0.5454545454545454
46fa355ee0f4fe129dc0be82be9ed6fe451b464ffc83cdbe87044c437cbbbc14,-100468681#0,-336863927#1,0.7272727272727273,0.7272727272727273,0.5,0.5,0.5,0.5454545454545454,0.45454545454545453,0.5454545454545454,0.5,0.2727272727272727,0.2727272727272727,0.36363636363636365,0.5454545454545454,0.6363636363636364,0.9090909090909091,0.7272727272727273,0.8181818181818182
8d8c1671f471d558abf0284e5c1c726e09f77ca8630e952260ca42c59b213503,-100468681#0,-336863927#1,0.2727272727272727,0.2727272727272727,0.9545454545454546,0.8636363636363636,0.5,0.9090909090909091,0.09090909090909091,0.9090909090909091,0.5,0.6363636363636364,0.6363636363636364,0.7272727272727273,0.9090909090909091,0.45454545454545453,0.2727272727272727,0.0,0.18181818181818182
c49bbe5026a960fca451625c028fa605250f830a00650f55bd32708918c495da,-100468681#0,-336863927#1,0.9090909090909091,0.9090909090909091,0.0,0.0,0.5,0.0,1.0,0.0,0.5,0.09090909090909091,0.09090909090909091,0.18181818181818182,0.45454545454545453,0.0,1.0,0.9090909090909091,0.9545454545454546
24ad45d07b57f3ac57ffc7a5626948150866e5a95adda2ca604e1581d424c120,-100468681#0,-336863927#1,0.8181818181818182,0.8181818181818182,0.6363636363636364,0.6363636363636364,0.5,0.45454545454545453,0.5454545454545454,0.45454545454545453,0.5,0.18181818181818182,0.18181818181818182,0.2727272727272727,0.6363636363636364,1.0,0.7272727272727273,0.6363636363636364,0.6363636363636364
f0b4c13febe6422462ca695146e5eb8ac084390fafe98fe3dd5a371f22ce8566,-100468681#0,-336863927#1,0.5454545454545454,0.5454545454545454,0.2727272727272727,0.2727272727272727,0.5,0.2727272727272727,0.7272727272727273,0.2727272727272727,0.5,0.45454545454545453,0.45454545454545453,0.5454545454545454,0.2727272727272727,0.36363636363636365,0.8181818181818182,0.8181818181818182,0.7272727272727273
598812489d834c8a7b214f7e81a78390216a44f46d5573022482c7902f5bedc1,-100468681#0,-336863927#1,0.45454545454545453,0.45454545454545453,0.2727272727272727,0.2727272727272727,0.5,0.09090909090909091,0.9090909090909091,0.09090909090909091,0.5,1.0,1.0,0.0,0.7272727272727273,0.7272727272727273,0.36363636363636365,1.0,0.9545454545454546
9b283df09df1090502a862a6e7cecf06319d4b1da9d87afbfae5f82783bac7bc,-100468681#0,-336863927#1,1.0,1.0,0.09090909090909091,0.09090909090909091,0.5,0.18181818181818182,0.8181818181818182,0.18181818181818182,0.5,0.0,0.0,0.09090909090909091,1.0,0.2727272727272727,0.6363636363636364,0.5454545454545454,0.2727272727272727
383d7fccbe43bc5c9f4ea1d0b7ab648030265b9aa43edf5759eb2188793c1d95,-100468681#0,-336863927#1,0.36363636363636365,0.36363636363636365,0.2727272727272727,0.2727272727272727,0.5,0.36363636363636365,0.6363636363636364,0.36363636363636365,0.5,0.5454545454545454,0.5454545454545454,0.6363636363636364,0.0,0.8181818181818182,0.5454545454545454,0.09090909090909091,0.36363636363636365
91801e3bc18b39a0686471665d79a0167bba2e0a1f3cb070578096dc3b98a2ff,-101600741#2,-659283000#3,0.2727272727272727,0.09090909090909091,0.3181818181818182,0.3181818181818182,0.5454545454545454,0.36363636363636365,0.6363636363636364,0.36363636363636365,0.45454545454545453,0.6363636363636364,0.8181818181818182,0.9090909090909091,0.2727272727272727,0.6363636363636364,0.5,0.09090909090909091,0.13636363636363635
88ff0e5472c76d43fa91e2150bb1535eb1c54e384fac4439b29fe278f4efb89d,-101600741#2,-659283000#3,0.18181818181818182,0.0,0.3181818181818182,0.3181818181818182,0.6363636363636364,0.45454545454545453,0.5454545454545454,0.45454545454545453,0.45454545454545453,0.7272727272727273,0.9090909090909091,1.0,0.18181818181818182,0.7272727272727273,0.5,0.0,0.13636363636363635
5c05325b89f0bd3fcc64ef7530fa5e7d4cd1677e855812fa31f84ca163d5efac,-101600741#2,-659283000#3,0.45454545454545453,0.45454545454545453,0.09090909090909091,0.09090909090909091,0.45454545454545453,0.2727272727272727,0.7272727272727273,0.2727272727272727,0.45454545454545453,0.5454545454545454,0.5454545454545454,0.8181818181818182,0.45454545454545453,0.45454545454545453,0.6363636363636364,0.36363636363636365,0.2727272727272727
0cd86297c153765948e3cecae1cdcf142fc98b3bf17e60f944facecb6b7d11ec,-101600741#2,-659283000#3,0.6363636363636364,0.6363636363636364,0.09090909090909091,0.09090909090909091,0.2727272727272727,0.0,1.0,0.0,0.45454545454545453,0.36363636363636365,0.36363636363636365,0.2727272727272727,0.6363636363636364,0.2727272727272727,0.8636363636363636,0.2727272727272727,0.4090909090909091
94cb766f274aa31bdb3328586e16cfc787b73572698837afe7b5e8dea1039fd3,-101600741#2,-659283000#3,0.5454545454545454,0.5454545454545454,0.09090909090909091,0.09090909090909091,0.36363636363636365,0.09090909090909091,0.9090909090909091,0.09090909090909091,0.45454545454545453,0.45454545454545453,0.45454545454545453,0.2727272727272727,0.5454545454545454,0.36363636363636365,0.8636363636363636,0.18181818181818182,0.4090909090909091
2615c423527409c83c1eb63df83a832143ffb6cdf62714b3aa655d5fe4435fb9,-101600741#2,-659283000#3,0.8181818181818182,0.8181818181818182,0.7272727272727273,0.6363636363636364,0.8181818181818182,0.5454545454545454,0.2727272727272727,0.7272727272727273,0.45454545454545453,0.8181818181818182,0.2727272727272727,0.2727272727272727,0.8181818181818182,0.18181818181818182,0.2727272727272727,1.0,0.6818181818181818
a838b7de53038b215195b33ad2e1cfaedc640841068a86865ed710988a132cce,-101600741#2,-659283000#3,0.7272727272727273,0.7272727272727273,0.45454545454545453,0.45454545454545453,0.18181818181818182,0.18181818181818182,0.8181818181818182,0.18181818181818182,1.0,1.0,1.0,0.7272727272727273,0.7272727272727273,1.0,0.36363636363636365,0.5454545454545454,0.0
727d719697786270385290233eff40320b3b55062ac32983ab0ed08ba53c5185,-101600741#2,-659283000#3,0.36363636363636365,0.2727272727272727,0.5454545454545454,0.5454545454545454,0.9090909090909091,0.8181818181818182,0.18181818181818182,1.0,0.45454545454545453,0.09090909090909091,0.045454545454545456,0.2727272727272727,0.09090909090909091,0.5454545454545454,0.09090909090909091,0.8181818181818182,0.5454545454545454
2d709eb1c58572967611a77db67dbcdbe1a39f3a75530158e57929ba93ab2c1a,-101600741#2,-659283000#3,0.9090909090909091,0.9090909090909091,0.8181818181818182,1.0,0.09090909090909091,0.7272727272727273,0.36363636363636365,0.6363636363636364,0.45454545454545453,0.0,0.18181818181818182,0.6363636363636364,0.9090909090909091,0.09090909090909091,0.7272727272727273,0.45454545454545453,0.6818181818181818
19463aec9f3e83067f68d7bc2f77947e32934290cb8f72e0727a9d20a1b185b3,-101600741#2,-659283000#3,0.0,0.18181818181818182,0.9090909090909091,0.8181818181818182,1.0,1.0,0.0,0.8181818181818182,0.45454545454545453,0.18181818181818182,0.045454545454545456,0.2727272727272727,0.0,0.8181818181818182,0.0,0.7272727272727273,0.8181818181818182
9c93ee5f0064e39fd0d0d9f04325d468b93a5b4ef11aa657d32663bf38264dff,-101600741#2,-659283000#3,1.0,1.0,0.6363636363636364,0.9090909090909091,0.0,0.6363636363636364,0.45454545454545453,0.5454545454545454,0.45454545454545453,0.2727272727272727,0.6363636363636364,0.2727272727272727,1.0,0.0,1.0,0.6363636363636364,0.9545454545454546
e2ba7fbbed3a8ed02788ce6035877a956a7327055486e162167e7b3433a00570,-101600741#2,-659283000#3,0.09090909090909091,0.36363636363636365,1.0,0.7272727272727273,0.7272727272727273,0.9090909090909091,0.09090909090909091,0.9090909090909091,0.45454545454545453,0.9090909090909091,0.7272727272727273,0.2727272727272727,0.36363636363636365,0.9090909090909091,0.18181818181818182,0.9090909090909091,0.9545454545454546
eb487f3f0d8ee357d50a36a4b2ccfb1b3ecaae812206e906cc2f5c4c689786f4,-297823021,416373452,0.36363636363636365,0.2727272727272727,0.5454545454545454,0.6363636363636364,0.6363636363636364,0.22727272727272727,0.36363636363636365,0.45454545454545453,0.7272727272727273,0.6363636363636364,0.7272727272727273,0.5,0.2727272727272727,0.6363636363636364,0.36363636363636365,0.0,0.22727272727272727
e1c2e4414ba556a64f505674d1a1b54735d89a9b5b5428780f5df72f48137d5f,-297823021,416373452,0.45454545454545453,0.5454545454545454,0.5454545454545454,0.6363636363636364,0.5454545454545454,0.7272727272727273,0.45454545454545453,0.7272727272727273,0.45454545454545453,1.0,1.0,0.5,0.5454545454545454,0.18181818181818182,0.45454545454545453,0.45454545454545453,0.0
da50c2c6eae865a2d5776f519bb72bccdfd35d1fe425eaa2447ff053f6e39ea7,-297823021,416373452,0.2727272727272727,0.36363636363636365,0.8181818181818182,1.0,0.7272727272727273,0.22727272727272727,0.2727272727272727,0.36363636363636365,0.5454545454545454,0.0,0.2727272727272727,0.5,0.36363636363636365,0.8181818181818182,0.09090909090909091,0.2727272727272727,0.09090909090909091
729e90ab36903084ba2bc309194f559c08d89e1285f62f9baa87672483cd57c3,-297823021,416373452,0.09090909090909091,0.09090909090909091,0.5454545454545454,0.6363636363636364,0.9090909090909091,0.22727272727272727,0.09090909090909091,0.09090909090909091,0.9090909090909091,0.8181818181818182,0.9090909090909091,0.5,0.09090909090909091,0.9090909090909091,0.22727272727272727,0.18181818181818182,0.4090909090909091
0842489e025c17aeeea8e13d3b80d8bcd3122287fa1f92864a5552b961b9a366,-297823021,416373452,1.0,1.0,0.7272727272727273,0.45454545454545453,0.36363636363636365,0.5454545454545454,0.8181818181818182,0.5454545454545454,0.36363636363636365,0.9090909090909091,0.8181818181818182,0.5,1.0,0.0,0.5454545454545454,0.5454545454545454,0.7727272727272727
0ed2470ea8f499419efd295f5818b219fdbfd7e73721db771b007137ea7cbab8,-297823021,416373452,0.0,0.0,0.9545454545454546,0.8636363636363636,1.0,0.22727272727272727,0.0,0.0,1.0,0.18181818181818182,0.45454545454545453,0.5,0.0,1.0,0.0,0.36363636363636365,0.4090909090909091
f8df403df67fdaca809d5ee3098b6536193f9e556471c990831b42c390a9c27e,-297823021,416373452,0.8181818181818182,0.8181818181818182,0.0,0.0,0.0,0.8181818181818182,0.9090909090909091,0.8181818181818182,0.0,0.2727272727272727,0.0,0.5,0.8181818181818182,0.09090909090909091,0.7272727272727273,0.8181818181818182,0.9545454545454546
26afa27db06a9cf59fe41312cb54eb5df4bff8644836ae54038066e72bb1de33,-297823021,416373452,0.9090909090909091,0.9090909090909091,0.36363636363636365,0.36363636363636365,0.2727272727272727,0.22727272727272727,1.0,0.18181818181818182,0.6363636363636364,0.5454545454545454,0.6363636363636364,0.5,0.9090909090909091,0.45454545454545453,0.8181818181818182,0.9090909090909091,0.9545454545454546
bdbb502eed015ed6a03581e38746f6097014d741030ec3198139fa8bf86fcd04,-297823021,416373452,0.6363636363636364,0.6363636363636364,0.2727272727272727,0.2727272727272727,0.09090909090909091,1.0,0.5454545454545454,1.0,0.18181818181818182,0.36363636363636365,0.09090909090909091,0.5,0.6363636363636364,0.5454545454545454,1.0,1.0,0.7727272727272727
c073edd0ffb48fce2962ba27431e3713c6590fc3241f1763906a84d28aff6a04,-297823021,416373452,0.18181818181818182,0.18181818181818182,0.9545454545454546,0.8636363636363636,0.8181818181818182,0.22727272727272727,0.18181818181818182,0.2727272727272727,0.8181818181818182,0.09090909090909091,0.36363636363636365,0.5,0.18181818181818182,0.7272727272727273,0.22727272727272727,0.09090909090909091,0.22727272727272727
23ec0bb8f3a7d8029c37e35509b0318b0feb88cb77a6454dce34dac0645771f2,-297823021,416373452,0.5454545454545454,0.45454545454545453,0.09090909090909091,0.09090909090909091,0.18181818181818182,0.9090909090909091,0.7272727272727273,0.9090909090909091,0.2727272727272727,0.45454545454545453,0.18181818181818182,0.5,0.45454545454545453,0.2727272727272727,0.9090909090909091,0.7272727272727273,0.6363636363636364
cfd204e70b82d7ae66085607b8b75b90726440e0abb5587ca2b751aec56ad50d,-297823021,416373452,0.7272727272727273,0.7272727272727273,0.18181818181818182,0.18181818181818182,0.45454545454545453,0.6363636363636364,0.6363636363636364,0.6363636363636364,0.09090909090909091,0.7272727272727273,0.5454545454545454,0.5,0.7272727272727273,0.36363636363636365,0.6363636363636364,0.6363636363636364,0.5454545454545454
d6fecad474c50b8892634d9d5d5af9f04a1c9e403561258335c78987023ab5b4,-101608828,-619184994,0.0,0.0,0.8181818181818182,0.5454545454545454,0.5,1.0,0.0,0.7272727272727273,0.5,0.8181818181818182,0.8181818181818182,0.8181818181818182,0.0,0.6363636363636364,0.0,0.09090909090909091,0.18181818181818182
0da5a5236bdea738a70d2a7c90a5d2f64e5111e6ae817bc5dc06a8215e4e175e,-101608828,-619184994,0.5454545454545454,0.5454545454545454,0.0,0.0,0.5,0.2727272727272727,0.7272727272727273,0.2727272727272727,0.5,0.36363636363636365,0.36363636363636365,0.45454545454545453,0.45454545454545453,1.0,0.8181818181818182,0.9090909090909091,0.8181818181818182
30f70646757983a339b0d9a2632547ea4d5f76664ab807f5b624303d56cdfa0c,-101608828,-619184994,0.09090909090909091,0.09090909090909091,1.0,0.45454545454545453,0.5,0.9090909090909091,0.09090909090909091,0.9090909090909091,0.5,0.7272727272727273,0.7272727272727273,0.7272727272727273,0.18181818181818182,0.5454545454545454,0.09090909090909091,0.0,0.09090909090909091
29d48496828059ef6032412a5a283925576f68efd3b3b910844c8754650e10fa,-101608828,-619184994,0.8181818181818182,0.8181818181818182,0.18181818181818182,0.18181818181818182,0.5,0.09090909090909091,0.9090909090909091,0.09090909090909091,0.5,0.09090909090909091,0.09090909090909091,0.18181818181818182,0.7272727272727273,0.36363636363636365,0.7272727272727273,0.7272727272727273,0.7272727272727273
19092d8fedb1d00dc6db96fe83e764bb9e037b42edf8743b35f9d074281848e4,-101608828,-619184994,0.18181818181818182,0.18181818181818182,0.6363636363636364,0.7272727272727273,0.5,0.8181818181818182,0.18181818181818182,1.0,0.5,0.6363636363636364,0.6363636363636364,0.6363636363636364,0.09090909090909091,0.8181818181818182,0.18181818181818182,0.2727272727272727,0.36363636363636365
462c3840ed37c9846bb1c4360931ced75b3700a5a0997ff4fd54dc9240b99892,-101608828,-619184994,1.0,0.9090909090909091,0.2727272727272727,0.2727272727272727,0.5,0.5454545454545454,0.45454545454545453,0.5454545454545454,0.5,0.9090909090909091,0.9090909090909091,0.9090909090909091,0.9090909090909091,0.0,0.5454545454545454,0.45454545454545453,0.0
3e76581370d72a24d04fafd76604f0136f4575ce9c0ca5d8543462db2b69a6d3,-101608828,-619184994,0.9090909090909091,1.0,0.45454545454545453,0.9090909090909091,0.5,0.36363636363636365,0.6363636363636364,0.36363636363636365,0.5,0.0,0.0,0.045454545454545456,1.0,0.18181818181818182,0.6363636363636364,0.6363636363636364,0.5
a7b8e97e4092c1542285793cde6f5c151f12b1bb104bc6f02a4019e5551f1e19,-101608828,-619184994,0.36363636363636365,0.45454545454545453,0.9090909090909091,0.36363636363636365,0.5,0.45454545454545453,0.5454545454545454,0.45454545454545453,0.5,0.45454545454545453,0.45454545454545453,0.045454545454545456,0.5454545454545454,0.45454545454545453,0.45454545454545453,0.5454545454545454,0.6363636363636364
df947fee90c5c44b4aa3ba791d10bbf41aa3b95ddec00c4e9f241680dfe94bc0,-101608828,-619184994,0.45454545454545453,0.36363636363636365,0.36363636363636365,1.0,0.5,0.6363636363636364,0.36363636363636365,0.6363636363636364,0.5,1.0,1.0,1.0,0.2727272727272727,0.09090909090909091,0.36363636363636365,0.36363636363636365,0.2727272727272727
ae7fb52ae79a851c8c63230a7d9c694f9790e61bd836cc7ed80e15f37e36bb69,-101608828,-619184994,0.2727272727272727,0.2727272727272727,0.7272727272727273,0.6363636363636364,0.5,0.7272727272727273,0.2727272727272727,0.8181818181818182,0.5,0.5454545454545454,0.5454545454545454,0.5454545454545454,0.36363636363636365,0.7272727272727273,0.2727272727272727,0.18181818181818182,0.5
54a04719bafc36fcd8d2ac88640788e615983c42beb8a98b03d5b9b961a923d7,-101608828,-619184994,0.6363636363636364,0.7272727272727273,0.5454545454545454,0.8181818181818182,0.5,0.0,1.0,0.0,0.5,0.18181818181818182,0.18181818181818182,0.2727272727272727,0.6363636363636364,0.9090909090909091,0.9090909090909091,1.0,0.9545454545454546
7cf45e274d631f3198ccc6e4b12e86eff6da0938530af6061716279942e06870,-101608828,-619184994,0.7272727272727273,0.6363636363636364,0.09090909090909091,0.09090909090909091,0.5,0.18181818181818182,0.8181818181818182,0.18181818181818182,0.5,0.2727272727272727,0.2727272727272727,0.36363636363636365,0.8181818181818182,0.2727272727272727,1.0,0.8181818181818182,0.9545454545454546
63e92e00149fea2d6b808a380f5cc0bbe0b262f21ea86fd5ccbaf81a2b044af7,-297823024,100475365#1,0.0,0.0,0.45454545454545453,0.45454545454545453,0.4090909090909091,0.8181818181818182,0.36363636363636365,0.6363636363636364,0.5,1.0,0.8181818181818182,0.13636363636363635,0.0,0.5454545454545454,0.0,0.09090909090909091,0.045454545454545456
2fc3cebe357600d0f5ec103fedecc7f5928810942c7bf200e5ee4322a0e61f89,-297823024,100475365#1,0.5454545454545454,0.2727272727272727,0.0,0.0,0.4090909090909091,0.18181818181818182,0.8181818181818182,0.18181818181818182,0.5,0.5454545454545454,0.5454545454545454,0.9090909090909091,0.5454545454545454,0.09090909090909091,0.2727272727272727,0.18181818181818182,0.5
bb1d87681f6ae7ebc6e22b5a146d34f29f1bf0aabf8a327839b4da58e9f6ca88,-297823024,100475365#1,0.18181818181818182,0.18181818181818182,0.36363636363636365,0.36363636363636365,0.4090909090909091,0.7272727272727273,0.45454545454545453,0.5454545454545454,0.5,0.7272727272727273,0.6363636363636364,0.13636363636363635,0.2727272727272727,0.36363636363636365,0.09090909090909091,0.0,0.045454545454545456
ec489fc0693426bd6f039123673b88b9eb3e346d49947ee8f11571222624738a,-297823024,100475365#1,0.09090909090909091,0.09090909090909091,0.09090909090909091,0.09090909090909091,0.4090909090909091,0.2727272727272727,0.7272727272727273,0.2727272727272727,0.5,0.9090909090909091,0.7272727272727273,1.0,0.09090909090909091,0.2727272727272727,0.18181818181818182,0.2727272727272727,0.5
fefc69a2c45371f23885eb64126954cf9f6639e9c06ebe00c605709809c77b87,-297823024,100475365#1,0.2727272727272727,0.36363636363636365,0.2727272727272727,0.2727272727272727,0.4090909090909091,1.0,0.18181818181818182,0.8181818181818182,0.5,0.09090909090909091,0.45454545454545453,0.8181818181818182,0.18181818181818182,1.0,0.7272727272727273,0.8181818181818182,0.22727272727272727
808ee00f76e92bd850a37b53c57aa05194ea028aa2cbbbbad4defbceaf3d166d,-297823024,100475365#1,0.36363636363636365,0.5454545454545454,1.0,1.0,0.4090909090909091,0.36363636363636365,0.6363636363636364,0.36363636363636365,0.5,0.36363636363636365,0.2727272727272727,0.13636363636363635,0.45454545454545453,0.45454545454545453,0.36363636363636365,0.36363636363636365,0.36363636363636365
bccb2f4345c13af38867cbc10347bba50567e5de163b06600228b97e7ab34abb,-297823024,100475365#1,0.6363636363636364,0.7272727272727273,0.6363636363636364,0.6363636363636364,0.4090909090909091,0.09090909090909091,0.9090909090909091,0.09090909090909091,0.5,0.2727272727272727,0.09090909090909091,0.6363636363636364,0.6363636363636364,0.18181818181818182,0.5454545454545454,0.5454545454545454,0.8636363636363636
853786ec9e2728fc81e93a6a1f2d2abc5fa2484100a0d5093dca5c283b48fdde,-297823024,100475365#1,0.45454545454545453,0.45454545454545453,0.9090909090909091,0.9090909090909091,0.4090909090909091,0.45454545454545453,0.5454545454545454,0.45454545454545453,0.5,0.45454545454545453,0.36363636363636365,0.13636363636363635,0.36363636363636365,0.8181818181818182,0.45454545454545453,0.6363636363636364,0.6363636363636364
2dd43fbd63657391999341f158fcd5b23c2d2ccfce9fc9352f00d66960f1deb0,-297823024,100475365#1,0.7272727272727273,0.6363636363636364,0.18181818181818182,0.18181818181818182,0.4090909090909091,0.9090909090909091,0.2727272727272727,0.7272727272727273,0.5,0.0,0.18181818181818182,0.7272727272727273,0.7272727272727273,0.9090909090909091,0.8181818181818182,0.7272727272727273,0.22727272727272727
7d85c1793dababc87d20cdb5a5eacbc0ff0c6febb60f89fd9cc4cd91017c5d81,-297823024,100475365#1,0.8181818181818182,0.8181818181818182,0.5454545454545454,0.5454545454545454,0.4090909090909091,0.0,1.0,0.0,0.5,0.18181818181818182,0.0,0.5454545454545454,0.8181818181818182,0.0,0.6363636363636364,0.45454545454545453,0.8636363636363636
4da0be3b344b75e6577ad2ac5a46bdb8d291c048e5eac2e29f5ad33d799c423e,-297823024,100475365#1,0.9090909090909091,0.9090909090909091,0.8181818181818182,0.8181818181818182,1.0,0.6363636363636364,0.0,1.0,0.5,0.8181818181818182,1.0,0.45454545454545453,0.9090909090909091,0.7272727272727273,0.9090909090909091,1.0,0.8636363636363636
9d2490a9f0192d377850bf60c9dd40c48f4199e3ac7a1b763895f4d31f588351,-297823024,100475365#1,1.0,1.0,0.7272727272727273,0.7272727272727273,0.9090909090909091,0.5454545454545454,0.09090909090909091,0.9090909090909091,0.5,0.6363636363636364,0.9090909090909091,0.36363636363636365,1.0,0.6363636363636364,1.0,0.9090909090909091,0.8636363636363636
99acc3a59bf05f8c46a4268a3ad45547817f404339901d70790f62860294fce6,-297823017,-101746498#2,0.9090909090909091,0.9090909090909091,0.09090909090909091,0.36363636363636365,0.5454545454545454,0.6363636363636364,0.18181818181818182,0.8181818181818182,0.8181818181818182,0.9090909090909091,0.8181818181818182,0.45454545454545453,0.9090909090909091,0.09090909090909091,0.9090909090909091,0.8181818181818182,0.9090909090909091
1bba9f7e8881a11a433b2ee337dd5a58f38e26d0f5c3f2cb3746f3dcc5f0e336,-297823017,-101746498#2,0.09090909090909091,0.09090909090909091,0.6363636363636364,0.6363636363636364,0.8181818181818182,0.22727272727272727,0.5454545454545454,0.45454545454545453,0.3181818181818182,0.2727272727272727,0.5454545454545454,0.9090909090909091,0.09090909090909091,0.7272727272727273,0.22727272727272727,0.2727272727272727,0.5
013dff2e9f4663e3e21b5a11f0b3ee701f15a825546321759b1924d4c63a015f,-297823017,-101746498#2,0.18181818181818182,0.36363636363636365,0.5454545454545454,0.5454545454545454,0.2727272727272727,0.22727272727272727,1.0,0.0,1.0,0.8181818181818182,1.0,0.18181818181818182,0.6363636363636364,1.0,0.6363636363636364,1.0,0.9090909090909091
65f4ae186b3ae60f6b9dd499726edb1c6df1c186d7cbc14eee32e59f5b855623,-297823017,-101746498#2,0.0,0.0,0.45454545454545453,0.45454545454545453,0.36363636363636365,0.22727272727272727,0.9090909090909091,0.09090909090909091,0.3181818181818182,0.36363636363636365,0.6363636363636364,1.0,0.0,0.8181818181818182,0.0,0.5454545454545454,0.6818181818181818
5c64db4ca977b9dbced9c9c425038beee8a1a549439606684e984b15c2e0d122,-297823017,-101746498#2,0.2727272727272727,0.45454545454545453,0.7272727272727273,0.7272727272727273,0.45454545454545453,0.22727272727272727,0.8181818181818182,0.18181818181818182,0.3181818181818182,0.18181818181818182,0.2727272727272727,0.8181818181818182,0.36363636363636365,0.18181818181818182,0.09090909090909091,0.0,0.36363636363636365
1d2ca9f6ed7c4eaed4bd8173b23d4c9d29f596170e75531807883d2ea104eba5,-297823017,-101746498#2,1.0,1.0,0.18181818181818182,0.18181818181818182,1.0,0.5454545454545454,0.0,0.9090909090909091,0.7272727272727273,0.7272727272727273,0.7272727272727273,0.18181818181818182,1.0,0.0,1.0,0.9090909090909091,0.9090909090909091
020e508903251ad6a4efb6ee46cc68ea39ab2b478547eea91fc6e9a34bbe5b46,-297823017,-101746498#2,0.45454545454545453,0.6363636363636364,0.8181818181818182,0.8181818181818182,0.6363636363636364,0.22727272727272727,0.7272727272727273,0.2727272727272727,0.3181818181818182,0.0,0.09090909090909091,0.6363636363636364,0.5454545454545454,0.6363636363636364,0.36363636363636365,0.18181818181818182,0.6818181818181818
b1086402fdebcf422003bc2d4f1d3dbff4e8c4169902871f6e12fe0afd1ab454,-297823017,-101746498#2,0.5454545454545454,0.18181818181818182,0.36363636363636365,0.2727272727272727,0.0,0.9090909090909091,0.45454545454545453,0.5454545454545454,0.3181818181818182,0.6363636363636364,0.45454545454545453,0.18181818181818182,0.18181818181818182,0.2727272727272727,0.45454545454545453,0.45454545454545453,0.0
3196dd5bc4bc7ac2054d47009b4c29fde055336fae5a0303964bb0e9711ccfeb,-297823017,-101746498#2,0.8181818181818182,0.7272727272727273,0.0,0.09090909090909091,0.9090909090909091,0.7272727272727273,0.09090909090909091,1.0,0.9090909090909091,1.0,0.9090909090909091,0.5454545454545454,0.7272727272727273,0.9090909090909091,0.8181818181818182,0.6363636363636364,0.2727272727272727
094da2b5dd5bd7156071a3dae9a2dae253c6a1bbfd69e2c8104f80f3da87d00c,-297823017,-101746498#2,0.7272727272727273,0.8181818181818182,0.9090909090909091,0.9090909090909091,0.09090909090909091,1.0,0.2727272727272727,0.7272727272727273,0.3181818181818182,0.45454545454545453,0.0,0.18181818181818182,0.8181818181818182,0.36363636363636365,0.7272727272727273,0.7272727272727273,0.18181818181818182
71e4017780573735f7e37c193ac1d4a0c3bba66e3a44ea7aa62c74f7a53b6251,-297823017,-101746498#2,0.36363636363636365,0.5454545454545454,1.0,1.0,0.7272727272727273,0.22727272727272727,0.6363636363636364,0.36363636363636365,0.3181818181818182,0.09090909090909091,0.18181818181818182,0.7272727272727273,0.45454545454545453,0.45454545454545453,0.22727272727272727,0.09090909090909091,0.5
2d0a00d03b09225c201480c88afe2bcb2545d1b25b99fcb9db6ebb0ace5fdaba,-297823017,-101746498#2,0.6363636363636364,0.2727272727272727,0.2727272727272727,0.0,0.18181818181818182,0.8181818181818182,0.36363636363636365,0.6363636363636364,0.3181818181818182,0.5454545454545454,0.36363636363636365,0.18181818181818182,0.2727272727272727,0.5454545454545454,0.5454545454545454,0.36363636363636365,0.09090909090909091
cc14a98a89595abaeca00026d3aafb0960f53de07a587047d2f4a047210a1f96,-101594843,-619184994,0.0,0.0,1.0,1.0,0.8181818181818182,0.2727272727272727,0.18181818181818182,0.6363636363636364,0.0,0.8181818181818182,0.8181818181818182,0.18181818181818182,0.0,0.18181818181818182,0.0,0.7272727272727273,0.6818181818181818
bd6e158da2904ef6a42ec1c127a064bc8528c58b4b616c581514acde62b3eb19,-101594843,-619184994,0.6363636363636364,0.6363636363636364,0.22727272727272727,0.22727272727272727,0.18181818181818182,0.6363636363636364,0.7272727272727273,0.36363636363636365,0.45454545454545453,0.45454545454545453,0.45454545454545453,0.7272727272727273,0.6363636363636364,0.36363636363636365,0.6818181818181818,0.36363636363636365,0.3181818181818182
a374198df823259e1b11c527122a2bbb2181c89ee316b6e651023cf6e36f3edd,-101594843,-619184994,0.8181818181818182,0.9090909090909091,0.8181818181818182,0.8181818181818182,0.45454545454545453,0.2727272727272727,1.0,0.0,0.18181818181818182,0.18181818181818182,0.18181818181818182,0.5454545454545454,0.9090909090909091,0.09090909090909091,0.36363636363636365,0.8181818181818182,0.8181818181818182
a4a40b0d0a9ef95987d3fda438dc37702c99fbecea7b190ce22fbfb8312bdf8a,-101594843,-619184994,0.18181818181818182,0.18181818181818182,0.45454545454545453,0.45454545454545453,0.9090909090909091,0.2727272727272727,0.09090909090909091,0.5454545454545454,0.8181818181818182,0.36363636363636365,0.36363636363636365,0.18181818181818182,0.18181818181818182,0.45454545454545453,0.09090909090909091,0.45454545454545453,0.09090909090909091
8cf02b90874890c390fa7543ceaa58faff4ddf94f957d59987dab9c0b921b8b8,-101594843,-619184994,0.09090909090909091,0.09090909090909091,0.09090909090909091,0.09090909090909091,0.5454545454545454,0.2727272727272727,0.9090909090909091,0.09090909090909091,0.9090909090909091,1.0,1.0,0.18181818181818182,0.09090909090909091,1.0,0.2727272727272727,1.0,0.9545454545454546
81fd8bf27148a928b8c243f755ba1c4aa95ffb1d4d6405c60c730f87cee62337,-101594843,-619184994,0.45454545454545453,0.45454545454545453,0.22727272727272727,0.22727272727272727,0.36363636363636365,0.7272727272727273,0.6363636363636364,0.7272727272727273,0.6363636363636364,0.6363636363636364,0.6363636363636364,0.9090909090909091,0.45454545454545453,0.7272727272727273,0.6818181818181818,0.2727272727272727,0.3181818181818182
813500853a6c334cdb5ebaced55371debc79d85fc378019ccc5ad6f88d27e96f,-101594843,-619184994,1.0,1.0,0.9090909090909091,0.9090909090909091,0.6363636363636364,0.2727272727272727,0.8181818181818182,0.18181818181818182,0.09090909090909091,0.0,0.0,0.45454545454545453,1.0,0.0,0.45454545454545453,0.9090909090909091,0.9545454545454546
2b63dc6bb01cd56c09f6c5054e7b463727a0eed65c4c52a4acd92030cc8464ba,-101594843,-619184994,0.36363636363636365,0.36363636363636365,0.36363636363636365,0.36363636363636365,1.0,0.2727272727272727,0.0,0.45454545454545453,0.7272727272727273,0.09090909090909091,0.09090909090909091,0.18181818181818182,0.36363636363636365,0.2727272727272727,0.18181818181818182,0.5454545454545454,0.18181818181818182
77f79337e3d2b172399d4b5ef577e2ea0ed9a15844100178353a9fed02cb7943,-101594843,-619184994,0.5454545454545454,0.5454545454545454,0.6818181818181818,0.6818181818181818,0.2727272727272727,1.0,0.2727272727272727,1.0,0.5454545454545454,0.5454545454545454,0.5454545454545454,0.8181818181818182,0.5454545454545454,0.8181818181818182,0.8636363636363636,0.0,0.5
8d88d1c346cdaf146ad4f36dc1822f1e8f82fa0f480707dff57f80c7759a89c5,-101594843,-619184994,0.2727272727272727,0.2727272727272727,0.0,0.0,0.7272727272727273,0.2727272727272727,0.45454545454545453,0.2727272727272727,1.0,0.9090909090909091,0.9090909090909091,0.18181818181818182,0.2727272727272727,0.9090909090909091,0.5454545454545454,0.6363636363636364,0.0
2e0203f55a61c97d074dc5408a11630775f08582cbd05ac3400a08f108ab23c3,-101594843,-619184994,0.9090909090909091,0.8181818181818182,0.5454545454545454,0.5454545454545454,0.0,0.8181818181818182,0.5454545454545454,0.8181818181818182,0.2727272727272727,0.7272727272727273,0.7272727272727273,1.0,0.8181818181818182,0.6363636363636364,1.0,0.18181818181818182,0.6818181818181818
64918b94f21117d5039d5f770d72afaa5a4155004eda5437142ce58b90b952cf,-101594843,-619184994,0.7272727272727273,0.7272727272727273,0.6818181818181818,0.6818181818181818,0.09090909090909091,0.9090909090909091,0.36363636363636365,0.9090909090909091,0.36363636363636365,0.2727272727272727,0.2727272727272727,0.6363636363636364,0.7272727272727273,0.5454545454545454,0.8636363636363636,0.09090909090909091,0.5
fc5da0319b96f087d376004393bc9607bdb83d3e922af9604789c7c55fdd87e4,-101787489,-1323419243,0.0,0.0,1.0,0.8636363636363636,1.0,0.13636363636363635,0.0,0.0,0.5,0.09090909090909091,0.045454545454545456,0.09090909090909091,0.0,0.18181818181818182,0.0,0.09090909090909091,0.5
c825e07a3c964852d50bf53ed31585410df7d4a7af0075d2f3120a1e990543b8,-101787489,-1323419243,0.09090909090909091,0.09090909090909091,0.8181818181818182,0.8636363636363636,0.9090909090909091,0.13636363636363635,0.09090909090909091,0.09090909090909091,0.5,0.0,0.045454545454545456,0.09090909090909091,0.09090909090909091,0.36363636363636365,0.09090909090909091,0.0,0.09090909090909091
e06403a9a5089345e50d9036c4b8f760a9d8d9563c8760bfdb98dedbbcc45a0f,-101787489,-1323419243,0.6363636363636364,0.8181818181818182,0.4090909090909091,0.22727272727272727,0.18181818181818182,0.7272727272727273,0.6363636363636364,0.5454545454545454,0.5,0.2727272727272727,0.45454545454545453,0.36363636363636365,0.8181818181818182,0.0,0.2727272727272727,0.2727272727272727,0.9090909090909091
44ee3e57ee715f80edfdffbc999fdaf0e3bfd34230c161512378528f7360ecd2,-101787489,-1323419243,0.8181818181818182,0.7272727272727273,0.18181818181818182,1.0,0.7272727272727273,0.13636363636363635,0.36363636363636365,0.6363636363636364,0.5,0.5454545454545454,0.6363636363636364,0.45454545454545453,0.7272727272727273,0.6363636363636364,0.6363636363636364,0.7272727272727273,0.5
df8a6068ae0c6e11661e52044643ea19bd238548113fc695b7c2707f8ff33dcc,-101787489,-1323419243,0.45454545454545453,0.6363636363636364,0.7272727272727273,0.45454545454545453,0.09090909090909091,0.9090909090909091,0.5454545454545454,0.8181818181818182,0.5,1.0,0.7272727272727273,0.5454545454545454,0.6363636363636364,0.8181818181818182,0.8181818181818182,0.8181818181818182,0.6818181818181818
789447208fbfaea2efb56aea0ebafb36e9856bed87d334d2386828beff12c618,-101787489,-1323419243,0.7272727272727273,0.36363636363636365,0.0,0.7272727272727273,0.8181818181818182,0.13636363636363635,0.18181818181818182,0.7272727272727273,0.5,0.9090909090909091,1.0,0.7272727272727273,0.36363636363636365,0.5454545454545454,0.5454545454545454,0.6363636363636364,0.22727272727272727
a503819ae0bb013d82a85523db9bccbea5a54e6ee56d8197498e183928161a07,-101787489,-1323419243,0.9090909090909091,1.0,0.5454545454545454,0.09090909090909091,0.36363636363636365,0.36363636363636365,1.0,0.18181818181818182,0.5,0.18181818181818182,0.5454545454545454,0.2727272727272727,1.0,0.7272727272727273,1.0,1.0,0.9090909090909091
77fdb55668550ccca94e4dc4be04b69713b0a8b6f499e0aab8e2c70ed68ce5c7,-101787489,-1323419243,0.5454545454545454,0.5454545454545454,0.6363636363636364,0.36363636363636365,0.0,1.0,0.8181818181818182,0.2727272727272727,0.5,0.7272727272727273,0.18181818181818182,0.09090909090909091,0.5454545454545454,0.45454545454545453,0.7272727272727273,0.9090909090909091,0.36363636363636365
4cfffdc379161b7f10665bb5dccd16b5d5b7d457210bb5f8eae1e4c259dc6e3f,-101787489,-1323419243,0.18181818181818182,0.18181818181818182,0.4090909090909091,0.22727272727272727,0.6363636363636364,0.5454545454545454,0.7272727272727273,0.45454545454545453,0.5,0.6363636363636364,0.36363636363636365,0.9090909090909091,0.18181818181818182,1.0,0.2727272727272727,0.36363636363636365,0.22727272727272727
39608510f2b50043c7b878585921f0977be52c7a53d2878442ef5fd5c752518d,-101787489,-1323419243,0.36363636363636365,0.2727272727272727,0.2727272727272727,0.0,0.5454545454545454,0.45454545454545453,0.9090909090909091,0.36363636363636365,0.5,0.36363636363636365,0.2727272727272727,0.8181818181818182,0.45454545454545453,0.9090909090909091,0.45454545454545453,0.18181818181818182,0.0
48044a87f16961e816d61e4063b0b4648d30e89089b1f68afe181416c079d1fc,-101787489,-1323419243,0.2727272727272727,0.45454545454545453,0.9090909090909091,0.5454545454545454,0.45454545454545453,0.8181818181818182,0.2727272727272727,0.9090909090909091,0.5,0.8181818181818182,0.8181818181818182,0.6363636363636364,0.2727272727272727,0.2727272727272727,0.2727272727272727,0.45454545454545453,0.9090909090909091
86db6d77d5ac3dc41172ed5f388cf6741e386be82281c9c12542c4bc699a57af,-101787489,-1323419243,1.0,0.9090909090909091,0.09090909090909091,0.6363636363636364,0.2727272727272727,0.6363636363636364,0.45454545454545453,1.0,0.5,0.45454545454545453,0.9090909090909091,1.0,0.9090909090909091,0.09090909090909091,0.9090909090909091,0.5454545454545454,0.6818181818181818
0cab3707c4684404cadfeb1f0807d61cb426951c6b6018ddcb2e095740e32ec9,-1323419243,-101787489,0.0,0.0,0.9090909090909091,0.9545454545454546,0.9090909090909091,0.045454545454545456,0.09090909090909091,0.09090909090909091,0.5,0.09090909090909091,0.36363636363636365,1.0,0.0,0.18181818181818182,0.0,0.2727272727272727,0.045454545454545456
38e48d7f88f0c1a4d2953a87d61545662815adac2f8bf9d19b8c1c744c27a053,-1323419243,-101787489,0.09090909090909091,0.09090909090909091,0.7272727272727273,0.9545454545454546,1.0,0.045454545454545456,0.0,0.0,0.5,0.0,0.2727272727272727,0.9090909090909091,0.09090909090909091,0.8181818181818182,0.09090909090909091,0.18181818181818182,0.045454545454545456
760dea767818b07ffa01b2d9c57e8fee86798d7617fa1acec7b73922dbc453e4,-1323419243,-101787489,0.6363636363636364,0.6363636363636364,0.5,0.5909090909090909,0.09090909090909091,0.9090909090909091,0.9090909090909091,0.2727272727272727,0.5,0.8181818181818182,0.6363636363636364,0.6363636363636364,0.7272727272727273,0.6363636363636364,1.0,0.8181818181818182,0.7727272727272727
d2509e90e17f5574413b790be2439bf12a1b590a651c8914ec3a8d614349ac13,-1323419243,-101787489,0.45454545454545453,0.7272727272727273,1.0,0.18181818181818182,0.45454545454545453,0.8181818181818182,0.18181818181818182,1.0,0.5,0.7272727272727273,0.5454545454545454,0.09090909090909091,0.6363636363636364,0.36363636363636365,0.8636363636363636,1.0,0.9545454545454546
80e4a2fda3c6f30dc94c3214787bac72065434e756d539c953ed0adb6ea5e246,-1323419243,-101787489,0.9090909090909091,0.9090909090909091,0.3181818181818182,0.4090909090909091,0.18181818181818182,0.6363636363636364,0.5454545454545454,0.7272727272727273,0.5,0.45454545454545453,0.09090909090909091,0.5454545454545454,0.9090909090909091,0.0,0.2727272727272727,0.5454545454545454,0.36363636363636365
1ad9f06d839e9834a431c2bd503fa9ea08f4f9670523ce9bbccfd37bc3a2c63b,-1323419243,-101787489,0.2727272727272727,0.2727272727272727,0.09090909090909091,0.18181818181818182,0.6363636363636364,0.36363636363636365,0.6363636363636364,0.6363636363636364,0.5,0.5454545454545454,0.9090909090909091,0.2727272727272727,0.2727272727272727,1.0,0.5,0.0,0.36363636363636365
392e1f9f50442a1a3eab0646bc9c458267df8c3985a864656a99c886724cd784,-1323419243,-101787489,0.36363636363636365,0.36363636363636365,0.8181818181818182,0.8181818181818182,0.36363636363636365,0.7272727272727273,0.2727272727272727,0.9090909090909091,0.5,1.0,0.18181818181818182,0.8181818181818182,0.36363636363636365,0.2727272727272727,0.2727272727272727,0.7272727272727273,0.36363636363636365
2a1c111ec907d39900031cbcd6bf2d6acb2829b2bf7c9761411d8ceb7194a2e8,-1323419243,-101787489,0.8181818181818182,0.8181818181818182,0.09090909090909091,0.0,0.7272727272727273,0.18181818181818182,0.8181818181818182,0.36363636363636365,0.5,0.18181818181818182,0.45454545454545453,0.0,0.8181818181818182,0.5454545454545454,0.7272727272727273,0.6363636363636364,0.9545454545454546
93b19b2b2856d90fb66280618d08e4e97021bd9ab03b3c66a22f81200fec1e51,-1323419243,-101787489,0.18181818181818182,0.18181818181818182,0.3181818181818182,0.4090909090909091,0.5454545454545454,0.45454545454545453,0.7272727272727273,0.5454545454545454,0.5,0.6363636363636364,1.0,0.36363636363636365,0.18181818181818182,0.9090909090909091,0.2727272727272727,0.09090909090909091,0.36363636363636365
a561c60d20dbe1ec653cd280dfb7ad6bff1914e809d2a6811efd83285ba20f15,-1323419243,-101787489,0.5454545454545454,0.45454545454545453,0.6363636363636364,0.7272727272727273,0.0,1.0,1.0,0.18181818181818182,0.5,0.9090909090909091,0.8181818181818182,0.7272727272727273,0.45454545454545453,0.45454545454545453,0.8636363636363636,0.9090909090909091,0.6363636363636364
0ce3bb2a1a2701db636a49290a60d4edba3f30e27ac58392f151097c2be515e4,-1323419243,-101787489,1.0,1.0,0.09090909090909091,0.18181818181818182,0.2727272727272727,0.5454545454545454,0.36363636363636365,0.8181818181818182,0.5,0.36363636363636365,0.0,0.45454545454545453,1.0,0.09090909090909091,0.5,0.45454545454545453,0.36363636363636365
9d27065d1f1ff3c6651a567b6e4bad84fa565a4db0a71fcaae86a34bfc664692,-1323419243,-101787489,0.7272727272727273,0.5454545454545454,0.5,0.5909090909090909,0.8181818181818182,0.2727272727272727,0.45454545454545453,0.45454545454545453,0.5,0.2727272727272727,0.7272727272727273,0.18181818181818182,0.5454545454545454,0.7272727272727273,0.6363636363636364,0.36363636363636365,0.7727272727272727
7898ab219f36ec33f4c1eab9eddec34e20a7e241fc6b6aa731b2ac78944a53f0,659281081#1,100475365#1,1.0,1.0,0.2222222222222222,0.2222222222222222,0.5555555555555556,0.0,0.4444444444444444,0.5555555555555556,0.2222222222222222,0.4444444444444444,0.4444444444444444,0.6666666666666666,1.0,0.2222222222222222,0.7777777777777778,0.3333333333333333,0.2222222222222222
482f818b2952f4f5dce8ea15a5d61f5ff2e52adaef74149e9276e5326f89bfde,659281081#1,100475365#1,0.5555555555555556,0.4444444444444444,0.0,0.0,1.0,0.5555555555555556,0.1111111111111111,0.8888888888888888,0.7777777777777778,0.0,0.0,0.1111111111111111,0.4444444444444444,0.4444444444444444,0.2222222222222222,0.6666666666666666,0.7777777777777778
cb7c96cf1322a7ee9ef9687730769039a19770bb4e356cedd04ada6035e36d47,659281081#1,100475365#1,0.8888888888888888,0.6666666666666666,0.4444444444444444,0.4444444444444444,0.7777777777777778,0.3333333333333333,0.3333333333333333,0.6666666666666666,0.5555555555555556,0.5555555555555556,0.5555555555555556,0.0,0.6666666666666666,0.3333333333333333,0.3333333333333333,0.7777777777777778,0.9444444444444444
fb6bda0412e13c1c76c96bfa14d46f4819ff1b7632a48ec594987d604471727e,659281081#1,100475365#1,0.1111111111111111,0.1111111111111111,0.5555555555555556,0.5555555555555556,0.6666666666666666,0.8888888888888888,0.2222222222222222,0.7777777777777778,0.8888888888888888,0.7777777777777778,0.7777777777777778,0.4444444444444444,0.1111111111111111,0.8888888888888888,0.1111111111111111,0.4444444444444444,0.5555555555555556
a5cdeba73b0f2a4acce1698c05fabb4b30b516913e35c830632305cbae69c054,659281081#1,100475365#1,0.3333333333333333,0.3333333333333333,0.8888888888888888,0.8888888888888888,0.0,0.6666666666666666,1.0,0.0,0.05555555555555555,0.1111111111111111,0.1111111111111111,0.2222222222222222,0.3333333333333333,0.1111111111111111,1.0,1.0,0.6666666666666666
ce74b69c5e00454adee6d4ccdfa8287c2d24f28cb9ef61f9cf6ab8ae72484d5c,659281081#1,100475365#1,0.6666666666666666,0.7777777777777778,0.7777777777777778,0.7777777777777778,0.3333333333333333,0.2222222222222222,0.6666666666666666,0.3333333333333333,0.4444444444444444,1.0,1.0,0.8888888888888888,0.7777777777777778,0.5555555555555556,0.5555555555555556,0.1111111111111111,0.2222222222222222
663e2ad2cc3186ae96a22772d0d451f6d65a3b6616788c25dd85e7350474f514,659281081#1,100475365#1,0.4444444444444444,0.5555555555555556,0.3333333333333333,0.3333333333333333,0.4444444444444444,0.4444444444444444,0.5555555555555556,0.4444444444444444,0.6666666666666666,0.6666666666666666,0.6666666666666666,1.0,0.5555555555555556,0.7777777777777778,0.4444444444444444,0.0,0.2222222222222222
b6c9ce656a5024a88d890bb6a78aee1df55f79ce0e3a9bd954b92eddc76c2073,659281081#1,100475365#1,0.2222222222222222,0.2222222222222222,1.0,1.0,0.1111111111111111,0.7777777777777778,0.8888888888888888,0.1111111111111111,0.05555555555555555,0.2222222222222222,0.2222222222222222,0.3333333333333333,0.2222222222222222,0.0,0.8888888888888888,0.8888888888888888,0.9444444444444444
90ce40968415f8fe59c1ad029d8e9ccd7623e159469b5cf504e9feb6fe031834,659281081#1,100475365#1,0.7777777777777778,0.8888888888888888,0.6666666666666666,0.6666666666666666,0.2222222222222222,0.1111111111111111,0.7777777777777778,0.2222222222222222,0.3333333333333333,0.8888888888888888,0.8888888888888888,0.7777777777777778,0.8888888888888888,0.6666666666666666,0.6666666666666666,0.2222222222222222,0.0
1f64516790e7a79177f8209386385255b283920b06cd75fd4428a3dd9c55f89a,659281081#1,100475365#1,0.0,0.0,0.1111111111111111,0.1111111111111111,0.8888888888888888,1.0,0.0,1.0,1.0,0.3333333333333333,0.3333333333333333,0.5555555555555556,0.0,1.0,0.0,0.5555555555555556,0.4444444444444444
524ce2d95a4eaa65c685c32a93ebfcaf79fd50eba499f1c45b0025842580b39a,-101601559,-101746516#0,0.45454545454545453,0.5454545454545454,1.0,1.0,0.0,0.45454545454545453,0.9090909090909091,0.09090909090909091,0.8181818181818182,0.36363636363636365,0.36363636363636365,0.8181818181818182,0.6363636363636364,0.6363636363636364,0.18181818181818182,0.5454545454545454,0.09090909090909091
f6b2f85dd7501cda5e7ee4cfd58774bc3785e6f1dc55bbbf627fa93ff139d1f2,-101601559,-101746516#0,0.09090909090909091,0.2727272727272727,0.6818181818181818,0.6818181818181818,0.09090909090909091,0.7272727272727273,0.7272727272727273,0.18181818181818182,0.9090909090909091,0.6363636363636364,0.6363636363636364,0.9090909090909091,0.18181818181818182,0.8181818181818182,0.09090909090909091,0.45454545454545453,0.0
b88df3e86090e5143c1c582ca6858eee288cc15ad240fb00cf11a98d7aa5b9ee,-101601559,-101746516#0,0.18181818181818182,0.18181818181818182,0.45454545454545453,0.45454545454545453,0.6363636363636364,0.8181818181818182,0.2727272727272727,0.7272727272727273,0.3181818181818182,0.7272727272727273,0.7272727272727273,0.3181818181818182,0.2727272727272727,0.7272727272727273,0.36363636363636365,0.36363636363636365,0.7272727272727273
96c3ea057c959f00b515e225acfdbd51cfb8b89dfe1d4d4ed8c77a4d683d7760,-101601559,-101746516#0,0.6363636363636364,0.6363636363636364,0.8636363636363636,0.8636363636363636,0.45454545454545453,0.36363636363636365,0.6363636363636364,0.45454545454545453,0.3181818181818182,0.2727272727272727,0.2727272727272727,0.3181818181818182,0.5454545454545454,0.18181818181818182,0.45454545454545453,0.18181818181818182,0.3181818181818182
f1f4ae703e95d9c315f7d2cdb872cd78a441acf32d9c9f1e5f9be380a483fed4,-101601559,-101746516#0,0.7272727272727273,0.7272727272727273,0.6818181818181818,0.6818181818181818,0.36363636363636365,0.2727272727272727,0.8181818181818182,0.36363636363636365,0.3181818181818182,0.18181818181818182,0.18181818181818182,0.3181818181818182,0.7272727272727273,0.2727272727272727,0.7272727272727273,0.2727272727272727,0.5
bdb98318d56b9dbe38ddb6ce7d017f1e178509ef4cfc825937ab09e3cd793d66,-101601559,-101746516#0,1.0,1.0,0.2727272727272727,0.2727272727272727,1.0,0.0,0.09090909090909091,0.9090909090909091,0.7272727272727273,1.0,1.0,0.7272727272727273,1.0,0.0,1.0,1.0,0.9545454545454546
9c555af6b43eab4f42fd451f9cd05ec70d4e82316390004ea59c9597e8b107a0,-101601559,-101746516#0,0.8181818181818182,0.8181818181818182,0.09090909090909091,0.09090909090909091,0.9090909090909091,0.18181818181818182,0.0,1.0,0.3181818181818182,0.09090909090909091,0.09090909090909091,0.3181818181818182,0.8181818181818182,1.0,0.9090909090909091,0.8181818181818182,0.6363636363636364
facd064c76ecd71af5b6d3ef961085849d4e73c5e8f9c51d6a8ed2934655aa25,-101601559,-101746516#0,0.36363636363636365,0.36363636363636365,0.8636363636363636,0.8636363636363636,0.5454545454545454,0.6363636363636364,0.45454545454545453,0.5454545454545454,0.3181818181818182,0.5454545454545454,0.5454545454545454,0.3181818181818182,0.36363636363636365,0.45454545454545453,0.6363636363636364,0.09090909090909091,0.3181818181818182
518048ab191e3805a23af1690f0796e118d32eaebdd76f74b999af3aa2cc323f,-101601559,-101746516#0,0.9090909090909091,0.9090909090909091,0.0,0.0,0.2727272727272727,0.09090909090909091,1.0,0.0,0.3181818181818182,0.0,0.0,0.3181818181818182,0.9090909090909091,0.09090909090909091,0.8181818181818182,0.9090909090909091,0.9545454545454546
d6f74412247d2b0bbc4e6ba5b0539d2b3f2c5c209f00119481050c2db046c173,-101601559,-101746516#0,0.5454545454545454,0.45454545454545453,0.18181818181818182,0.18181818181818182,0.8181818181818182,0.5454545454545454,0.36363636363636365,0.6363636363636364,0.3181818181818182,0.45454545454545453,0.45454545454545453,0.3181818181818182,0.45454545454545453,0.36363636363636365,0.2727272727272727,0.6363636363636364,0.8181818181818182
36365bd45e4e51a1ee1d7eb1aa008ed847991c8b57bc47ff595004f54b93bc39,-101601559,-101746516#0,0.2727272727272727,0.09090909090909091,0.5454545454545454,0.5454545454545454,0.7272727272727273,0.9090909090909091,0.18181818181818182,0.8181818181818182,0.3181818181818182,0.8181818181818182,0.8181818181818182,0.3181818181818182,0.09090909090909091,0.5454545454545454,0.5454545454545454,0.0,0.18181818181818182
da032eeb012af0918f45ca845fdac6885af616309374e14c6e411cfca1fcdf9f,-101601559,-101746516#0,0.0,0.0,0.36363636363636365,0.36363636363636365,0.18181818181818182,1.0,0.5454545454545454,0.2727272727272727,1.0,0.9090909090909091,0.9090909090909091,1.0,0.0,0.9090909090909091,0.0,0.7272727272727273,0.5
28b254970654d2daf5a049bf64179d8e6597a236d3310921290b1327ff87b9c9,100475365#1,-101601832#0,0.0,0.0,1.0,0.0,0.21428571428571427,0.5,0.8571428571428571,0.14285714285714285,0.21428571428571427,0.14285714285714285,0.14285714285714285,0.2857142857142857,0.0,1.0,0.0,1.0,0.9285714285714286
e6b0b43c8baedc863bde0d0e42037859283eb22f996451fb16ac632080e850af,100475365#1,-101601832#0,0.14285714285714285,0.14285714285714285,0.5714285714285714,0.2857142857142857,0.21428571428571427,0.5,0.8571428571428571,0.14285714285714285,0.21428571428571427,0.14285714285714285,0.14285714285714285,0.2857142857142857,0.14285714285714285,0.7142857142857143,0.21428571428571427,0.0,0.07142857142857142
63b4327a6a7658bad33339e56f019c90958271677ae29354619097afc75486a1,100475365#1,-101601832#0,0.5714285714285714,0.5714285714285714,0.2857142857142857,0.42857142857142855,0.8571428571428571,0.5,0.2857142857142857,0.7142857142857143,0.8571428571428571,0.5714285714285714,0.5714285714285714,0.8571428571428571,0.5714285714285714,0.5714285714285714,0.6428571428571429,0.7142857142857143,0.5
c22d4dece6203cb05be3a43b0cac18d9675c565c92515b05e3c56be90075f337,100475365#1,-101601832#0,0.42857142857142855,0.42857142857142855,0.14285714285714285,0.5714285714285714,0.5714285714285714,0.5,0.42857142857142855,0.5714285714285714,1.0,0.7142857142857143,0.7142857142857143,1.0,0.42857142857142855,0.8571428571428571,0.42857142857142855,0.2857142857142857,0.2857142857142857
970646d2e2a8d21155354d9d8bf056a4b4e286f4388b2e180009be2f7e4f3787,100475365#1,-101601832#0,0.8571428571428571,0.8571428571428571,0.42857142857142855,1.0,0.7142857142857143,0.5,0.14285714285714285,0.8571428571428571,0.7142857142857143,1.0,1.0,0.7142857142857143,0.8571428571428571,0.2857142857142857,0.8571428571428571,0.5714285714285714,0.7142857142857143
5b282fca940a381cbaa80286dcc5a084656d044685799a531882a11ba0b77c6b,100475365#1,-101601832#0,0.7142857142857143,0.7142857142857143,0.8571428571428571,0.7142857142857143,0.21428571428571427,0.5,0.5714285714285714,0.42857142857142855,0.21428571428571427,0.42857142857142855,0.42857142857142855,0.2857142857142857,0.7142857142857143,0.0,0.6428571428571429,0.42857142857142855,0.5
8e05aba815c3b5d8e1e2ae9cc13a517a30e2f57de15b4f625574d9c7dbe2ccfe,100475365#1,-101601832#0,0.2857142857142857,0.2857142857142857,0.7142857142857143,0.14285714285714285,0.21428571428571427,0.5,0.8571428571428571,0.14285714285714285,0.21428571428571427,0.14285714285714285,0.14285714285714285,0.2857142857142857,0.2857142857142857,0.42857142857142855,0.21428571428571427,0.14285714285714285,0.07142857142857142
f4da068f5896511799b1e87544b49f3ad3a4473f0b7b1ce3f65978cc79ebcb8f,100475365#1,-101601832#0,1.0,1.0,0.0,0.8571428571428571,1.0,0.5,0.0,1.0,0.5714285714285714,0.8571428571428571,0.8571428571428571,0.2857142857142857,1.0,0.14285714285714285,1.0,0.8571428571428571,0.9285714285714286
cee8cefa05dd2ac027757d2d98bb02799c0a9b61fd9cdc578e681becaf7dd254,120511930,-372606529#4,0.09090909090909091,0.09090909090909091,0.13636363636363635,0.13636363636363635,1.0,0.9090909090909091,0.0,1.0,0.18181818181818182,0.6363636363636364,0.6363636363636364,0.9090909090909091,0.09090909090909091,0.45454545454545453,0.09090909090909091,0.7272727272727273,0.0
73c515d3272be6a180b94deba4cff29dd2ea2bea894c74350fc5d4a80273f5c8,120511930,-372606529#4,0.36363636363636365,0.18181818181818182,0.13636363636363635,0.13636363636363635,0.2727272727272727,0.8181818181818182,0.5454545454545454,0.45454545454545453,1.0,0.2727272727272727,0.2727272727272727,0.18181818181818182,0.18181818181818182,0.6363636363636364,0.2727272727272727,0.6363636363636364,0.7272727272727273
f74fd1d188b97a0d960fd60a60103d6cdd63bb052208c486c0d81e6e9229909f,120511930,-372606529#4,0.0,0.0,0.13636363636363635,0.13636363636363635,0.8181818181818182,1.0,0.09090909090909091,0.9090909090909091,0.18181818181818182,0.7272727272727273,0.7272727272727273,1.0,0.0,1.0,0.0,0.5454545454545454,0.18181818181818182
7c4e2fdc266b7659666b44e5f08d56e60aba815876e20004b78f6159fe771150,120511930,-372606529#4,0.7272727272727273,0.8181818181818182,0.8181818181818182,0.8181818181818182,0.0,0.18181818181818182,1.0,0.0,0.6363636363636364,0.36363636363636365,0.36363636363636365,0.6363636363636364,0.8181818181818182,0.36363636363636365,0.8181818181818182,0.45454545454545453,0.36363636363636365
93c414111dc4a1f9f06e8091c980319ec6f4317237d469947d8c3298612af1b7,120511930,-372606529#4,0.5454545454545454,0.5454545454545454,0.13636363636363635,0.13636363636363635,0.7272727272727273,0.45454545454545453,0.36363636363636365,0.5454545454545454,0.9090909090909091,0.18181818181818182,0.18181818181818182,0.18181818181818182,0.5454545454545454,0.18181818181818182,0.36363636363636365,0.8181818181818182,0.8181818181818182
180b1acfcc8c91f7b43a23e4e7cfb70e176d47977eccebd418dffdcb0e6bd11b,120511930,-372606529#4,0.9090909090909091,0.9090909090909091,0.6363636363636364,0.6363636363636364,0.36363636363636365,0.09090909090909091,0.7272727272727273,0.18181818181818182,0.45454545454545453,0.09090909090909091,0.09090909090909091,0.5454545454545454,0.9090909090909091,0.09090909090909091,1.0,1.0,0.9545454545454546
586ebae9aa02d7e6d3d8fc545f5249cd358289d89300980f5bcc05c822173cab,120511930,-372606529#4,0.18181818181818182,0.2727272727272727,0.9090909090909091,0.9090909090909091,0.5454545454545454,0.7272727272727273,0.45454545454545453,0.6363636363636364,0.18181818181818182,1.0,1.0,0.18181818181818182,0.2727272727272727,0.7272727272727273,0.5454545454545454,0.0,0.45454545454545453
38615018c04bb81364b93ae59a4774b1a9a1e8a77de566d85b059cdea555efd7,120511930,-372606529#4,0.2727272727272727,0.36363636363636365,0.36363636363636365,0.36363636363636365,0.6363636363636364,0.6363636363636364,0.2727272727272727,0.7272727272727273,0.18181818181818182,0.9090909090909091,0.9090909090909091,0.18181818181818182,0.36363636363636365,0.8181818181818182,0.45454545454545453,0.09090909090909091,0.2727272727272727
504e1315b90c9a477e9444e735d729305c0c8e885a2adba295453cba8645e773,120511930,-372606529#4,0.6363636363636364,0.6363636363636364,0.7272727272727273,0.7272727272727273,0.18181818181818182,0.36363636363636365,0.8181818181818182,0.36363636363636365,0.8181818181818182,0.5454545454545454,0.5454545454545454,0.8181818181818182,0.6363636363636364,0.5454545454545454,0.6363636363636364,0.18181818181818182,0.9545454545454546
18c7f8cc480f9fedfcf5ac18ed3de291714b476def84a7e6ff70396f8d1f3b21,120511930,-372606529#4,0.45454545454545453,0.45454545454545453,0.45454545454545453,0.45454545454545453,0.9090909090909091,0.5454545454545454,0.18181818181818182,0.8181818181818182,0.18181818181818182,0.8181818181818182,0.8181818181818182,0.18181818181818182,0.45454545454545453,0.9090909090909091,0.18181818181818182,0.36363636363636365,0.5454545454545454
757af84b9d9558103ced0a5b3a65927a5b6bf4a57003961142440efec707f224,120511930,-372606529#4,0.8181818181818182,0.7272727272727273,0.5454545454545454,0.5454545454545454,0.09090909090909091,0.2727272727272727,0.9090909090909091,0.09090909090909091,0.7272727272727273,0.45454545454545453,0.45454545454545453,0.7272727272727273,0.7272727272727273,0.2727272727272727,0.7272727272727273,0.2727272727272727,0.6363636363636364
2c455eeeeb8ca2f7657d65945b5fc5ef56eb879b7c9aa89820e111931bc9f259,120511930,-372606529#4,1.0,1.0,1.0,1.0,0.45454545454545453,0.0,0.6363636363636364,0.2727272727272727,0.5454545454545454,0.0,0.0,0.45454545454545453,1.0,0.0,0.9090909090909091,0.9090909090909091,0.09090909090909091
70b9463f4dd3f3c1de27d5e4c8b17b33fc2bc7e9128715eb212d912f281eef71,659283000#1,100525438#0,0.09090909090909091,0.09090909090909091,0.6363636363636364,0.8181818181818182,0.5454545454545454,0.9090909090909091,0.2727272727272727,0.9090909090909091,0.13636363636363635,0.7272727272727273,0.9090909090909091,0.9090909090909091,0.09090909090909091,0.9090909090909091,0.09090909090909091,0.09090909090909091,0.09090909090909091
52e4406b00fe88d1c1b4d086e1602ba8f183baf9efb57be983b93424d92f7766,659283000#1,100525438#0,0.18181818181818182,0.18181818181818182,1.0,1.0,0.36363636363636365,0.8181818181818182,0.5454545454545454,0.45454545454545453,0.13636363636363635,0.6363636363636364,0.8181818181818182,0.8181818181818182,0.18181818181818182,0.5454545454545454,0.2727272727272727,0.45454545454545453,0.5
b47dd1cf38bb5e41a917e8aa8c9fa97b586f84db618ffc9eea3cf4e26309c719,659283000#1,100525438#0,0.45454545454545453,0.2727272727272727,0.36363636363636365,0.36363636363636365,0.8181818181818182,0.7272727272727273,0.36363636363636365,0.8181818181818182,1.0,0.45454545454545453,0.6363636363636364,0.45454545454545453,0.2727272727272727,0.7272727272727273,0.18181818181818182,0.0,0.18181818181818182
631ead74d012a096afcd0b0627b984025d20c65af863b0a0d49f85886ef282d5,659283000#1,100525438#0,0.0,0.0,0.9090909090909091,0.9090909090909091,0.6363636363636364,1.0,0.18181818181818182,1.0,0.13636363636363635,0.8181818181818182,1.0,1.0,0.0,0.8181818181818182,0.0,0.18181818181818182,0.0
e777479706f69f42674bff9d587e4ddf25a46f58c6fd4903410b6b7ae5258fa3,659283000#1,100525438#0,0.6363636363636364,0.6363636363636364,0.09090909090909091,0.09090909090909091,0.9090909090909091,0.45454545454545453,0.09090909090909091,0.6363636363636364,0.7272727272727273,0.18181818181818182,0.2727272727272727,0.18181818181818182,0.6363636363636364,0.6363636363636364,0.45454545454545453,0.36363636363636365,0.36363636363636365
54bc78aae71dda6b1feaf842d2d502e4b70340cb07fab8339287f653486983c2,659283000#1,100525438#0,0.36363636363636365,0.36363636363636365,0.18181818181818182,0.18181818181818182,0.2727272727272727,0.36363636363636365,0.7272727272727273,0.2727272727272727,0.13636363636363635,0.5454545454545454,0.5454545454545454,0.0,0.36363636363636365,0.36363636363636365,1.0,1.0,0.9545454545454546
fa8530fc8063415e7fb709a86bba5cd002fad56b364b9c54698f12c33bf19968,659283000#1,100525438#0,0.2727272727272727,0.45454545454545453,0.5454545454545454,0.5454545454545454,0.7272727272727273,0.6363636363636364,0.45454545454545453,0.5454545454545454,0.9090909090909091,0.9090909090909091,0.7272727272727273,0.36363636363636365,0.45454545454545453,1.0,0.5454545454545454,0.8181818181818182,0.6363636363636364
927d868c4d54d487b075e2e0639aefe4d7140aec800d5e27434862dc0f45d9e3,659283000#1,100525438#0,0.7272727272727273,0.7272727272727273,0.0,0.0,0.45454545454545453,0.2727272727272727,0.6363636363636364,0.36363636363636365,0.6363636363636364,1.0,0.45454545454545453,0.09090909090909091,0.7272727272727273,0.45454545454545453,0.9090909090909091,0.9090909090909091,0.5
39edb2ff5597f44f36bbc4c25207b44ade114c925b18ffe5f4ae3284ac184f62,659283000#1,100525438#0,0.8181818181818182,0.8181818181818182,0.7272727272727273,0.7272727272727273,0.18181818181818182,0.18181818181818182,0.8181818181818182,0.18181818181818182,0.5454545454545454,0.36363636363636365,0.18181818181818182,0.7272727272727273,0.8181818181818182,0.18181818181818182,0.6363636363636364,0.5454545454545454,0.7272727272727273
3411fc3169cec906ebdf25ad9e252e8eef8991720407257789ac669a754d5835,659283000#1,100525438#0,0.9090909090909091,0.9090909090909091,0.8181818181818182,0.6363636363636364,0.09090909090909091,0.09090909090909091,0.9090909090909091,0.09090909090909091,0.45454545454545453,0.09090909090909091,0.09090909090909091,0.6363636363636364,0.9090909090909091,0.09090909090909091,0.8181818181818182,0.6363636363636364,0.8181818181818182
e6954b9b47103341b07e95c22250e509525ab42fb9021a89ee418ab5150cbc1d,659283000#1,100525438#0,0.5454545454545454,0.5454545454545454,0.2727272727272727,0.2727272727272727,1.0,0.5454545454545454,0.0,0.7272727272727273,0.8181818181818182,0.2727272727272727,0.36363636363636365,0.2727272727272727,0.5454545454545454,0.2727272727272727,0.36363636363636365,0.2727272727272727,0.2727272727272727
c398c965e1b0ebcd6dd950a8683cfe2f10fe6a0853298e434cfede4fe398fb0b,659283000#1,100525438#0,1.0,1.0,0.45454545454545453,0.45454545454545453,0.0,0.0,1.0,0.0,0.36363636363636365,0.0,0.0,0.5454545454545454,1.0,0.0,0.7272727272727273,0.7272727272727273,0.9545454545454546
f0ef5d21989e6454156b2d4266c314118fdeee457c5cc8514445f767f84a4e03,-297823021,-372606529#4,0.0,0.0,0.13636363636363635,0.13636363636363635,0.18181818181818182,0.45454545454545453,0.8636363636363636,0.13636363636363635,0.36363636363636365,0.13636363636363635,0.13636363636363635,0.45454545454545453,0.0,0.36363636363636365,0.0,0.8181818181818182,0.9545454545454546
49baaed50e4e6f58a77e9d95741eaffda7ecd153b84c3f8466457991adfc22b3,-297823021,-372606529#4,0.36363636363636365,0.2727272727272727,0.13636363636363635,0.13636363636363635,0.18181818181818182,0.45454545454545453,0.8636363636363636,0.13636363636363635,0.36363636363636365,0.13636363636363635,0.13636363636363635,0.45454545454545453,0.18181818181818182,0.09090909090909091,0.22727272727272727,0.5454545454545454,0.7272727272727273
93385e444fea524dfd4dac114981e307205eb951bd5be0adf279236933f87dac,-297823021,-372606529#4,0.18181818181818182,0.09090909090909091,0.13636363636363635,0.13636363636363635,0.18181818181818182,0.45454545454545453,0.8636363636363636,0.13636363636363635,0.36363636363636365,0.13636363636363635,0.13636363636363635,0.45454545454545453,0.09090909090909091,0.2727272727272727,0.09090909090909091,0.36363636363636365,0.45454545454545453
4a78f3c9ea207e8c216ae8ac86f26ae342398e13283eb348166b5969b0751c13,-297823021,-372606529#4,0.5454545454545454,0.36363636363636365,0.13636363636363635,0.13636363636363635,0.18181818181818182,0.45454545454545453,0.8636363636363636,0.13636363636363635,0.36363636363636365,0.13636363636363635,0.13636363636363635,0.45454545454545453,0.36363636363636365,0.0,0.22727272727272727,0.45454545454545453,0.5454545454545454
60709df8a7d7c60e19d34694f4f721c421fcb6bb270a5889efc637d4784d04a2,-297823021,-372606529#4,0.6363636363636364,0.6363636363636364,0.6363636363636364,0.6363636363636364,0.7272727272727273,0.45454545454545453,0.36363636363636365,0.6363636363636364,0.36363636363636365,0.7272727272727273,0.7272727272727273,0.45454545454545453,0.6363636363636364,0.6363636363636364,0.36363636363636365,0.2727272727272727,0.18181818181818182
a7c241d52cb3909d70c262ba8911fc80e3c9138908421b58713d02e850b96ae7,-297823021,-372606529#4,0.9090909090909091,0.9090909090909091,0.4090909090909091,0.4090909090909091,0.5454545454545454,0.45454545454545453,0.5454545454545454,0.45454545454545453,0.36363636363636365,0.45454545454545453,0.45454545454545453,0.45454545454545453,0.9090909090909091,0.45454545454545453,0.5909090909090909,0.18181818181818182,0.18181818181818182
c85142ac3dba3de21073cf90a1f1e16ed5341b8f710c61781c5b0b60be3f0ed5,-297823021,-372606529#4,0.2727272727272727,0.45454545454545453,0.9090909090909091,0.9545454545454546,0.9090909090909091,0.45454545454545453,0.09090909090909091,0.9090909090909091,0.9090909090909091,0.8181818181818182,0.8181818181818182,0.45454545454545453,0.45454545454545453,0.8181818181818182,0.8636363636363636,0.7272727272727273,0.7272727272727273
493233d8a75ca6ae178af2dbce8dfdc5242a53247506743766299f35fc766d8d,-297823021,-372606529#4,0.09090909090909091,0.18181818181818182,1.0,0.8181818181818182,1.0,0.45454545454545453,0.0,1.0,1.0,0.9090909090909091,0.9090909090909091,0.45454545454545453,0.2727272727272727,1.0,1.0,0.9090909090909091,0.9545454545454546
a1fc0a0bb8a8395ac0a54301fad49fa9ff925e41647c74cefecf22f19b25f7f7,-297823021,-372606529#4,1.0,1.0,0.4090909090909091,0.4090909090909091,0.45454545454545453,0.45454545454545453,0.6363636363636364,0.36363636363636365,0.36363636363636365,0.36363636363636365,0.36363636363636365,0.45454545454545453,1.0,0.18181818181818182,0.5909090909090909,0.09090909090909091,0.18181818181818182
98e06d3b7aea1bf7847321ec919db87436dfebc5ca0711406594344be87387be,-297823021,-372606529#4,0.45454545454545453,0.5454545454545454,0.8181818181818182,0.9545454545454546,0.8181818181818182,0.45454545454545453,0.18181818181818182,0.8181818181818182,0.8181818181818182,1.0,1.0,0.45454545454545453,0.5454545454545454,0.7272727272727273,0.8636363636363636,0.6363636363636364,0.7272727272727273
fc10413c11fcbeb5d8186f0dbaa511b7180102f6b8da73602ade5b1baf5fbd5a,-297823021,-372606529#4,0.7272727272727273,0.7272727272727273,0.5454545454545454,0.5454545454545454,0.6363636363636364,0.45454545454545453,0.45454545454545453,0.5454545454545454,0.36363636363636365,0.6363636363636364,0.6363636363636364,0.45454545454545453,0.7272727272727273,0.5454545454545454,0.45454545454545453,0.0,0.0
cc10fd00b983efc963dcbcc651bc8ffedede4f3ca4f088131d9b96517a9e8a45,-297823021,-372606529#4,0.8181818181818182,0.8181818181818182,0.7272727272727273,0.7272727272727273,0.18181818181818182,1.0,0.2727272727272727,0.7272727272727273,0.36363636363636365,0.5454545454545454,0.5454545454545454,1.0,0.8181818181818182,0.9090909090909091,0.7272727272727273,1.0,0.36363636363636365
49366cb6f15258c5d00d5d15d601c552c1c7a9d06042d78f925e259d94552d81,526439431#0,-100468681#0,0.18181818181818182,0.09090909090909091,1.0,0.7272727272727273,0.36363636363636365,0.9090909090909091,0.2727272727272727,0.09090909090909091,0.9090909090909091,0.18181818181818182,0.36363636363636365,0.5454545454545454,0.09090909090909091,0.5454545454545454,0.18181818181818182,0.09090909090909091,0.5
c191359469f8a189176023d7c55cdb8d56ce9a37193c070090de28a7b11cb986,526439431#0,-100468681#0,0.7272727272727273,0.5454545454545454,0.2727272727272727,0.2727272727272727,0.09090909090909091,0.45454545454545453,0.7272727272727273,0.36363636363636365,0.45454545454545453,0.7272727272727273,0.7272727272727273,0.9090909090909091,0.5454545454545454,0.09090909090909091,0.6363636363636364,0.0,0.045454545454545456
7c58dc54aee847d4c9388c2b973e5d8a2cc440064bb3713f5fb7c17927250fc0,526439431#0,-100468681#0,0.5454545454545454,0.7272727272727273,0.7272727272727273,0.9090909090909091,0.6363636363636364,0.6363636363636364,0.18181818181818182,0.7272727272727273,0.2727272727272727,0.0,0.09090909090909091,0.045454545454545456,0.7272727272727273,0.45454545454545453,0.45454545454545453,0.36363636363636365,0.5
0a38d89d2e49c28910157c2b6b3feeac83d5e08d013cbfda34c02f6bb4075ae3,526439431#0,-100468681#0,0.0,0.0,0.6363636363636364,0.8181818181818182,1.0,1.0,0.0,0.45454545454545453,1.0,0.2727272727272727,0.45454545454545453,0.6363636363636364,0.0,1.0,0.0,0.6363636363636364,0.8181818181818182
d6ae1fff278427b67c72cdc87450b74aa9a1d6b11cab7313a00fc1a1762df76f,526439431#0,-100468681#0,0.9090909090909091,0.9090909090909091,0.45454545454545453,0.45454545454545453,0.5454545454545454,0.0,0.9090909090909091,0.5454545454545454,0.09090909090909091,0.36363636363636365,0.0,0.045454545454545456,0.9090909090909091,0.18181818181818182,1.0,1.0,0.9545454545454546
7279ea592251d3f79b418dfb9468ae7fe13e82e65ea8ce62d80eb4704ce817f9,526439431#0,-100468681#0,1.0,1.0,0.09090909090909091,0.09090909090909091,0.45454545454545453,0.18181818181818182,0.6363636363636364,0.8181818181818182,0.0,0.5454545454545454,0.5454545454545454,0.18181818181818182,1.0,0.0,0.7272727272727273,0.2727272727272727,0.045454545454545456
3946cc62e485984113039da51d2a0e010cb3841f37b3e1a0f3b03aa8090c030f,526439431#0,-100468681#0,0.8181818181818182,0.6363636363636364,0.18181818181818182,0.18181818181818182,0.0,0.36363636363636365,0.8181818181818182,0.2727272727272727,0.36363636363636365,0.6363636363636364,0.6363636363636364,0.8181818181818182,0.6363636363636364,0.2727272727272727,0.8181818181818182,0.18181818181818182,0.18181818181818182
1ce037d99c37efd3fb511eac665cc2d69006f7cc767d8af6d51c392858ae7862,526439431#0,-100468681#0,0.2727272727272727,0.18181818181818182,0.8181818181818182,1.0,0.2727272727272727,0.8181818181818182,0.36363636363636365,0.18181818181818182,0.8181818181818182,0.09090909090909091,0.2727272727272727,0.45454545454545453,0.18181818181818182,0.6363636363636364,0.5454545454545454,0.45454545454545453,0.6363636363636364
4c9c70d90d125aa87c7a8cb6f28eccaaa4a4f2c64dbfa89675118811964d505d,526439431#0,-100468681#0,0.6363636363636364,0.8181818181818182,0.36363636363636365,0.36363636363636365,0.7272727272727273,0.2727272727272727,0.5454545454545454,0.9090909090909091,0.18181818181818182,1.0,1.0,0.7272727272727273,0.8181818181818182,0.7272727272727273,0.3181818181818182,0.5454545454545454,0.3181818181818182
739280d9aa47c1d770df5dff7f2588f89a18e768dd3c8218e5794835212335a1,526439431#0,-100468681#0,0.36363636363636365,0.45454545454545453,0.5454545454545454,0.5454545454545454,0.18181818181818182,0.09090909090909091,1.0,0.0,0.5454545454545454,0.45454545454545453,0.18181818181818182,0.2727272727272727,0.45454545454545453,0.36363636363636365,0.9090909090909091,0.9090909090909091,0.7272727272727273
d820226da30844001f85545ceb25329ad12b4c45e07867fba043966512803984,526439431#0,-100468681#0,0.09090909090909091,0.2727272727272727,0.9090909090909091,0.6363636363636364,0.9090909090909091,0.7272727272727273,0.09090909090909091,0.6363636363636364,0.7272727272727273,0.9090909090909091,0.9090909090909091,0.36363636363636365,0.2727272727272727,0.9090909090909091,0.09090909090909091,0.7272727272727273,0.9545454545454546
2edd2c5fc946c1a8525cc08e12cc302fe8b246cdb94326fec4ff36b0db99e60c,526439431#0,-100468681#0,0.45454545454545453,0.36363636363636365,0.0,0.0,0.8181818181818182,0.5454545454545454,0.45454545454545453,1.0,0.6363636363636364,0.8181818181818182,0.8181818181818182,1.0,0.36363636363636365,0.8181818181818182,0.3181818181818182,0.8181818181818182,0.3181818181818182
116b80df70e634cef3a1a81f1a6d8f4432e752118290e524d4e5e08fa893fcca,-71324343#4,-619184994,0.0,0.0,0.2727272727272727,0.2727272727272727,0.8181818181818182,0.5,0.18181818181818182,0.8181818181818182,0.09090909090909091,1.0,1.0,0.22727272727272727,0.0,0.7272727272727273,0.0,0.5454545454545454,0.4090909090909091
6613e67ba1bfc82f4802562ca0059e4680bd08701a3eb55dfd11c84c3c3dfd59,-71324343#4,-619184994,0.09090909090909091,0.09090909090909091,0.18181818181818182,0.18181818181818182,0.7272727272727273,0.5,0.2727272727272727,0.7272727272727273,0.09090909090909091,0.9090909090909091,0.9090909090909091,0.22727272727272727,0.09090909090909091,0.8181818181818182,0.09090909090909091,0.2727272727272727,0.09090909090909091
03bc4ecff10d328a1c12f8fdb5d0b01121a077c592281d6b53edbe95fdd045b4,-71324343#4,-619184994,0.2727272727272727,0.2727272727272727,0.09090909090909091,0.09090909090909091,1.0,0.5,0.0,1.0,1.0,0.7272727272727273,0.7272727272727273,0.22727272727272727,0.2727272727272727,0.9090909090909091,0.2727272727272727,0.6363636363636364,0.5909090909090909
f5515adfcf7ee65595ed7fb4531460d7c45b55f81ae4e6c1eb90477fdc73a466,-71324343#4,-619184994,0.5454545454545454,0.5454545454545454,0.9090909090909091,1.0,0.18181818181818182,0.5,0.8181818181818182,0.18181818181818182,0.7272727272727273,0.36363636363636365,0.36363636363636365,0.9090909090909091,0.7272727272727273,0.2727272727272727,0.9090909090909091,0.09090909090909091,0.18181818181818182
6da90ea6d66107dc6921cce654a71e3ca02344650c00b47eb9b963564658253a,-71324343#4,-619184994,0.6363636363636364,0.6363636363636364,0.5,0.5,0.09090909090909091,0.5,0.9090909090909091,0.09090909090909091,0.6363636363636364,0.2727272727272727,0.2727272727272727,0.8181818181818182,0.9090909090909091,0.0,0.7727272727272727,0.36363636363636365,0.9545454545454546
b37ce96b8d385cf190f99dbcd6188dfe73e76bbe0a95b9fb9242134d811a1c47,-71324343#4,-619184994,0.8181818181818182,0.8181818181818182,0.7272727272727273,0.8181818181818182,0.36363636363636365,0.5,0.6363636363636364,0.36363636363636365,0.45454545454545453,0.5454545454545454,0.5454545454545454,0.6363636363636364,0.5454545454545454,0.36363636363636365,0.6363636363636364,0.9090909090909091,0.7727272727272727
474d3f128ad79a84f91e205e807217df3212e45850ff1c539284c72beefefdca,-71324343#4,-619184994,0.18181818181818182,0.18181818181818182,0.5,0.6363636363636364,0.5454545454545454,0.5,0.45454545454545453,0.5454545454545454,0.09090909090909091,0.8181818181818182,0.8181818181818182,0.22727272727272727,0.18181818181818182,0.6363636363636364,0.18181818181818182,0.8181818181818182,0.9545454545454546
b2b640ff06a7a979b6d69ee2dd3ace13fa6c62c078997e93d3db94e299f42689,-71324343#4,-619184994,0.9090909090909091,1.0,0.8181818181818182,0.7272727272727273,0.6363636363636364,0.5,0.36363636363636365,0.6363636363636364,0.2727272727272727,0.0,0.0,0.22727272727272727,0.6363636363636364,0.5454545454545454,0.45454545454545453,1.0,0.0
0b3981c56e1be1c1f66f0b3dbc4f43f4b09b983f512092fa735eaa16f11997c9,-71324343#4,-619184994,0.7272727272727273,0.7272727272727273,0.5,0.36363636363636365,0.45454545454545453,0.5,0.5454545454545454,0.45454545454545453,0.5454545454545454,0.18181818181818182,0.18181818181818182,0.7272727272727273,0.45454545454545453,0.45454545454545453,0.5454545454545454,0.7272727272727273,0.5909090909090909
a80cde16acb293b657ca34cc6eea679d30b7cdabcadd38f90fee4ab9651a00d0,-71324343#4,-619184994,0.45454545454545453,0.45454545454545453,0.5,0.5,0.2727272727272727,0.5,0.7272727272727273,0.2727272727272727,0.8181818181818182,0.45454545454545453,0.45454545454545453,1.0,0.8181818181818182,0.18181818181818182,0.7727272727272727,0.0,0.2727272727272727
2e8639181bbb1f538acfc54b172d74b4e8185fa4f7bc6d653a5859caf41ac313,-71324343#4,-619184994,1.0,0.9090909090909091,1.0,0.9090909090909091,0.0,0.5,1.0,0.0,0.36363636363636365,0.09090909090909091,0.09090909090909091,0.5454545454545454,1.0,0.09090909090909091,1.0,0.18181818181818182,0.4090909090909091
e02e0894fa7cbf0c90cc5f461208cbca48d38433bb48d847e8a331b29f94ff83,-71324343#4,-619184994,0.36363636363636365,0.36363636363636365,0.0,0.0,0.9090909090909091,0.5,0.09090909090909091,0.9090909090909091,0.9090909090909091,0.6363636363636364,0.6363636363636364,0.22727272727272727,0.36363636363636365,1.0,0.36363636363636365,0.45454545454545453,0.7727272727272727
68d372198fc55de86a63faf76dac92b3f8720f1c7b321684d353462a05676452,-101607098#1,100475365#1,0.18181818181818182,0.18181818181818182,0.09090909090909091,0.09090909090909091,0.45454545454545453,0.18181818181818182,0.8181818181818182,0.18181818181818182,0.5,0.8181818181818182,0.7272727272727273,1.0,0.2727272727272727,0.2727272727272727,0.18181818181818182,0.09090909090909091,0.36363636363636365
dac57a788da90e9e0c1e222769e892894e0e9cbc4d07091cee08ae68f59426bc,-101607098#1,100475365#1,0.0,0.0,0.36363636363636365,0.36363636363636365,0.45454545454545453,0.6363636363636364,0.45454545454545453,0.5454545454545454,0.5,1.0,0.9090909090909091,0.13636363636363635,0.09090909090909091,0.7272727272727273,0.0,0.2727272727272727,0.0
7faf4de8de6543d71fbf3235b1322b00ea953486bf5be9f807226cacf837814b,-101607098#1,100475365#1,0.09090909090909091,0.09090909090909091,0.2727272727272727,0.2727272727272727,0.45454545454545453,0.5454545454545454,0.5454545454545454,0.45454545454545453,0.5,0.9090909090909091,0.8181818181818182,0.13636363636363635,0.0,0.8181818181818182,0.09090909090909091,0.18181818181818182,0.09090909090909091
fdc71cc5b0c8ddd2ed71c4d0a4c68826b53e24a9c6433774ffd2c2a01f9c7771,-101607098#1,100475365#1,0.2727272727272727,0.2727272727272727,0.0,0.0,0.45454545454545453,0.09090909090909091,0.9090909090909091,0.09090909090909091,0.5,0.7272727272727273,0.6363636363636364,0.9090909090909091,0.18181818181818182,0.45454545454545453,0.2727272727272727,0.0,0.45454545454545453
9cce9c13aa8fc2521eac3add79933e5708f612d7102251ad1a5d050e6ac6e280,-101607098#1,100475365#1,1.0,0.9090909090909091,0.8181818181818182,0.8181818181818182,0.45454545454545453,0.8181818181818182,0.18181818181818182,0.7272727272727273,0.5,0.09090909090909091,0.09090909090909091,0.45454545454545453,0.8181818181818182,0.18181818181818182,0.6818181818181818,0.36363636363636365,0.9090909090909091
f501b36f03c3d4285a3bd1f92eafc7f41a397f6d0a9a42a1d512a81f46477d66,-101607098#1,100475365#1,0.36363636363636365,0.45454545454545453,0.7272727272727273,0.7272727272727273,0.45454545454545453,0.36363636363636365,0.6363636363636364,0.36363636363636365,0.5,0.5454545454545454,0.45454545454545453,0.13636363636363635,0.5454545454545454,0.36363636363636365,0.36363636363636365,0.6363636363636364,0.18181818181818182
cb7b9fcf1ec1475b180f5bf1bef2b8b9b8000afc39327389b5f6d83e85f70f58,-101607098#1,100475365#1,0.45454545454545453,0.36363636363636365,0.18181818181818182,0.18181818181818182,0.45454545454545453,0.7272727272727273,0.36363636363636365,0.6363636363636364,0.5,0.2727272727272727,0.5454545454545454,0.8181818181818182,0.36363636363636365,1.0,0.9090909090909091,0.9090909090909091,0.6363636363636364
ee9fde133afdb682271117973d3b5a2c7c769aa44d38e9f9dcbc5c789409df89,-101607098#1,100475365#1,0.7272727272727273,0.7272727272727273,0.45454545454545453,0.45454545454545453,1.0,0.45454545454545453,0.2727272727272727,1.0,0.5,0.6363636363636364,1.0,0.6363636363636364,0.7272727272727273,0.9090909090909091,1.0,1.0,0.9090909090909091
6279294ae98a663c00d43b30ae379e9b6bce20974a9b988a57b05eb732b4e957,-101607098#1,100475365#1,0.9090909090909091,1.0,1.0,1.0,0.45454545454545453,1.0,0.0,0.9090909090909091,0.5,0.0,0.0,0.36363636363636365,1.0,0.0,0.6818181818181818,0.7272727272727273,0.9090909090909091
57ba0cd81aa79dcffdb6d8fafd8f51bf5d5f370aba1748b26582cc11da668b6b,-101607098#1,100475365#1,0.8181818181818182,0.8181818181818182,0.9090909090909091,0.9090909090909091,0.45454545454545453,0.9090909090909091,0.09090909090909091,0.8181818181818182,0.5,0.18181818181818182,0.18181818181818182,0.5454545454545454,0.9090909090909091,0.09090909090909091,0.5454545454545454,0.45454545454545453,0.7272727272727273
04b6eeb386428e97d2684fe4437918dd0a97cdd1d81f5fdc8ff526b6b5c7db19,-101607098#1,100475365#1,0.5454545454545454,0.5454545454545454,0.6363636363636364,0.6363636363636364,0.45454545454545453,0.2727272727272727,0.7272727272727273,0.2727272727272727,0.5,0.45454545454545453,0.36363636363636365,0.13636363636363635,0.45454545454545453,0.5454545454545454,0.45454545454545453,0.5454545454545454,0.2727272727272727
f98465b57e8088cadca0f0f017060072f50eb6b2fef5baa955b758c7b0771fde,-101607098#1,100475365#1,0.6363636363636364,0.6363636363636364,0.5454545454545454,0.5454545454545454,0.45454545454545453,0.0,1.0,0.0,0.5,0.36363636363636365,0.2727272727272727,0.7272727272727273,0.6363636363636364,0.6363636363636364,0.8181818181818182,0.8181818181818182,0.5454545454545454
27616ba9a34385ecafb86b8331b9993a30080324b043c03ee6c83cb2a3c9b17b,101611600,-1200809291,0.2727272727272727,0.45454545454545453,0.6363636363636364,0.7272727272727273,0.18181818181818182,0.5454545454545454,0.6363636363636364,0.2727272727272727,0.7272727272727273,0.6363636363636364,0.7272727272727273,1.0,0.45454545454545453,0.7272727272727273,0.2727272727272727,0.5454545454545454,0.0
c471b9d85190c1fa4ca0fb5c0e2cebe391b34d9dace4eb3fbfe42910d3adfff3,101611600,-1200809291,0.0,0.0,0.0,0.0,0.9090909090909091,1.0,0.09090909090909091,1.0,1.0,1.0,1.0,0.7272727272727273,0.0,1.0,0.0,0.8181818181818182,0.9545454545454546
413af5aeba5bd038ceb5418a59a9751400558df7db8135229e354131eb514abc,101611600,-1200809291,0.09090909090909091,0.09090909090909091,0.2727272727272727,0.18181818181818182,0.8181818181818182,0.9090909090909091,0.18181818181818182,0.9090909090909091,0.9090909090909091,0.9090909090909091,0.45454545454545453,0.6363636363636364,0.09090909090909091,0.9090909090909091,0.09090909090909091,0.7272727272727273,0.7272727272727273
4979c05a7f68c953c3665d5b010f74ede261a9e2a3f98c34edf3ea5cf2b3f7bc,101611600,-1200809291,0.45454545454545453,0.36363636363636365,0.09090909090909091,0.36363636363636365,0.7272727272727273,0.6363636363636364,0.2727272727272727,0.8181818181818182,0.22727272727272727,0.7272727272727273,0.8181818181818182,0.45454545454545453,0.36363636363636365,0.5454545454545454,0.6818181818181818,0.18181818181818182,0.5454545454545454
696ed0c9ac648b823dda0b26684a98ec04944573a3cdfa9fdf8ca0104827c373,101611600,-1200809291,0.9090909090909091,0.9090909090909091,0.36363636363636365,0.45454545454545453,0.36363636363636365,0.09090909090909091,0.7272727272727273,0.36363636363636365,0.22727272727272727,0.18181818181818182,0.18181818181818182,0.18181818181818182,0.9090909090909091,0.09090909090909091,0.9090909090909091,0.6363636363636364,0.6363636363636364
40b7eadbbc5fc0882afa062f3b815a7f8c10de3b604c63886e51f4d9f4a3b27c,101611600,-1200809291,0.36363636363636365,0.2727272727272727,0.5454545454545454,0.6363636363636364,0.45454545454545453,0.7272727272727273,0.36363636363636365,0.6363636363636364,0.22727272727272727,0.8181818181818182,0.9090909090909091,0.5454545454545454,0.2727272727272727,0.2727272727272727,0.5454545454545454,0.2727272727272727,0.45454545454545453
f0c48fffb186c4c7ec1d79f73a7daceff173c922cb04bd7d6a219c562ae38a26,101611600,-1200809291,0.6363636363636364,0.5454545454545454,0.7272727272727273,0.8181818181818182,0.2727272727272727,0.45454545454545453,0.5454545454545454,0.45454545454545453,0.22727272727272727,0.5454545454545454,0.6363636363636364,0.36363636363636365,0.5454545454545454,0.18181818181818182,0.6818181818181818,0.09090909090909091,0.18181818181818182
ef00d294f285123ecdf038d99bd282639a1b560707730124d457f0e87f2f2f3f,101611600,-1200809291,0.5454545454545454,0.7272727272727273,0.8181818181818182,0.9090909090909091,0.09090909090909091,0.2727272727272727,0.8181818181818182,0.18181818181818182,0.6363636363636364,0.36363636363636365,0.36363636363636365,0.9090909090909091,0.6363636363636364,0.6363636363636364,0.36363636363636365,0.45454545454545453,0.2727272727272727
dd91de506175201158dae0f953eb3f2f3c984ee2151acab147d5161ac741eb6c,101611600,-1200809291,0.8181818181818182,0.8181818181818182,0.9090909090909091,1.0,0.0,0.18181818181818182,0.9090909090909091,0.09090909090909091,0.5454545454545454,0.2727272727272727,0.2727272727272727,0.8181818181818182,0.8181818181818182,0.45454545454545453,0.45454545454545453,0.36363636363636365,0.09090909090909091
f1948604a1c04284407bb013db3e91be256b0e257645d8305bc6f5f81a94c8e4,101611600,-1200809291,0.18181818181818182,0.18181818181818182,0.18181818181818182,0.09090909090909091,1.0,0.8181818181818182,0.0,0.7272727272727273,0.8181818181818182,0.09090909090909091,0.0,0.0,0.18181818181818182,0.8181818181818182,0.18181818181818182,0.9090909090909091,0.8181818181818182
bd56dde4bc2064a5b6038ac846edae39bc7cbbd33cbd51ecdef9741b65ad53e6,101611600,-1200809291,0.7272727272727273,0.6363636363636364,0.45454545454545453,0.5454545454545454,0.6363636363636364,0.36363636363636365,0.45454545454545453,0.5454545454545454,0.22727272727272727,0.45454545454545453,0.5454545454545454,0.2727272727272727,0.7272727272727273,0.36363636363636365,0.8181818181818182,0.0,0.36363636363636365
652f54c07c9b213607509e6181be2e4183f7e3b4f1cd6092ec9b6a3550b58bda,101611600,-1200809291,1.0,1.0,1.0,0.2727272727272727,0.5454545454545454,0.0,1.0,0.0,0.22727272727272727,0.0,0.09090909090909091,0.09090909090909091,1.0,0.0,1.0,1.0,0.9545454545454546
d4364fa0cc9c69df88bbff08bd0dad4a6ee7c39442eead6868fb87d1bdfdee0b,-42762428#0,-101599076#0,0.2727272727272727,0.2727272727272727,0.5,0.5,1.0,0.18181818181818182,0.5454545454545454,0.36363636363636365,0.7272727272727273,0.09090909090909091,0.09090909090909091,0.18181818181818182,0.2727272727272727,0.8181818181818182,0.2727272727272727,0.6363636363636364,0.9090909090909091
81e0518a4b79730dc81e1c145f51b6073de2949f0c5f7b7c16e82253801bd27d,-42762428#0,-101599076#0,0.09090909090909091,0.09090909090909091,0.8636363636363636,0.8636363636363636,0.09090909090909091,0.18181818181818182,1.0,0.0,0.9090909090909091,0.2727272727272727,0.2727272727272727,0.18181818181818182,0.09090909090909091,0.6363636363636364,0.09090909090909091,0.36363636363636365,0.6818181818181818
97dd1208ab5000d220f53374aae898a290d8c669d35e6e62a9b048f846568eb1,-42762428#0,-101599076#0,0.8181818181818182,0.8181818181818182,0.22727272727272727,0.22727272727272727,0.36363636363636365,0.5454545454545454,0.45454545454545453,0.5454545454545454,0.22727272727272727,0.5454545454545454,0.5454545454545454,0.5454545454545454,0.7272727272727273,0.09090909090909091,0.7272727272727273,0.18181818181818182,0.22727272727272727
782306cb7c53b3507d077d5e72e8df1ef394775710531e3b0699660abcc3745a,-42762428#0,-101599076#0,0.36363636363636365,0.36363636363636365,0.5,0.5,0.7272727272727273,0.18181818181818182,0.7272727272727273,0.2727272727272727,0.6363636363636364,0.0,0.0,0.18181818181818182,0.45454545454545453,0.2727272727272727,0.36363636363636365,0.5454545454545454,0.9090909090909091
48e3aac023329b167addcef6253fd87469d0540825678d21424a578fd659cce4,-42762428#0,-101599076#0,0.9090909090909091,0.9090909090909091,0.22727272727272727,0.22727272727272727,0.0,0.45454545454545453,0.6363636363636364,0.45454545454545453,0.5454545454545454,0.45454545454545453,0.45454545454545453,0.45454545454545453,0.9090909090909091,0.0,0.45454545454545453,0.7272727272727273,0.0
8452cf59b8ee5886bdc81f75df7dbb53762cba2d7125275e2e5f68a49d4bd82d,-42762428#0,-101599076#0,0.5454545454545454,0.45454545454545453,0.22727272727272727,0.22727272727272727,0.6363636363636364,0.8181818181818182,0.2727272727272727,0.7272727272727273,0.22727272727272727,0.9090909090909091,0.9090909090909091,0.9090909090909091,0.36363636363636365,0.36363636363636365,0.6363636363636364,0.09090909090909091,0.22727272727272727
34723470b11250a9cb3822baf11924919c6f72779bd8e40779197acf971bf9c2,-42762428#0,-101599076#0,0.0,0.0,0.8636363636363636,0.8636363636363636,0.18181818181818182,0.18181818181818182,0.9090909090909091,0.09090909090909091,1.0,0.36363636363636365,0.36363636363636365,0.18181818181818182,0.0,1.0,0.0,0.45454545454545453,0.6818181818181818
c4bcd932dd029da6c67c206d3084d9a6c0db1b8079012543f7a461c292e91df4,-42762428#0,-101599076#0,0.45454545454545453,0.6363636363636364,0.6363636363636364,0.6363636363636364,0.8181818181818182,0.9090909090909091,0.09090909090909091,0.9090909090909091,0.22727272727272727,0.7272727272727273,0.7272727272727273,0.7272727272727273,0.8181818181818182,0.9090909090909091,0.8181818181818182,0.9090909090909091,0.36363636363636365
b281efb6810a7f3899c89f936d816fe9073e3c35b7cdf05bf79a8f0c4ea135b2,-42762428#0,-101599076#0,1.0,1.0,1.0,1.0,0.5454545454545454,1.0,0.0,1.0,0.22727272727272727,1.0,1.0,1.0,1.0,0.5454545454545454,1.0,1.0,0.9090909090909091
037fe463cc1299b826185bcca189e1f17083311db5e707799f3fe64e05c5dbae,-42762428#0,-101599076#0,0.18181818181818182,0.18181818181818182,0.7272727272727273,0.7272727272727273,0.2727272727272727,0.18181818181818182,0.8181818181818182,0.18181818181818182,0.8181818181818182,0.18181818181818182,0.18181818181818182,0.18181818181818182,0.18181818181818182,0.7272727272727273,0.18181818181818182,0.2727272727272727,0.45454545454545453
399ac98f4cdf69ab1c5246edea613fce060454f64d595cb43227e54cd9c344d6,-42762428#0,-101599076#0,0.6363636363636364,0.5454545454545454,0.0,0.0,0.9090909090909091,0.7272727272727273,0.18181818181818182,0.8181818181818182,0.22727272727272727,0.8181818181818182,0.8181818181818182,0.8181818181818182,0.5454545454545454,0.45454545454545453,0.5454545454545454,0.0,0.09090909090909091
1b30bb952e81bc6216b3207da5d4736e2cd016adaab38f8f153ae5d0d406f368,-42762428#0,-101599076#0,0.7272727272727273,0.7272727272727273,0.22727272727272727,0.22727272727272727,0.45454545454545453,0.6363636363636364,0.36363636363636365,0.6363636363636364,0.22727272727272727,0.6363636363636364,0.6363636363636364,0.6363636363636364,0.6363636363636364,0.18181818181818182,0.9090909090909091,0.8181818181818182,0.5454545454545454
77d019d857de0d25209d28bf1e0cf017688f107a0256b95a2fcd8e73cb5dab10,526438862#0,-100468681#0,0.36363636363636365,0.36363636363636365,0.5454545454545454,0.2727272727272727,0.45454545454545453,0.18181818181818182,1.0,0.09090909090909091,0.6363636363636364,0.36363636363636365,0.09090909090909091,0.36363636363636365,0.36363636363636365,0.36363636363636365,0.9090909090909091,0.8181818181818182,0.5454545454545454
eecffcee14872af60e387c04870076d49af0c9a9be3eb07956d1ebd1ae9175b8,526438862#0,-100468681#0,0.45454545454545453,0.45454545454545453,0.45454545454545453,0.18181818181818182,0.36363636363636365,0.6363636363636364,0.6363636363636364,0.45454545454545453,0.5454545454545454,0.8181818181818182,0.8181818181818182,1.0,0.45454545454545453,0.09090909090909091,0.36363636363636365,0.09090909090909091,0.09090909090909091
1acaf7d5155acab49bb48b1594eb4840281ecba06ad0e16ca91dfbd2452b66a1,526438862#0,-100468681#0,0.18181818181818182,0.09090909090909091,0.9090909090909091,0.7272727272727273,0.6363636363636364,0.9090909090909091,0.18181818181818182,0.18181818181818182,0.9090909090909091,0.09090909090909091,0.2727272727272727,0.6363636363636364,0.09090909090909091,0.7272727272727273,0.18181818181818182,0.0,0.5454545454545454
3bad503d101e3437e0b97e1c56979314cd0c311f501f2a049fe8d907ea895dd9,526438862#0,-100468681#0,0.5454545454545454,0.5454545454545454,0.36363636363636365,0.09090909090909091,0.2727272727272727,0.5454545454545454,0.7272727272727273,0.36363636363636365,0.45454545454545453,0.7272727272727273,0.7272727272727273,0.9090909090909091,0.5454545454545454,0.2727272727272727,0.5454545454545454,0.2727272727272727,0.18181818181818182
f215e4b4e4870c773f6facadb31d5e3f2909bfb4d326137437f51a7a424eccac,526438862#0,-100468681#0,0.2727272727272727,0.18181818181818182,0.7272727272727273,0.45454545454545453,0.5454545454545454,0.8181818181818182,0.2727272727272727,0.2727272727272727,0.8181818181818182,0.0,0.18181818181818182,0.5454545454545454,0.18181818181818182,0.8181818181818182,0.2727272727272727,0.18181818181818182,0.7272727272727273
3e347ac81b925f5125daef4fbad5f1981536a76b66ca41f4febfa1fe87843b51,526438862#0,-100468681#0,0.7272727272727273,0.7272727272727273,0.2727272727272727,0.0,0.7272727272727273,0.36363636363636365,0.5454545454545454,0.6363636363636364,0.2727272727272727,0.5454545454545454,0.6363636363636364,0.2727272727272727,0.7272727272727273,0.0,0.45454545454545453,0.36363636363636365,0.0
dd2194f1b0ac0f43c51cb72f92b9e1955dd1cc52a65d138be4e06d9f8e2de828,526438862#0,-100468681#0,0.8181818181818182,0.8181818181818182,0.18181818181818182,1.0,0.18181818181818182,0.45454545454545453,0.36363636363636365,1.0,0.09090909090909091,0.45454545454545453,0.5454545454545454,0.18181818181818182,0.8181818181818182,0.6363636363636364,0.6363636363636364,0.6363636363636364,0.5454545454545454
d7d006410a38d7d56406ff1bdd128562a4b6bd18f32ac0429bfcfa3b88ce10ec,526438862#0,-100468681#0,1.0,1.0,0.0,0.8181818181818182,0.0,0.09090909090909091,0.8181818181818182,0.9090909090909091,0.09090909090909091,1.0,1.0,0.8181818181818182,1.0,0.18181818181818182,0.8181818181818182,0.7272727272727273,0.3181818181818182
99267bde2bc5447e22942d858d7c907561da6706546ffc393d2412d94b1a856f,526438862#0,-100468681#0,0.0,0.0,0.6363636363636364,0.36363636363636365,1.0,1.0,0.0,0.0,1.0,0.18181818181818182,0.36363636363636365,0.7272727272727273,0.0,1.0,0.0,0.45454545454545453,0.8181818181818182
0a6088b06c0755d9bc03d85763a5b1ebc6f80144703ebd985861d8202fa49500,526438862#0,-100468681#0,0.9090909090909091,0.9090909090909091,0.09090909090909091,0.9090909090909091,0.09090909090909091,0.0,0.9090909090909091,0.8181818181818182,0.09090909090909091,0.6363636363636364,0.45454545454545453,0.09090909090909091,0.9090909090909091,0.45454545454545453,1.0,1.0,0.9545454545454546
6be73f436f084e583cbb8c7ee4e3a3ddd0f052f801e4d35554a4a2aa5fbc3912,526438862#0,-100468681#0,0.6363636363636364,0.6363636363636364,0.8181818181818182,0.5454545454545454,0.8181818181818182,0.2727272727272727,0.45454545454545453,0.7272727272727273,0.36363636363636365,0.2727272727272727,0.0,0.0,0.6363636363636364,0.5454545454545454,0.7272727272727273,0.9090909090909091,0.3181818181818182
93a72c15c2ba273f29fb4e85981f7785482cd922ccabf7f9785ac613134f5050,526438862#0,-100468681#0,0.09090909090909091,0.2727272727272727,1.0,0.6363636363636364,0.9090909090909091,0.7272727272727273,0.09090909090909091,0.5454545454545454,0.7272727272727273,0.9090909090909091,0.9090909090909091,0.45454545454545453,0.2727272727272727,0.9090909090909091,0.09090909090909091,0.5454545454545454,0.9545454545454546
09787e139c26b9d4ac6f89b457c71adc8d511146b4ef4ebc1973e42247776eb4,100475365#1,71324347#3,0.18181818181818182,0.09090909090909091,0.8181818181818182,0.8181818181818182,1.0,0.7272727272727273,0.0,0.9090909090909091,1.0,1.0,1.0,1.0,0.09090909090909091,0.9090909090909091,0.7727272727272727,0.8181818181818182,0.9545454545454546
f70a6ee2424c347dcfc186a668889f1d526fc79c599be144f05e5abaa44e30d7,100475365#1,71324347#3,0.6363636363636364,0.45454545454545453,0.7272727272727273,0.9090909090909091,0.09090909090909091,0.2727272727272727,0.6363636363636364,0.36363636363636365,0.36363636363636365,0.7272727272727273,0.7272727272727273,0.22727272727272727,0.45454545454545453,0.5454545454545454,0.2727272727272727,0.36363636363636365,0.6363636363636364
454cba6e2ee564001f2343687b4e0c0656b9ba4e6770cd3278d9379e501ba008,100475365#1,71324347#3,0.36363636363636365,0.36363636363636365,0.36363636363636365,0.45454545454545453,0.5454545454545454,0.2727272727272727,0.45454545454545453,0.5454545454545454,0.36363636363636365,0.8181818181818182,0.8181818181818182,0.8181818181818182,0.36363636363636365,0.6363636363636364,0.36363636363636365,0.2727272727272727,0.3181818181818182
38975ca6fd051e5641da5c8b49ec5fbd32f2847457624823e595f14ebd605b75,100475365#1,71324347#3,0.0,0.0,0.2727272727272727,0.6363636363636364,0.36363636363636365,0.2727272727272727,0.5454545454545454,0.45454545454545453,0.36363636363636365,0.45454545454545453,0.45454545454545453,0.22727272727272727,0.0,1.0,0.0,0.0,0.045454545454545456
76def6fc027ef36c46e0ac5cc73027eeced57bf1168383ab362cc73588ac9067,100475365#1,71324347#3,0.09090909090909091,0.18181818181818182,0.45454545454545453,0.7272727272727273,0.2727272727272727,0.2727272727272727,0.7272727272727273,0.2727272727272727,0.36363636363636365,0.2727272727272727,0.2727272727272727,0.22727272727272727,0.18181818181818182,0.7272727272727273,0.09090909090909091,0.09090909090909091,0.045454545454545456
d9206d0c15a162dab8139219cff63213a87aceb1f2d7a6637bf5467ed1c3b390,100475365#1,71324347#3,0.2727272727272727,0.2727272727272727,0.13636363636363635,0.2727272727272727,0.6363636363636364,0.2727272727272727,0.2727272727272727,0.6363636363636364,0.36363636363636365,0.9090909090909091,0.9090909090909091,0.9090909090909091,0.2727272727272727,0.8181818181818182,0.18181818181818182,0.18181818181818182,0.3181818181818182
044fb85a92191620b5af92e3757a7ec293d5d11f4e8e8e70f223c2f6a64ff16a,100475365#1,71324347#3,0.7272727272727273,0.8181818181818182,0.13636363636363635,0.36363636363636365,0.8181818181818182,0.9090909090909091,0.18181818181818182,0.8181818181818182,0.36363636363636365,0.09090909090909091,0.0,0.22727272727272727,0.8181818181818182,0.0,0.6363636363636364,0.6363636363636364,0.3181818181818182
7ed3ff8cc8cfe0bc486d779a4120b65636a4e04b7161c475e30ffb51656ef822,100475365#1,71324347#3,0.9090909090909091,0.9090909090909091,0.6363636363636364,0.09090909090909091,0.45454545454545453,0.2727272727272727,1.0,0.0,0.9090909090909091,0.0,0.18181818181818182,0.5454545454545454,0.9090909090909091,0.36363636363636365,0.7727272727272727,0.7272727272727273,0.8181818181818182
cdad95a15b3a7abb5890c294e6f8b0ac13a3c68c0de3fdd8a69b21233087433f,100475365#1,71324347#3,1.0,1.0,0.5454545454545454,0.0,0.7272727272727273,0.8181818181818182,0.36363636363636365,0.7272727272727273,0.8181818181818182,0.36363636363636365,0.36363636363636365,0.7272727272727273,1.0,0.09090909090909091,0.9090909090909091,0.9090909090909091,0.9545454545454546
8779d59231155573cad27f60cb4cde5b66dfa694f00b0c63b41f1eb54765c41a,100475365#1,71324347#3,0.5454545454545454,0.7272727272727273,0.0,0.18181818181818182,0.9090909090909091,1.0,0.09090909090909091,1.0,0.36363636363636365,0.18181818181818182,0.09090909090909091,0.22727272727272727,0.7272727272727273,0.18181818181818182,0.5454545454545454,0.5454545454545454,0.3181818181818182
134c08b3aef97ac332ec862f48bc1f46320063e28feb6cda9748cffec15bc50d,100475365#1,71324347#3,0.8181818181818182,0.6363636363636364,0.9090909090909091,1.0,0.0,0.2727272727272727,0.8181818181818182,0.18181818181818182,0.36363636363636365,0.5454545454545454,0.5454545454545454,0.22727272727272727,0.6363636363636364,0.45454545454545453,0.45454545454545453,0.45454545454545453,0.6363636363636364
72fad34ca3564c3483e073db192a43550c3b5bd9f9db14eb4e7e92ab8d853743,100475365#1,71324347#3,0.45454545454545453,0.5454545454545454,1.0,0.5454545454545454,0.18181818181818182,0.6363636363636364,0.9090909090909091,0.09090909090909091,0.36363636363636365,0.6363636363636364,0.6363636363636364,0.6363636363636364,0.5454545454545454,0.2727272727272727,1.0,1.0,0.6363636363636364
967c23fee05fc8907e156dfa018858f65616bad42610a5b0851f1278a80872a5,-100468681#0,-1200809291,0.0,0.0,0.8181818181818182,0.6363636363636364,0.8181818181818182,0.9090909090909091,0.18181818181818182,0.18181818181818182,1.0,0.5454545454545454,0.45454545454545453,0.9090909090909091,0.0,0.8181818181818182,0.0,0.0,0.0
a786ebc399e443121bf7e0f48460d5064d4409c83e1b0e57871bcbdb9fb63265,-100468681#0,-1200809291,0.2727272727272727,0.2727272727272727,0.18181818181818182,0.18181818181818182,0.5454545454545454,0.7272727272727273,0.36363636363636365,0.45454545454545453,0.7272727272727273,0.8181818181818182,0.7272727272727273,0.6363636363636364,0.36363636363636365,0.36363636363636365,0.45454545454545453,0.36363636363636365,0.45454545454545453
f4446324afe0e72bd15e8394213249e08ce763a820d8ff9cafa8d87066de2ee3,-100468681#0,-1200809291,0.7272727272727273,0.6363636363636364,0.7272727272727273,1.0,0.18181818181818182,0.5454545454545454,0.5454545454545454,0.7272727272727273,0.09090909090909091,0.36363636363636365,0.5454545454545454,0.36363636363636365,0.6363636363636364,0.5454545454545454,0.5454545454545454,0.5454545454545454,0.6363636363636364
0b26df85e76bb5bd47b0ca44f4ff8143b328e41da7d97606f2c474a9c3d0de2e,-100468681#0,-1200809291,0.18181818181818182,0.18181818181818182,0.09090909090909091,0.0,0.6363636363636364,0.6363636363636364,0.45454545454545453,0.5454545454545454,0.8181818181818182,0.9090909090909091,0.8181818181818182,0.7272727272727273,0.18181818181818182,0.45454545454545453,0.36363636363636365,0.18181818181818182,0.36363636363636365
a5c469a13ed1fe72ac8f6e0cc32a2a63419f5583aae05e5779b3aa56d06a26fb,-100468681#0,-1200809291,0.9090909090909091,0.9090909090909091,0.5454545454545454,0.8181818181818182,0.2727272727272727,0.36363636363636365,0.6363636363636364,1.0,0.09090909090909091,0.2727272727272727,0.2727272727272727,0.18181818181818182,0.9090909090909091,0.9090909090909091,0.9090909090909091,0.9090909090909091,0.7727272727272727
4d05342d8e537e6a560a4d819c066309f02a93f0c332b3ce7ca32fc8d39e221b,-100468681#0,-1200809291,0.09090909090909091,0.09090909090909091,0.9090909090909091,0.5454545454545454,0.7272727272727273,1.0,0.09090909090909091,0.09090909090909091,0.9090909090909091,0.45454545454545453,0.36363636363636365,0.8181818181818182,0.09090909090909091,0.7272727272727273,0.09090909090909091,0.09090909090909091,0.09090909090909091
ce4bce68419238423c84fa233bfca06a834bbfe6b2107c628540464c48291dcb,-100468681#0,-1200809291,0.6363636363636364,0.7272727272727273,0.45454545454545453,0.2727272727272727,0.9090909090909091,0.45454545454545453,0.2727272727272727,0.36363636363636365,0.36363636363636365,0.09090909090909091,0.09090909090909091,0.045454545454545456,0.7272727272727273,0.18181818181818182,0.2727272727272727,0.45454545454545453,0.2727272727272727
6627b2707af28fff40334c7f07f53f6d77325c3cdcc869f26bfc0d24503b7d9a,-100468681#0,-1200809291,1.0,1.0,0.36363636363636365,0.7272727272727273,0.0,0.09090909090909091,1.0,0.2727272727272727,0.2727272727272727,0.18181818181818182,0.18181818181818182,1.0,1.0,0.0,0.6363636363636364,0.7272727272727273,0.5454545454545454
223bac1a8a60c2cbacd134d871756abde0a3d94508c4450baccafaced341ec63,-100468681#0,-1200809291,0.45454545454545453,0.5454545454545454,1.0,0.36363636363636365,0.36363636363636365,0.18181818181818182,0.7272727272727273,0.9090909090909091,0.45454545454545453,0.6363636363636364,0.6363636363636364,0.45454545454545453,0.5454545454545454,1.0,0.8181818181818182,1.0,0.9545454545454546
7254f23ee215d1d2ecd446c404bcec7ce5161fbea1b3bf9cbbf39e3e00ea40c5,-100468681#0,-1200809291,0.36363636363636365,0.36363636363636365,0.6363636363636364,0.45454545454545453,1.0,0.8181818181818182,0.0,0.0,0.6363636363636364,0.0,0.0,0.045454545454545456,0.2727272727272727,0.6363636363636364,0.18181818181818182,0.2727272727272727,0.18181818181818182
df54287eeff8206bd7649adeba2ecd7638d55ebc53ca8b4a945576289d176f93,-100468681#0,-1200809291,0.5454545454545454,0.45454545454545453,0.2727272727272727,0.09090909090909091,0.45454545454545453,0.0,0.8181818181818182,0.8181818181818182,0.5454545454545454,1.0,1.0,0.5454545454545454,0.45454545454545453,0.2727272727272727,0.7272727272727273,0.8181818181818182,0.7727272727272727
208d6156a0617e98169b42f9abfa380348a06c5bafb08f4d466de26bf78e6620,-100468681#0,-1200809291,0.8181818181818182,0.8181818181818182,0.0,0.9090909090909091,0.09090909090909091,0.2727272727272727,0.9090909090909091,0.6363636363636364,0.09090909090909091,0.7272727272727273,0.9090909090909091,0.2727272727272727,0.8181818181818182,0.09090909090909091,1.0,0.6363636363636364,0.9545454545454546
1a353ceeb578bd13c35c9ab4312cacde75c85e420c3b3b0125939d40b6a816f3,-100468681#0,-101749458#0,0.09090909090909091,0.09090909090909091,0.9090909090909091,0.7727272727272727,0.7272727272727273,0.8181818181818182,0.18181818181818182,0.45454545454545453,0.9090909090909091,0.09090909090909091,0.6363636363636364,0.6363636363636364,0.09090909090909091,0.45454545454545453,0.18181818181818182,0.0,0.0
5411fb5ea15dd488e7f78eeeacbb310f3c3d19a14fa8eb1ebc23ee7867e54ad9,-100468681#0,-101749458#0,1.0,1.0,0.09090909090909091,0.9090909090909091,0.5454545454545454,0.0,0.7272727272727273,1.0,0.09090909090909091,0.9090909090909091,0.5454545454545454,0.045454545454545456,0.9090909090909091,0.8181818181818182,0.7272727272727273,0.9090909090909091,0.5454545454545454
54c99b4cf85b92f756fe1eacc107f0c6ac9f853f0510d69c93624b622bda3899,-100468681#0,-101749458#0,0.36363636363636365,0.36363636363636365,0.6363636363636364,0.5454545454545454,0.18181818181818182,0.36363636363636365,0.8181818181818182,0.18181818181818182,0.0,0.5454545454545454,0.45454545454545453,0.36363636363636365,0.36363636363636365,0.5454545454545454,1.0,1.0,0.9090909090909091
fb6f88a9dc99f7032b5b26e7de671838053299531c2e776c0c82e4524f3a6bb0,-100468681#0,-101749458#0,0.8181818181818182,0.9090909090909091,0.5454545454545454,0.2727272727272727,0.0,0.09090909090909091,1.0,0.0,0.18181818181818182,0.2727272727272727,0.18181818181818182,0.18181818181818182,1.0,0.18181818181818182,0.8636363636363636,0.8181818181818182,0.9090909090909091
5f93f3bf6b73dd85819bef58ca330bd97afd3d96078f664a3e9abdc098b6aa66,-100468681#0,-101749458#0,0.45454545454545453,0.45454545454545453,0.2727272727272727,0.09090909090909091,0.09090909090909091,0.18181818181818182,0.9090909090909091,0.09090909090909091,0.6363636363636364,0.45454545454545453,0.36363636363636365,0.2727272727272727,0.45454545454545453,0.9090909090909091,0.8636363636363636,0.7272727272727273,0.9090909090909091
beefbd1a97689b1be1b3c8856105ff24f76c752b3f213c10091c932c6834cd1c,-100468681#0,-101749458#0,0.6363636363636364,0.6363636363636364,0.45454545454545453,0.36363636363636365,0.2727272727272727,0.45454545454545453,0.6363636363636364,0.8181818181818182,0.45454545454545453,0.7272727272727273,0.9090909090909091,0.9090909090909091,0.6363636363636364,0.0,0.5454545454545454,0.36363636363636365,0.6363636363636364
85f835f11770ab763d51c2057b0e34f5cf1c0207b1533dc4a8acc42f217c4de8,-100468681#0,-101749458#0,0.2727272727272727,0.2727272727272727,0.18181818181818182,0.0,0.45454545454545453,0.6363636363636364,0.5454545454545454,0.7272727272727273,0.7272727272727273,0.6363636363636364,0.8181818181818182,0.45454545454545453,0.2727272727272727,0.36363636363636365,0.2727272727272727,0.2727272727272727,0.45454545454545453
e8d652b530d48b61f4ae7d59bd3a903911d28e51a2461fd382211667d956e3aa,-100468681#0,-101749458#0,0.5454545454545454,0.5454545454545454,0.36363636363636365,0.18181818181818182,0.8181818181818182,0.5454545454545454,0.36363636363636365,0.6363636363636364,0.5454545454545454,0.8181818181818182,0.7272727272727273,1.0,0.5454545454545454,0.09090909090909091,0.45454545454545453,0.45454545454545453,0.7272727272727273
dd701524e24c5f5c23fcd86872cca93e8030fead4fefaed6799f70ce86cc3d4b,-100468681#0,-101749458#0,0.18181818181818182,0.18181818181818182,0.8181818181818182,0.6363636363636364,0.9090909090909091,1.0,0.0,0.2727272727272727,0.8181818181818182,0.0,0.0,0.5454545454545454,0.18181818181818182,0.6363636363636364,0.09090909090909091,0.09090909090909091,0.18181818181818182
70bb2f230b3b4734e07a77faa9e524c7cb97048a2b568289c0f215a4e6b650be,-100468681#0,-101749458#0,0.0,0.0,0.7272727272727273,0.7727272727272727,1.0,0.9090909090909091,0.09090909090909091,0.36363636363636365,1.0,0.18181818181818182,0.09090909090909091,0.7272727272727273,0.0,0.7272727272727273,0.0,0.18181818181818182,0.09090909090909091
30cdeaf4cbef56fd8f0a831da64407a5724425085ec8536e00725c3cd8eaee8f,-100468681#0,-101749458#0,0.7272727272727273,0.8181818181818182,1.0,0.45454545454545453,0.36363636363636365,0.7272727272727273,0.45454545454545453,0.5454545454545454,0.2727272727272727,1.0,1.0,0.8181818181818182,0.8181818181818182,0.2727272727272727,0.36363636363636365,0.5454545454545454,0.2727272727272727
2ee2b8ac0740fec8bc245d0fcb7ecce2bcdfeea903fb35c5beaf85289036ce72,-100468681#0,-101749458#0,0.9090909090909091,0.7272727272727273,0.0,1.0,0.6363636363636364,0.2727272727272727,0.2727272727272727,0.9090909090909091,0.36363636363636365,0.36363636363636365,0.2727272727272727,0.045454545454545456,0.7272727272727273,1.0,0.6363636363636364,0.6363636363636364,0.36363636363636365
8bc2e5a8a2fb3bfa7ffae327f270187293c1d27f99d188796920c44248b6de35,101417074,463830226#1,0.45454545454545453,0.6363636363636364,0.5454545454545454,0.5454545454545454,0.36363636363636365,0.5,0.6363636363636364,0.36363636363636365,0.45454545454545453,0.36363636363636365,0.36363636363636365,0.36363636363636365,0.6363636363636364,0.45454545454545453,0.22727272727272727,0.5454545454545454,0.6818181818181818
c5b4a49e6255b4f23693d30ddcca32f1bb0d0e390b16ac2fcd5b409026d6671d,101417074,463830226#1,0.0,0.0,0.0,0.0,0.36363636363636365,0.5,0.6363636363636364,0.36363636363636365,0.45454545454545453,0.36363636363636365,0.36363636363636365,0.36363636363636365,0.0,0.7272727272727273,0.0,0.0,0.22727272727272727
d00c55aba4367ddaf8f3fd6c0d53af7cdf79eac25e2a5c0806aefb762e6f90b4,101417074,463830226#1,0.36363636363636365,0.18181818181818182,0.09090909090909091,0.09090909090909091,0.9090909090909091,0.5,0.09090909090909091,0.9090909090909091,0.45454545454545453,1.0,1.0,1.0,0.18181818181818182,1.0,0.8181818181818182,0.8181818181818182,0.0
e494beeba8999ea738f154b72f686b12a2dc40ec4e3348aea144afaea34ee57a,101417074,463830226#1,0.18181818181818182,0.36363636363636365,0.9090909090909091,0.6363636363636364,1.0,0.5,0.0,1.0,1.0,0.9090909090909091,0.9090909090909091,0.9090909090909091,0.36363636363636365,0.8181818181818182,1.0,1.0,0.9545454545454546
56017d82f9b383fd1e78c59d4e52c2cf266825f4bc3c3e8b61e3e4941eeffec5,101417074,463830226#1,0.2727272727272727,0.2727272727272727,0.6363636363636364,1.0,0.36363636363636365,0.5,0.6363636363636364,0.36363636363636365,0.45454545454545453,0.36363636363636365,0.36363636363636365,0.36363636363636365,0.2727272727272727,0.18181818181818182,0.45454545454545453,0.18181818181818182,0.36363636363636365
9f02c44f0d45c1677a99ae5f32d900fd85ae79a845fd5db2babe06d11681fdcf,101417074,463830226#1,0.6363636363636364,0.7272727272727273,1.0,0.9090909090909091,0.36363636363636365,0.5,0.6363636363636364,0.36363636363636365,0.45454545454545453,0.36363636363636365,0.36363636363636365,0.36363636363636365,0.7272727272727273,0.0,0.7272727272727273,0.45454545454545453,0.45454545454545453
514a8203fb2d5aef533dce98fb505262e96b06c59eb7107449b1bf48750cf2f1,101417074,463830226#1,0.09090909090909091,0.09090909090909091,0.18181818181818182,0.2727272727272727,0.36363636363636365,0.5,0.6363636363636364,0.36363636363636365,0.45454545454545453,0.36363636363636365,0.36363636363636365,0.36363636363636365,0.09090909090909091,0.36363636363636365,0.09090909090909091,0.09090909090909091,0.22727272727272727
7421131e73297a5fd9ebf6a7f976718d987d13b591311ba83e980b21c05fa395,101417074,463830226#1,0.7272727272727273,0.5454545454545454,0.7727272727272727,0.7727272727272727,0.36363636363636365,0.5,0.6363636363636364,0.36363636363636365,0.45454545454545453,0.36363636363636365,0.36363636363636365,0.36363636363636365,0.5454545454545454,0.5454545454545454,0.5909090909090909,0.6363636363636364,0.6818181818181818
8c09934087eb5f22dd5411b61e401bfad6a8b57d5f01ba280d263923b48c3daf,101417074,463830226#1,1.0,1.0,0.4090909090909091,0.45454545454545453,0.36363636363636365,0.5,0.6363636363636364,0.36363636363636365,0.45454545454545453,0.36363636363636365,0.36363636363636365,0.36363636363636365,1.0,0.2727272727272727,0.36363636363636365,0.7272727272727273,0.9545454545454546
a2d04e80de92c66a193eef7eb703fec8baba62ae75224017b1d62fb9bf7c9b89,101417074,463830226#1,0.5454545454545454,0.45454545454545453,0.2727272727272727,0.18181818181818182,0.36363636363636365,0.5,0.6363636363636364,0.36363636363636365,0.45454545454545453,0.36363636363636365,0.36363636363636365,0.36363636363636365,0.45454545454545453,0.6363636363636364,0.22727272727272727,0.2727272727272727,0.6818181818181818
aa173d7d8dfd72e6ba60269a6e245deae33c8d50931755d1732ff4b9681e20d5,101417074,463830226#1,0.8181818181818182,0.9090909090909091,0.7727272727272727,0.7727272727272727,0.36363636363636365,0.5,0.6363636363636364,0.36363636363636365,0.45454545454545453,0.36363636363636365,0.36363636363636365,0.36363636363636365,0.9090909090909091,0.09090909090909091,0.5909090909090909,0.36363636363636365,0.6818181818181818
f1606da73fb7a39b051fe026970d63746a2034fa6578beddcd70642b927bbb20,101417074,463830226#1,0.9090909090909091,0.8181818181818182,0.4090909090909091,0.36363636363636365,0.8181818181818182,0.5,0.18181818181818182,0.8181818181818182,0.45454545454545453,0.8181818181818182,0.8181818181818182,0.8181818181818182,0.8181818181818182,0.9090909090909091,0.9090909090909091,0.9090909090909091,0.09090909090909091
b8c698e0c007cfc4b618713807a331d37a9f8e6cf992fa11890a046776aa57f2,71324343#3,526438862#2,0.36363636363636365,0.18181818181818182,0.0,0.36363636363636365,0.6363636363636364,0.45454545454545453,0.36363636363636365,0.7272727272727273,0.4090909090909091,0.7272727272727273,0.8181818181818182,0.8181818181818182,0.36363636363636365,0.7272727272727273,0.2727272727272727,0.09090909090909091,0.18181818181818182
84c3082b0c91d78ce47cdf48b8bff7728e9bd98ddf60c37c02d698ba0258657e,71324343#3,526438862#2,0.18181818181818182,0.36363636363636365,0.7272727272727273,0.9090909090909091,0.45454545454545453,0.45454545454545453,0.5454545454545454,0.45454545454545453,0.4090909090909091,0.5454545454545454,0.6363636363636364,0.6363636363636364,0.2727272727272727,0.6363636363636364,0.6818181818181818,0.18181818181818182,0.5909090909090909
509cabdae4187668909e7629b86f6477634a7a3bbe7104e5cb1e7fd56d82cccf,71324343#3,526438862#2,0.7272727272727273,0.9090909090909091,1.0,0.09090909090909091,0.9090909090909091,0.45454545454545453,0.18181818181818182,0.6363636363636364,0.9090909090909091,0.9090909090909091,0.09090909090909091,0.18181818181818182,0.9090909090909091,0.18181818181818182,0.09090909090909091,0.8181818181818182,0.0
7007a9f769cec16466ea7d37ff44dcfe747a7e78232e9b35f97f4913773f922a,71324343#3,526438862#2,1.0,1.0,0.6363636363636364,0.2727272727272727,0.0,0.45454545454545453,1.0,0.0,0.4090909090909091,0.0,0.0,0.09090909090909091,1.0,0.0,1.0,0.7272727272727273,0.9545454545454546
3fe67ff7af44d6d07a9da54c47c9b686a488af10e8362128d60776d8d34c851c,71324343#3,526438862#2,0.9090909090909091,0.8181818181818182,0.36363636363636365,0.18181818181818182,0.8181818181818182,0.45454545454545453,0.09090909090909091,0.9090909090909091,0.4090909090909091,0.09090909090909091,0.18181818181818182,0.0,0.8181818181818182,0.9090909090909091,0.18181818181818182,0.9090909090909091,0.09090909090909091
ce7a312a7bc870e7ea7e7728a56b9b685f3bd9aac8788a27f3298447722e5563,71324343#3,526438862#2,0.09090909090909091,0.09090909090909091,0.09090909090909091,0.45454545454545453,0.7272727272727273,0.45454545454545453,0.2727272727272727,0.8181818181818182,0.4090909090909091,0.8181818181818182,0.9090909090909091,0.9090909090909091,0.0,0.5454545454545454,0.5,0.0,0.4090909090909091
ae6a5f82c170940d5f9cbaf20b065de6b9a3e201ce33182e510e1b2d29577b95,71324343#3,526438862#2,0.5454545454545454,0.5454545454545454,0.9090909090909091,1.0,0.2727272727272727,0.45454545454545453,0.7272727272727273,0.2727272727272727,0.4090909090909091,0.36363636363636365,0.45454545454545453,0.45454545454545453,0.5454545454545454,0.2727272727272727,0.8181818181818182,0.6363636363636364,0.7272727272727273
f57b5c6cdf83fbe9883eaf9e71ffa943cc66ced0b206b17c26275cc3583c80c0,71324343#3,526438862#2,0.45454545454545453,0.45454545454545453,0.5454545454545454,0.6363636363636364,0.36363636363636365,0.45454545454545453,0.6363636363636364,0.36363636363636365,0.4090909090909091,0.45454545454545453,0.5454545454545454,0.5454545454545454,0.45454545454545453,0.8181818181818182,0.36363636363636365,0.5454545454545454,0.2727272727272727
40c8440355f7439af288b658e2610112166ed0d833ab7b36b529d740058cb2ec,71324343#3,526438862#2,0.8181818181818182,0.7272727272727273,0.18181818181818182,0.5454545454545454,0.09090909090909091,0.45454545454545453,0.9090909090909091,0.09090909090909091,0.4090909090909091,0.18181818181818182,0.2727272727272727,0.2727272727272727,0.7272727272727273,0.09090909090909091,0.6818181818181818,0.2727272727272727,0.5909090909090909
609553b63fe8a5b1d64dedb17de8ec5871ee79d0429562dc31e4d0063e97ec91,71324343#3,526438862#2,0.6363636363636364,0.6363636363636364,0.8181818181818182,0.8181818181818182,0.18181818181818182,0.45454545454545453,0.8181818181818182,0.18181818181818182,0.4090909090909091,0.2727272727272727,0.36363636363636365,0.36363636363636365,0.6363636363636364,0.45454545454545453,0.9090909090909091,0.45454545454545453,0.8181818181818182
43a22a60c8ddaea21e46b760e6d85dd75c19602d47e33baa045f7e8e6aba96f0,71324343#3,526438862#2,0.2727272727272727,0.2727272727272727,0.2727272727272727,0.7272727272727273,0.5454545454545454,0.45454545454545453,0.45454545454545453,0.5454545454545454,0.4090909090909091,0.6363636363636364,0.7272727272727273,0.7272727272727273,0.18181818181818182,0.36363636363636365,0.5,0.36363636363636365,0.4090909090909091
1335606cc5527ae3f6779754090451188d3a9d0b4a7ce9869716bbf40d45cfe3,71324343#3,526438862#2,0.0,0.0,0.45454545454545453,0.0,1.0,1.0,0.0,1.0,1.0,1.0,1.0,1.0,0.09090909090909091,1.0,0.0,1.0,0.9545454545454546
b00d987fe04a6ca5afb329cf11f735e8d6d202d916118a3c379ef53275f68ece,-101411571#0,-416409191#0,0.45454545454545453,0.18181818181818182,0.36363636363636365,0.7272727272727273,0.45454545454545453,0.8181818181818182,0.18181818181818182,0.8181818181818182,0.36363636363636365,0.6363636363636364,0.6363636363636364,0.22727272727272727,0.18181818181818182,0.45454545454545453,0.09090909090909091,0.09090909090909091,0.18181818181818182
404c2496c6a054f9171b44065bc9d6143627ec8208cbe0860eff35e0402ed446,-101411571#0,-416409191#0,0.0,0.09090909090909091,0.6363636363636364,0.36363636363636365,0.2727272727272727,0.9090909090909091,0.9090909090909091,0.09090909090909091,0.36363636363636365,0.36363636363636365,0.09090909090909091,0.7272727272727273,0.09090909090909091,0.5454545454545454,0.0,0.7272727272727273,0.2727272727272727
fea1438522df46197b6b903d30d82de444c734ce906eb258bd8535c7202fe8da,-101411571#0,-416409191#0,0.36363636363636365,0.8181818181818182,1.0,0.0,0.7272727272727273,0.18181818181818182,0.7272727272727273,0.2727272727272727,0.8181818181818182,0.09090909090909091,0.2727272727272727,0.22727272727272727,0.7272727272727273,0.2727272727272727,1.0,0.8181818181818182,0.9545454545454546
5ab96a1a520a4e3dbeb928edb553cac646a6ede36cd2e37cfd1a3e83dc1ac14b,-101411571#0,-416409191#0,0.09090909090909091,0.0,0.09090909090909091,1.0,0.5454545454545454,1.0,0.0,0.9090909090909091,0.36363636363636365,0.7272727272727273,0.7272727272727273,0.8181818181818182,0.0,0.8181818181818182,0.9090909090909091,0.5454545454545454,0.36363636363636365
52bd27fa567aabaea290062cc0fcd4cea987aec920e9d26e69688859864e992f,-101411571#0,-416409191#0,0.6363636363636364,0.6363636363636364,0.8181818181818182,0.2727272727272727,0.9090909090909091,0.36363636363636365,0.45454545454545453,0.45454545454545453,1.0,0.2727272727272727,0.45454545454545453,0.22727272727272727,0.6363636363636364,0.09090909090909091,0.8181818181818182,0.6363636363636364,0.8181818181818182
ddc197b14dddc1ff4ded0883298737ceda8f1d35938f1223a202d4d0e02e99dd,-101411571#0,-416409191#0,1.0,0.9090909090909091,0.5454545454545454,0.45454545454545453,1.0,0.0,0.2727272727272727,0.5454545454545454,0.36363636363636365,0.45454545454545453,0.18181818181818182,0.22727272727272727,0.9090909090909091,0.6363636363636364,0.45454545454545453,1.0,0.9545454545454546
47237228ccf2eb8acaab65f0c3114e36b53ead128d6de829b8c1d9b7ce217d4c,-101411571#0,-416409191#0,0.5454545454545454,0.2727272727272727,0.45454545454545453,0.6363636363636364,0.36363636363636365,0.7272727272727273,0.36363636363636365,0.7272727272727273,0.36363636363636365,0.5454545454545454,0.5454545454545454,0.22727272727272727,0.2727272727272727,0.7272727272727273,0.22727272727272727,0.0,0.045454545454545456
5106b9a1b29acd1cf597ffa5e0d4741a0189dfdb5ae149b409b516263352961e,-101411571#0,-416409191#0,0.7272727272727273,0.7272727272727273,0.9090909090909091,0.09090909090909091,0.8181818181818182,0.2727272727272727,0.5454545454545454,0.36363636363636365,0.9090909090909091,0.18181818181818182,0.36363636363636365,0.22727272727272727,0.8181818181818182,0.18181818181818182,0.5454545454545454,0.45454545454545453,0.7272727272727273
b769dee89dad9f3b4b1927f2b75cd5a89d8b01ed5de5f119f1cba08e2b699ceb,-101411571#0,-416409191#0,0.2727272727272727,0.45454545454545453,0.18181818181818182,0.9090909090909091,0.09090909090909091,0.5454545454545454,0.6363636363636364,0.6363636363636364,0.36363636363636365,0.9090909090909091,0.9090909090909091,0.9090909090909091,0.45454545454545453,0.9090909090909091,0.6363636363636364,0.2727272727272727,0.6363636363636364
c9ef6f3cbd350a5eb6434557964aca4134ea78460499c95421137a9656ea8f8b,-101411571#0,-416409191#0,0.8181818181818182,1.0,0.7272727272727273,0.18181818181818182,0.18181818181818182,0.09090909090909091,1.0,0.0,0.36363636363636365,0.0,0.0,0.5454545454545454,1.0,0.0,0.36363636363636365,0.9090909090909091,0.45454545454545453
4461bb449e1c2cd1062867f6cf9ac94c158e98f885b25840440df23bdad5a9ba,-101411571#0,-416409191#0,0.9090909090909091,0.5454545454545454,0.2727272727272727,0.5454545454545454,0.0,0.45454545454545453,0.8181818181818182,0.18181818181818182,0.36363636363636365,0.8181818181818182,0.8181818181818182,0.6363636363636364,0.5454545454545454,0.36363636363636365,0.22727272727272727,0.18181818181818182,0.045454545454545456
44f5e7a0c89a0245a62ab6eb02f5549818b0aa429382508f320a7bdf7a0e3d52,-101411571#0,-416409191#0,0.18181818181818182,0.36363636363636365,0.0,0.8181818181818182,0.6363636363636364,0.6363636363636364,0.09090909090909091,1.0,0.36363636363636365,1.0,1.0,1.0,0.36363636363636365,1.0,0.7272727272727273,0.36363636363636365,0.5454545454545454
5b28e9a422c7a8cd5c8b6f8dc852502271bcb86de1218f9b04e3ef3f8f5b1877,-101749462,100475365#1,0.18181818181818182,0.6363636363636364,1.0,1.0,0.9090909090909091,0.2727272727272727,0.09090909090909091,1.0,0.45454545454545453,0.09090909090909091,0.18181818181818182,0.09090909090909091,0.6363636363636364,1.0,1.0,1.0,0.9545454545454546
d9f4e980ad981627fbbe48c619cbfab6802a43f8fc1af7c00d8ecbd961f93bec,-101749462,100475365#1,0.2727272727272727,0.18181818181818182,0.8181818181818182,0.8181818181818182,0.2727272727272727,0.6363636363636364,0.8181818181818182,0.18181818181818182,0.8181818181818182,0.8181818181818182,1.0,0.7272727272727273,0.18181818181818182,0.7272727272727273,0.22727272727272727,0.18181818181818182,0.13636363636363635
adc90483723affce8205f32b53147582358be7207dd69c327132874c564eb30f,-101749462,100475365#1,0.5454545454545454,0.36363636363636365,0.22727272727272727,0.22727272727272727,0.09090909090909091,1.0,0.6363636363636364,0.45454545454545453,0.6363636363636364,1.0,0.9090909090909091,1.0,0.2727272727272727,0.36363636363636365,0.36363636363636365,0.5454545454545454,0.2727272727272727
b8d4386a980c9390b26f9b18fb6244fa0b67cf7de70ced0882852a3237dc4ab4,-101749462,100475365#1,0.0,0.0,0.45454545454545453,0.45454545454545453,0.6363636363636364,0.8181818181818182,0.2727272727272727,0.7272727272727273,1.0,0.6363636363636364,0.6363636363636364,0.9090909090909091,0.0,0.8181818181818182,0.0,0.0,0.0
d18510c4e1cf0d7ed083619d1f5260150aee8b22a5f2a21bb6cfdfd375c2d095,-101749462,100475365#1,0.36363636363636365,0.2727272727272727,0.22727272727272727,0.22727272727272727,0.36363636363636365,0.5454545454545454,0.7272727272727273,0.2727272727272727,0.7272727272727273,0.45454545454545453,0.45454545454545453,0.6363636363636364,0.5454545454545454,0.5454545454545454,0.09090909090909091,0.09090909090909091,0.13636363636363635
f6d7e4b4e5dc3327a15295458d3511467a8dd2ebb761b6a9053c945bf8c2348d,-101749462,100475365#1,0.6363636363636364,0.5454545454545454,0.22727272727272727,0.22727272727272727,0.8181818181818182,0.36363636363636365,0.18181818181818182,0.9090909090909091,0.5454545454545454,0.2727272727272727,0.2727272727272727,0.45454545454545453,0.45454545454545453,0.18181818181818182,0.45454545454545453,0.36363636363636365,0.5909090909090909
8676aa1af5732ddef56095a9452a1a4607e862d74af4cfb6d4304cbdcd759896,-101749462,100475365#1,0.9090909090909091,0.9090909090909091,0.6363636363636364,0.5454545454545454,1.0,0.0,0.0,0.8181818181818182,0.18181818181818182,0.18181818181818182,0.09090909090909091,0.0,0.9090909090909091,0.6363636363636364,0.9090909090909091,0.9090909090909091,0.9545454545454546
4e9c36e473c18f534228c72c86d103e79eb20f6adb7cafc5f17f12e55f517145,-101749462,100475365#1,1.0,1.0,0.0,0.0,0.18181818181818182,0.09090909090909091,1.0,0.0,0.09090909090909091,0.0,0.0,0.18181818181818182,1.0,0.0,0.8181818181818182,0.8181818181818182,0.45454545454545453
ddaf98654955aedb7d37fe5ca4c31f8cd4880fb3055b60b8e35c9b671012c043,-101749462,100475365#1,0.8181818181818182,0.8181818181818182,0.5454545454545454,0.6363636363636364,0.7272727272727273,0.18181818181818182,0.45454545454545453,0.5454545454545454,0.2727272727272727,0.7272727272727273,0.7272727272727273,0.2727272727272727,0.8181818181818182,0.09090909090909091,0.5454545454545454,0.45454545454545453,0.8181818181818182
b7e0a0f3cf7e01dbbf9bbd9679fdb4db450cbec6e95d6da061e1e5c93e0e63ff,-101749462,100475365#1,0.7272727272727273,0.7272727272727273,0.7272727272727273,0.7272727272727273,0.0,0.9090909090909091,0.9090909090909091,0.09090909090909091,0.36363636363636365,0.9090909090909091,0.8181818181818182,0.36363636363636365,0.7272727272727273,0.45454545454545453,0.6363636363636364,0.7272727272727273,0.7272727272727273
5ac1a36c932b778fa3ec26abd5d42abe9b0f966c682cb9eb7a944f5d6b311659,-101749462,100475365#1,0.09090909090909091,0.09090909090909091,0.22727272727272727,0.22727272727272727,0.5454545454545454,0.7272727272727273,0.36363636363636365,0.6363636363636364,0.9090909090909091,0.5454545454545454,0.5454545454545454,0.8181818181818182,0.09090909090909091,0.9090909090909091,0.22727272727272727,0.2727272727272727,0.36363636363636365
cb6ec8bf42cea5fdb275bb71ff669cae4fbfd8e0cb42e4e549c7550696b90e1f,-101749462,100475365#1,0.45454545454545453,0.45454545454545453,0.9090909090909091,0.9090909090909091,0.45454545454545453,0.45454545454545453,0.5454545454545454,0.36363636363636365,0.0,0.36363636363636365,0.36363636363636365,0.5454545454545454,0.36363636363636365,0.2727272727272727,0.7272727272727273,0.6363636363636364,0.5909090909090909
b5fa3ce2b79df79aac91c1dd884da324e3505c0464ded7a3cd786aa6cac1c370,-42762428#3,-47374664,0.18181818181818182,0.18181818181818182,0.6363636363636364,0.6363636363636364,0.45454545454545453,0.4090909090909091,0.5454545454545454,0.45454545454545453,0.2727272727272727,0.45454545454545453,0.45454545454545453,0.3181818181818182,0.0,0.36363636363636365,0.09090909090909091,0.0,0.22727272727272727
c36db67354a497ab951af3250e8950e18c837e88a018fa2edf1b6642ec2fa481,-42762428#3,-47374664,0.2727272727272727,0.2727272727272727,0.2727272727272727,0.2727272727272727,0.6363636363636364,0.4090909090909091,0.36363636363636365,0.6363636363636364,0.2727272727272727,0.36363636363636365,0.36363636363636365,0.3181818181818182,0.09090909090909091,0.6363636363636364,0.4090909090909091,0.09090909090909091,0.22727272727272727
9478c0eb4b3606ed8b29a5d5d8148960959d58b188e3c0fc3bfd821cf2884eff,-42762428#3,-47374664,0.0,0.0,0.7272727272727273,0.7272727272727273,0.09090909090909091,0.4090909090909091,0.9090909090909091,0.09090909090909091,0.2727272727272727,0.6363636363636364,0.6363636363636364,0.3181818181818182,0.18181818181818182,0.45454545454545453,0.0,0.18181818181818182,0.7272727272727273
de7da47ac60fa9874389b6358c4868382d69a01310bf8fb200a7af57037dd023,-42762428#3,-47374664,0.36363636363636365,0.45454545454545453,1.0,1.0,0.0,0.4090909090909091,1.0,0.0,0.2727272727272727,0.2727272727272727,0.2727272727272727,0.3181818181818182,0.6363636363636364,0.09090909090909091,0.22727272727272727,0.45454545454545453,0.9090909090909091
0552a52af373c85659003ab8b2e5d1a1e092cc48e4c5e5f1d31f1fed029e8764,-42762428#3,-47374664,0.5454545454545454,0.6363636363636364,0.8636363636363636,0.9090909090909091,0.2727272727272727,0.4090909090909091,0.7272727272727273,0.2727272727272727,0.2727272727272727,0.09090909090909091,0.09090909090909091,0.3181818181818182,0.36363636363636365,0.18181818181818182,0.4090909090909091,0.36363636363636365,0.4090909090909091
dbb7095eda493731a679cc9d7585f73149a78a2c25d08489a0d7604caaf10edc,-42762428#3,-47374664,0.9090909090909091,0.36363636363636365,0.0,0.18181818181818182,0.9090909090909091,0.4090909090909091,0.09090909090909091,1.0,1.0,1.0,0.9090909090909091,0.8181818181818182,0.5454545454545454,1.0,0.7272727272727273,0.7272727272727273,0.09090909090909091
ac749bb63e14b4c31000a1c20095e98258521fb997c91a651b2478a8965abf56,-42762428#3,-47374664,0.7272727272727273,0.8181818181818182,0.18181818181818182,0.0,0.8181818181818182,0.9090909090909091,0.2727272727272727,0.7272727272727273,0.8181818181818182,0.9090909090909091,1.0,1.0,0.8181818181818182,0.5454545454545454,0.8181818181818182,0.9090909090909091,0.4090909090909091
30d53434244787d5ecc71f7e336e64d5e9b5cccf923b62f9f2e2290efaf9a2c6,-42762428#3,-47374664,0.09090909090909091,0.09090909090909091,0.45454545454545453,0.45454545454545453,0.18181818181818182,0.4090909090909091,0.8181818181818182,0.18181818181818182,0.2727272727272727,0.5454545454545454,0.5454545454545454,0.3181818181818182,0.2727272727272727,0.7272727272727273,0.22727272727272727,0.2727272727272727,0.9090909090909091
ef3fbab291ee33e74c36c4810c36d13cb2d0f354bccc1d3aa479537027697be3,-42762428#3,-47374664,1.0,0.9090909090909091,0.09090909090909091,0.09090909090909091,1.0,0.4090909090909091,0.0,0.8181818181818182,0.7272727272727273,0.8181818181818182,0.7272727272727273,0.3181818181818182,1.0,0.9090909090909091,0.9090909090909091,0.8181818181818182,0.6363636363636364
51988cc373a1af9ed4ee0fc494a7d9e017cf316128fdd43c705f2c2cf50a080c,-42762428#3,-47374664,0.6363636363636364,0.7272727272727273,0.5454545454545454,0.5454545454545454,0.36363636363636365,0.4090909090909091,0.6363636363636364,0.36363636363636365,0.2727272727272727,0.0,0.0,0.3181818181818182,0.45454545454545453,0.2727272727272727,0.5454545454545454,0.5454545454545454,0.5454545454545454
1266d6bc29bafa7ec6523a84f58803d568d6ec68bf4d417eee24387afc03eec1,-42762428#3,-47374664,0.45454545454545453,0.5454545454545454,0.8636363636363636,0.8181818181818182,0.5454545454545454,0.4090909090909091,0.45454545454545453,0.5454545454545454,0.9090909090909091,0.18181818181818182,0.18181818181818182,0.7272727272727273,0.7272727272727273,0.8181818181818182,0.6363636363636364,0.6363636363636364,0.0
558df7ad45d7481cff0654223330fb163376c41d9787d497bfe6ef585aa9ed16,-42762428#3,-47374664,0.8181818181818182,1.0,0.36363636363636365,0.36363636363636365,0.7272727272727273,1.0,0.18181818181818182,0.9090909090909091,0.6363636363636364,0.7272727272727273,0.8181818181818182,0.9090909090909091,0.9090909090909091,0.0,1.0,1.0,0.9090909090909091
dd3b9253b0aee335824bb6d5bda5257f65cf845781382bdd7a95076f341e5fbb,71324347#5,-1047412913,0.36363636363636365,0.36363636363636365,0.8181818181818182,0.6363636363636364,0.36363636363636365,0.4090909090909091,0.6363636363636364,0.36363636363636365,0.7272727272727273,0.45454545454545453,0.36363636363636365,0.36363636363636365,0.36363636363636365,0.8181818181818182,0.8181818181818182,0.36363636363636365,0.7272727272727273
036338a3ab6d6f5caaa59f3a00c9f1a3f1dd7e3dee7524e0018b789371869e88,71324347#5,-1047412913,0.18181818181818182,0.18181818181818182,0.7272727272727273,1.0,0.5454545454545454,0.4090909090909091,0.45454545454545453,0.6363636363636364,0.9090909090909091,0.6363636363636364,0.36363636363636365,0.36363636363636365,0.18181818181818182,0.9090909090909091,0.5454545454545454,0.2727272727272727,0.45454545454545453
382713cc58f2f64dd36beca6e6cab62093c5254cb1fbf605be661ef9889befb9,71324347#5,-1047412913,0.09090909090909091,0.09090909090909091,0.36363636363636365,0.7272727272727273,0.6363636363636364,0.4090909090909091,0.36363636363636365,0.8181818181818182,1.0,0.7272727272727273,0.36363636363636365,0.36363636363636365,0.09090909090909091,0.7272727272727273,0.36363636363636365,0.0,0.36363636363636365
b401156905e1913800c3c206db2902697870d16cd28ffbbbec7fa97ca6bdf482,71324347#5,-1047412913,0.5454545454545454,0.45454545454545453,0.18181818181818182,0.5454545454545454,0.2727272727272727,0.4090909090909091,0.7272727272727273,0.2727272727272727,0.6363636363636364,0.36363636363636365,0.36363636363636365,0.36363636363636365,0.45454545454545453,0.09090909090909091,0.2727272727272727,0.45454545454545453,0.2727272727272727
13bb834b6296a51d5f798098836e22d004eca7a177f47468492fc59105032f4c,71324347#5,-1047412913,0.9090909090909091,0.9090909090909091,0.2727272727272727,0.36363636363636365,0.0,0.4090909090909091,1.0,0.0,0.2727272727272727,0.0,0.36363636363636365,0.36363636363636365,0.9090909090909091,0.0,0.9545454545454546,0.5454545454545454,0.13636363636363635
6e638ca7c23379ba273015adc2fdf2bdded845732bd116796bd20f287dd78c6b,71324347#5,-1047412913,0.0,0.0,1.0,0.2727272727272727,1.0,0.9090909090909091,0.0,0.9090909090909091,0.09090909090909091,1.0,0.9090909090909091,1.0,0.0,1.0,0.0,0.9090909090909091,0.13636363636363635
d9f78a444a81a430b9ded2a916a4379a5b8c8a964bf2e6c8fc675a9bf6e82489,71324347#5,-1047412913,0.8181818181818182,0.8181818181818182,0.6363636363636364,0.45454545454545453,0.7272727272727273,0.4090909090909091,0.2727272727272727,0.7272727272727273,0.0,0.09090909090909091,0.36363636363636365,0.36363636363636365,0.8181818181818182,0.36363636363636365,0.18181818181818182,0.8181818181818182,0.0
fa49fda6bdc5feeb5a3f8b93edfaff3c0c723ef8e9fbd235a2fb402feee6deb6,71324347#5,-1047412913,1.0,1.0,0.45454545454545453,0.18181818181818182,0.9090909090909091,1.0,0.09090909090909091,1.0,0.18181818181818182,0.9090909090909091,1.0,0.8181818181818182,1.0,0.5454545454545454,0.09090909090909091,1.0,0.9545454545454546
ef974e6f0bccb660ab4b176df156847b2447224d54bfaef46b544aed4213abba,71324347#5,-1047412913,0.7272727272727273,0.6363636363636364,0.0,0.09090909090909091,0.09090909090909091,0.4090909090909091,0.9090909090909091,0.09090909090909091,0.45454545454545453,0.18181818181818182,0.36363636363636365,0.36363636363636365,0.6363636363636364,0.2727272727272727,0.9545454545454546,0.7272727272727273,0.8181818181818182
c3fac16559537d69b35e8ebf911359074d853c47d999bdc66b68d22286068b36,71324347#5,-1047412913,0.2727272727272727,0.2727272727272727,0.9090909090909091,0.9090909090909091,0.45454545454545453,0.4090909090909091,0.5454545454545454,0.45454545454545453,0.8181818181818182,0.5454545454545454,0.36363636363636365,0.36363636363636365,0.2727272727272727,0.6363636363636364,0.6818181818181818,0.09090909090909091,0.5909090909090909
79ccd009beea33696714a2b07a79014aec7a12661ad01b27558ccf98d153e66c,71324347#5,-1047412913,0.6363636363636364,0.7272727272727273,0.09090909090909091,0.0,0.8181818181818182,0.4090909090909091,0.18181818181818182,0.5454545454545454,0.36363636363636365,0.8181818181818182,0.8181818181818182,0.9090909090909091,0.7272727272727273,0.18181818181818182,0.45454545454545453,0.6363636363636364,0.9545454545454546
ebfc8f08672aa7dbe20831cfa0385ce5ab9b2d7f162da65d864b657a940b01fc,71324347#5,-1047412913,0.45454545454545453,0.5454545454545454,0.5454545454545454,0.8181818181818182,0.18181818181818182,0.4090909090909091,0.8181818181818182,0.18181818181818182,0.5454545454545454,0.2727272727272727,0.36363636363636365,0.36363636363636365,0.5454545454545454,0.45454545454545453,0.6818181818181818,0.18181818181818182,0.5909090909090909
eb0e4542b1732473f851d7501dac5258aa30260e1adc3b220bff59c48985bf6d,101611060,-1200809291,0.0,0.0,0.0,0.18181818181818182,0.8181818181818182,1.0,0.18181818181818182,1.0,1.0,1.0,0.9090909090909091,0.7272727272727273,0.0,1.0,0.0,0.8181818181818182,0.6363636363636364
b0905d7da50ea83a8a8ef42691d2064031ee88b2f44f6a6c7b7ae5a2fc960da8,101611060,-1200809291,0.36363636363636365,0.18181818181818182,0.36363636363636365,0.7272727272727273,0.6363636363636364,0.8181818181818182,0.36363636363636365,0.6363636363636364,0.18181818181818182,0.9090909090909091,1.0,0.5454545454545454,0.18181818181818182,0.5454545454545454,0.5454545454545454,0.2727272727272727,0.2727272727272727
aad84d9ddc3382798666c3aac15a9e49c5e39db1e14b73c6e37c33a6b2aad421,101611060,-1200809291,0.09090909090909091,0.09090909090909091,0.09090909090909091,0.09090909090909091,1.0,0.9090909090909091,0.0,0.8181818181818182,0.9090909090909091,0.09090909090909091,0.0,0.045454545454545456,0.09090909090909091,0.9090909090909091,0.09090909090909091,0.9090909090909091,0.8181818181818182
8c142ce828ace7f1917a79d5942648c1faab5cdfe36b8b046d15bbcedd03b4a9,101611060,-1200809291,0.45454545454545453,0.2727272727272727,0.2727272727272727,0.36363636363636365,0.7272727272727273,0.7272727272727273,0.2727272727272727,0.9090909090909091,0.18181818181818182,0.8181818181818182,0.8181818181818182,0.45454545454545453,0.2727272727272727,0.6363636363636364,0.6363636363636364,0.18181818181818182,0.36363636363636365
1886f327119a2842cc461147175cc185e10865494ea4ed83155a38f2a255ee40,101611060,-1200809291,0.2727272727272727,0.36363636363636365,0.6363636363636364,0.8181818181818182,0.2727272727272727,0.6363636363636364,0.45454545454545453,0.45454545454545453,0.8181818181818182,0.7272727272727273,0.7272727272727273,1.0,0.36363636363636365,0.8181818181818182,0.2727272727272727,0.09090909090909091,0.0
c8673603b8fd3d609980623f7483bd072e1c6123bdea1e4701a00d732caa19da,101611060,-1200809291,0.5454545454545454,0.5454545454545454,0.7272727272727273,0.9090909090909091,0.18181818181818182,0.45454545454545453,0.6363636363636364,0.36363636363636365,0.6363636363636364,0.6363636363636364,0.6363636363636364,0.9090909090909091,0.5454545454545454,0.7272727272727273,0.36363636363636365,0.0,0.09090909090909091
a123f276f545e317ee1c359aa9f439b8183e8aeaf1f67b28795ad95c58d25a90,101611060,-1200809291,0.8181818181818182,0.9090909090909091,0.9090909090909091,0.6363636363636364,0.0,0.09090909090909091,0.9090909090909091,0.0,0.45454545454545453,0.18181818181818182,0.18181818181818182,0.6363636363636364,0.9090909090909091,0.2727272727272727,0.7272727272727273,0.6363636363636364,0.45454545454545453
ba200932c85104e63bc575c3702ec9b94945910f053202254ecef3d3ed33c41e,101611060,-1200809291,0.6363636363636364,0.6363636363636364,0.45454545454545453,0.5454545454545454,0.5454545454545454,0.36363636363636365,0.5454545454545454,0.5454545454545454,0.18181818181818182,0.5454545454545454,0.5454545454545454,0.36363636363636365,0.6363636363636364,0.36363636363636365,0.8181818181818182,0.45454545454545453,0.5454545454545454
9e1bd76ad01bdc4156411117a6a416b539cc56177c9ce4a289eb7e54b7c031c9,101611060,-1200809291,1.0,1.0,0.8181818181818182,0.45454545454545453,0.36363636363636365,0.0,1.0,0.09090909090909091,0.18181818181818182,0.0,0.09090909090909091,0.18181818181818182,1.0,0.0,1.0,0.7272727272727273,0.9545454545454546
8badde9fadbb39b277f4c3b2f910a88b0060731763edfaf4d7e6857322e52e02,101611060,-1200809291,0.18181818181818182,0.45454545454545453,0.18181818181818182,0.0,0.9090909090909091,0.5454545454545454,0.09090909090909091,0.7272727272727273,0.7272727272727273,0.36363636363636365,0.36363636363636365,0.045454545454545456,0.45454545454545453,0.18181818181818182,0.18181818181818182,1.0,0.9545454545454546
171d23395442ce8cc5640d7c26dd9416c92aceabac10ab50efb46e511cb0a9c3,101611060,-1200809291,0.9090909090909091,0.8181818181818182,0.5454545454545454,0.2727272727272727,0.45454545454545453,0.18181818181818182,0.8181818181818182,0.18181818181818182,0.18181818181818182,0.2727272727272727,0.2727272727272727,0.2727272727272727,0.8181818181818182,0.09090909090909091,0.9090909090909091,0.5454545454545454,0.7272727272727273
b330f1382d3f9d14a974619507a980343d6bb4fedbc4bc3c37cb8c9b987de700,101611060,-1200809291,0.7272727272727273,0.7272727272727273,1.0,1.0,0.09090909090909091,0.2727272727272727,0.7272727272727273,0.2727272727272727,0.5454545454545454,0.45454545454545453,0.45454545454545453,0.8181818181818182,0.7272727272727273,0.45454545454545453,0.45454545454545453,0.36363636363636365,0.18181818181818182
fc29a4fd6a84a63f7c1bbf4bced435ef1fd86a76d4ed54e8d3b272ffcc898036,-101415865#0,-100525438#2,0.45454545454545453,0.45454545454545453,0.36363636363636365,0.09090909090909091,0.45454545454545453,0.8181818181818182,0.5454545454545454,0.5454545454545454,0.36363636363636365,0.6363636363636364,0.6363636363636364,0.5454545454545454,0.2727272727272727,0.09090909090909091,0.9090909090909091,0.09090909090909091,0.18181818181818182
4a262951dfd82c6bedc6610013cc92fdc4932d4ebab4d5e83a1446f75ecb02c0,-101415865#0,-100525438#2,0.18181818181818182,0.09090909090909091,0.18181818181818182,1.0,0.7272727272727273,0.18181818181818182,0.36363636363636365,0.7272727272727273,0.36363636363636365,0.8181818181818182,0.8181818181818182,0.8181818181818182,0.09090909090909091,0.8181818181818182,0.09090909090909091,0.6363636363636364,0.36363636363636365
f5d8115df0a63c55ea3d22e025e7b6aced1a121a8f087621ba4d573e28eabb86,-101415865#0,-100525438#2,1.0,1.0,1.0,0.7272727272727273,0.6363636363636364,1.0,0.09090909090909091,0.8181818181818182,0.36363636363636365,0.5454545454545454,0.18181818181818182,0.0,1.0,0.0,1.0,0.5454545454545454,0.6363636363636364
fb072f1504b5ae404fb46253ce74af5422bdaa927133af1249d82e856c0e3841,-101415865#0,-100525438#2,0.5454545454545454,0.2727272727272727,0.09090909090909091,0.9090909090909091,0.8181818181818182,0.18181818181818182,0.18181818181818182,0.9090909090909091,0.9090909090909091,1.0,1.0,1.0,0.18181818181818182,0.9090909090909091,0.36363636363636365,0.8181818181818182,0.8181818181818182
7a10c1900adedd07217e0631654df1fbe9f01327285e826a3aed947b45faf8de,-101415865#0,-100525438#2,0.9090909090909091,0.9090909090909091,0.7272727272727273,0.2727272727272727,0.0,0.18181818181818182,1.0,0.0,0.8181818181818182,0.0,0.0,0.09090909090909091,0.7272727272727273,0.5454545454545454,0.8181818181818182,1.0,0.9545454545454546
0624c4594b52320e2123547f7d509c66ad5b9cccde46ba3ff358dc8458991ce4,-101415865#0,-100525438#2,0.09090909090909091,0.0,0.0,0.8181818181818182,1.0,0.18181818181818182,0.0,1.0,1.0,0.9090909090909091,0.9090909090909091,0.9090909090909091,0.0,1.0,0.45454545454545453,0.9090909090909091,0.5454545454545454
5d6570f1e97fbe9d8dbb2e8fc49928127d531316b95be0e9f7dddb38a72c3943,-101415865#0,-100525438#2,0.7272727272727273,0.6363636363636364,0.2727272727272727,0.0,0.2727272727272727,0.6363636363636364,0.7272727272727273,0.36363636363636365,0.36363636363636365,0.36363636363636365,0.45454545454545453,0.36363636363636365,0.9090909090909091,0.18181818181818182,0.7272727272727273,0.2727272727272727,0.2727272727272727
523dae92fc99f96208efc52ab72647f5c3c2105d7efc9e354a9d83dfc5b1deb4,-101415865#0,-100525438#2,0.0,0.18181818181818182,0.6363636363636364,0.45454545454545453,0.9090909090909091,0.18181818181818182,0.2727272727272727,0.18181818181818182,0.36363636363636365,0.09090909090909091,0.09090909090909091,0.7272727272727273,0.36363636363636365,0.7272727272727273,0.0,0.7272727272727273,0.45454545454545453
cd6b656b131705e79eeed8f3e58cd0f9d1f7cde9b1f2de0beb97d362cc78f355,-101415865#0,-100525438#2,0.2727272727272727,0.36363636363636365,0.9090909090909091,0.6363636363636364,0.5454545454545454,0.9090909090909091,0.45454545454545453,0.6363636363636364,0.36363636363636365,0.7272727272727273,0.7272727272727273,0.6363636363636364,0.6363636363636364,0.36363636363636365,0.5454545454545454,0.18181818181818182,0.9545454545454546
3421a3daeb53ae7076d1f3ebead3f265f91211c359cf7baae40821a241b9656f,-101415865#0,-100525438#2,0.36363636363636365,0.5454545454545454,0.8181818181818182,0.5454545454545454,0.36363636363636365,0.7272727272727273,0.6363636363636364,0.45454545454545453,0.36363636363636365,0.45454545454545453,0.5454545454545454,0.45454545454545453,0.8181818181818182,0.6363636363636364,0.18181818181818182,0.45454545454545453,0.09090909090909091
782a426c3db8febc09a724b5b6aea50447147500ebb6c5586f2e86b43da1cf5d,-101415865#0,-100525438#2,0.6363636363636364,0.7272727272727273,0.45454545454545453,0.36363636363636365,0.18181818181818182,0.5454545454545454,0.8181818181818182,0.2727272727272727,0.36363636363636365,0.2727272727272727,0.36363636363636365,0.2727272727272727,0.45454545454545453,0.2727272727272727,0.6363636363636364,0.0,0.7272727272727273
1e80e187ecf4444f3c863bec00899ff970034d59dfab671b5a300d1f378fbc86,-101415865#0,-100525438#2,0.8181818181818182,0.8181818181818182,0.5454545454545454,0.18181818181818182,0.09090909090909091,0.45454545454545453,0.9090909090909091,0.09090909090909091,0.36363636363636365,0.18181818181818182,0.2727272727272727,0.18181818181818182,0.5454545454545454,0.45454545454545453,0.2727272727272727,0.36363636363636365,0.0
27711e039af28d28688339f92a31c0c49a7aafeafb00ac9405d79abec075f83c,-100525438#2,-101415865#0,0.8181818181818182,1.0,0.7272727272727273,0.6363636363636364,0.0,0.09090909090909091,1.0,0.0,0.09090909090909091,0.0,0.0,0.09090909090909091,1.0,0.0,0.8181818181818182,0.8181818181818182,0.6363636363636364
23a1523eb9004195aec962fb996cd62f41bdc01f9dcb76e0ad6cb4ab1e553671,-100525438#2,-101415865#0,0.6363636363636364,0.6363636363636364,1.0,1.0,0.18181818181818182,0.9090909090909091,0.8181818181818182,0.18181818181818182,0.09090909090909091,0.7272727272727273,0.45454545454545453,1.0,0.8181818181818182,0.09090909090909091,0.09090909090909091,1.0,0.9090909090909091
ebb73c75fb3c9f68314747a97eed6ca357142b0ad5250204c0f1d3bbe7147a5b,-100525438#2,-101415865#0,0.36363636363636365,0.2727272727272727,0.2727272727272727,0.09090909090909091,0.45454545454545453,0.5454545454545454,0.5454545454545454,0.45454545454545453,0.7272727272727273,0.36363636363636365,0.7272727272727273,0.5454545454545454,0.0,0.18181818181818182,0.6363636363636364,0.36363636363636365,0.5454545454545454
b10255b506fe935f1116aeeabf92ac008b25aa597cf4f8790347fd9cf84a481d,-100525438#2,-101415865#0,0.9090909090909091,0.7272727272727273,0.0,0.7272727272727273,0.8181818181818182,0.36363636363636365,0.0,1.0,0.45454545454545453,0.9090909090909091,0.36363636363636365,0.09090909090909091,0.6363636363636364,0.9090909090909091,1.0,0.6363636363636364,0.9090909090909091
81b6e7a96f5f9dff78aba4ac95fbaa1ccbc44e864f1c650ec3556ad6272b7003,-100525438#2,-101415865#0,0.09090909090909091,0.0,0.5454545454545454,0.36363636363636365,0.6363636363636364,0.8181818181818182,0.36363636363636365,0.6363636363636364,1.0,0.6363636363636364,0.9090909090909091,0.8181818181818182,0.18181818181818182,0.45454545454545453,0.36363636363636365,0.09090909090909091,0.22727272727272727
49db5a16d14b28419099d8ded06cfe1a2d11ce3be0c2e849ce9a29122a6a254a,-100525438#2,-101415865#0,0.5454545454545454,0.5454545454545454,0.6363636363636364,0.45454545454545453,0.9090909090909091,0.0,0.7272727272727273,0.2727272727272727,0.5454545454545454,1.0,0.5454545454545454,0.2727272727272727,0.7272727272727273,0.7272727272727273,0.45454545454545453,0.7272727272727273,0.36363636363636365
51247b69ced5c81a4f8e1470d5ea5f428804c954bf18b264c41bf1dde98f09c0,-100525438#2,-101415865#0,0.2727272727272727,0.18181818181818182,0.45454545454545453,0.2727272727272727,0.5454545454545454,0.6363636363636364,0.45454545454545453,0.5454545454545454,0.8181818181818182,0.45454545454545453,0.8181818181818182,0.6363636363636364,0.36363636363636365,0.6363636363636364,0.18181818181818182,0.0,0.0
5b56d3cc51b7841f832086fbbc172071e62fb1fd354d1f8d0585ad5aa6a7f811,-100525438#2,-101415865#0,1.0,0.8181818181818182,0.09090909090909091,0.5454545454545454,0.7272727272727273,0.2727272727272727,0.09090909090909091,0.9090909090909091,0.36363636363636365,0.8181818181818182,0.2727272727272727,0.09090909090909091,0.5454545454545454,1.0,0.9090909090909091,0.45454545454545453,0.7272727272727273
201872540a6b6264e734cc876fa025a600aa4374f48971587be1a9bc317d00ad,-100525438#2,-101415865#0,0.18181818181818182,0.09090909090909091,0.36363636363636365,0.18181818181818182,1.0,0.7272727272727273,0.18181818181818182,0.7272727272727273,0.9090909090909091,0.5454545454545454,0.18181818181818182,0.7272727272727273,0.2727272727272727,0.8181818181818182,0.2727272727272727,0.2727272727272727,0.09090909090909091
ba351c2ff340e1ef2e3a5da989f8363f8990d797b1d37b0593f2a597d11eb0a1,-100525438#2,-101415865#0,0.0,0.36363636363636365,0.9090909090909091,0.9090909090909091,0.09090909090909091,0.18181818181818182,0.9090909090909091,0.09090909090909091,0.09090909090909091,0.2727272727272727,0.09090909090909091,0.45454545454545453,0.45454545454545453,0.5454545454545454,0.0,0.9090909090909091,0.9090909090909091
d294e430f1a562b5a25dd260bb49afa71bad5f34c66e45de63938f748815f0cc,-100525438#2,-101415865#0,0.45454545454545453,0.45454545454545453,0.18181818181818182,0.0,0.36363636363636365,0.45454545454545453,0.6363636363636364,0.36363636363636365,0.6363636363636364,0.09090909090909091,0.6363636363636364,0.36363636363636365,0.09090909090909091,0.2727272727272727,0.5454545454545454,0.18181818181818182,0.22727272727272727
bb8a2fbedfa0c722ee76adec7c05278ec8bf4e07abe4ec9e4926394a2a4f11f8,-100525438#2,-101415865#0,0.7272727272727273,0.9090909090909091,0.8181818181818182,0.8181818181818182,0.2727272727272727,1.0,0.2727272727272727,0.8181818181818182,0.2727272727272727,0.18181818181818182,1.0,0.9090909090909091,0.9090909090909091,0.36363636363636365,0.7272727272727273,0.5454545454545454,0.45454545454545453
bbe5bab71b99ea1157f7ed40e1e1ad16099e01ac5fe8c15d43d2a165f025f968,-101418584#1,-100468681#0,0.45454545454545453,0.45454545454545453,0.5454545454545454,0.6363636363636364,0.45454545454545453,0.18181818181818182,0.8181818181818182,0.18181818181818182,0.45454545454545453,0.45454545454545453,0.36363636363636365,0.36363636363636365,0.45454545454545453,0.0,0.7727272727272727,0.0,0.3181818181818182
5e1cabfbfcf875fe703996a293bda2509ddeb354f5771e5a1b7a8489dffb28af,-101418584#1,-100468681#0,0.36363636363636365,0.09090909090909091,0.36363636363636365,0.45454545454545453,0.45454545454545453,0.36363636363636365,0.6363636363636364,0.36363636363636365,0.45454545454545453,0.7272727272727273,0.36363636363636365,0.36363636363636365,0.09090909090909091,0.36363636363636365,0.7727272727272727,0.09090909090909091,0.3181818181818182
788c0b0a27984beea1888cbb70db07681015a9e2490409379835b7df9b69c66f,-101418584#1,-100468681#0,0.2727272727272727,0.6363636363636364,1.0,0.5454545454545454,0.45454545454545453,0.5454545454545454,0.45454545454545453,0.5454545454545454,0.45454545454545453,0.36363636363636365,0.36363636363636365,0.36363636363636365,0.6363636363636364,0.18181818181818182,0.5909090909090909,0.18181818181818182,0.13636363636363635
e54c519807eea7bfe5318745edba4b8b0fc30e293a0ebbb73fac7d5bb0b4606e,-101418584#1,-100468681#0,0.09090909090909091,0.18181818181818182,0.9090909090909091,0.8636363636363636,0.45454545454545453,0.7272727272727273,0.2727272727272727,0.7272727272727273,0.45454545454545453,0.6363636363636364,0.36363636363636365,0.36363636363636365,0.18181818181818182,0.6363636363636364,0.5909090909090909,0.2727272727272727,0.13636363636363635
06653dc9f3890af380ab2c99f61ab9d5d5bad9bca2ebd3fb7db1c1dee7ef4d74,-101418584#1,-100468681#0,0.0,0.0,0.7272727272727273,0.8636363636363636,0.45454545454545453,1.0,0.09090909090909091,0.9090909090909091,0.45454545454545453,0.045454545454545456,0.36363636363636365,0.36363636363636365,0.0,0.7272727272727273,0.0,0.36363636363636365,0.7272727272727273
182da4ff288b9dfb1692d0026f312472a27d27d58f65130983b4642a561d7941,-101418584#1,-100468681#0,0.8181818181818182,0.7272727272727273,0.0,0.0,0.45454545454545453,0.45454545454545453,0.5454545454545454,0.45454545454545453,0.45454545454545453,0.9090909090909091,0.9090909090909091,0.9090909090909091,0.7272727272727273,0.45454545454545453,0.36363636363636365,0.6363636363636364,0.6363636363636364
662d55e2a767732092071741752f4838b74d4c0e46ec6751a28ede023f180ced,-101418584#1,-100468681#0,0.9090909090909091,1.0,0.18181818181818182,0.18181818181818182,0.45454545454545453,0.09090909090909091,0.9090909090909091,0.09090909090909091,0.45454545454545453,0.18181818181818182,0.36363636363636365,0.36363636363636365,1.0,0.09090909090909091,0.9090909090909091,0.9090909090909091,0.45454545454545453
ed1c5e570b3a7c43d9409884942f5c4bf63dc5d4e4f04144f96e21befdbf15d4,-101418584#1,-100468681#0,0.7272727272727273,0.5454545454545454,0.09090909090909091,0.09090909090909091,0.45454545454545453,0.6363636363636364,0.36363636363636365,0.6363636363636364,0.45454545454545453,1.0,1.0,1.0,0.5454545454545454,0.2727272727272727,0.2727272727272727,0.45454545454545453,0.5454545454545454
662810b926b1add34b9a234a56cfb3aff0569aea62e55215a317c5c120e5ff27,-101418584#1,-100468681#0,1.0,0.9090909090909091,0.8181818181818182,1.0,0.45454545454545453,0.0,1.0,0.0,0.45454545454545453,0.2727272727272727,0.36363636363636365,0.36363636363636365,0.9090909090909091,0.9090909090909091,1.0,1.0,0.9545454545454546
d693a6e05ec9c57140a4b42f8cb9d9cb3f1f10512f12463a9848d8760dfbcaa4,-101418584#1,-100468681#0,0.6363636363636364,0.8181818181818182,0.45454545454545453,0.36363636363636365,1.0,0.8181818181818182,0.0,1.0,1.0,0.8181818181818182,0.8181818181818182,0.8181818181818182,0.8181818181818182,1.0,0.18181818181818182,0.8181818181818182,0.9545454545454546
3bf2e65c58af9249e34e8bc052780cee3d7e5fe61a5485d17985bff56615bfe9,-101418584#1,-100468681#0,0.5454545454545454,0.36363636363636365,0.2727272727272727,0.2727272727272727,0.45454545454545453,0.2727272727272727,0.7272727272727273,0.2727272727272727,0.45454545454545453,0.5454545454545454,0.36363636363636365,0.36363636363636365,0.36363636363636365,0.5454545454545454,0.45454545454545453,0.7272727272727273,0.0
2ef7116134f86a96167e5f554e795fa9a53a880b97518105aae47a16a0588b6d,-101418584#1,-100468681#0,0.18181818181818182,0.2727272727272727,0.6363636363636364,0.7272727272727273,0.45454545454545453,0.9090909090909091,0.18181818181818182,0.8181818181818182,0.45454545454545453,0.045454545454545456,0.36363636363636365,0.36363636363636365,0.2727272727272727,0.8181818181818182,0.09090909090909091,0.5454545454545454,0.8181818181818182
d6f64da7afdabd0902f2373faca412582d32e448d2899798317e087e6fcdd214,100475365#1,101607963,0.0,0.0,0.5454545454545454,0.5454545454545454,0.3181818181818182,0.18181818181818182,0.8636363636363636,0.13636363636363635,0.45454545454545453,0.13636363636363635,0.13636363636363635,0.36363636363636365,0.0,0.9090909090909091,0.0,0.0,0.0
8a07c9e17dda0dea52b6b31ed007cc7c2ef09faba91d679cf6b9bb3df3a54cda,100475365#1,101607963,0.2727272727272727,0.2727272727272727,0.7727272727272727,0.8636363636363636,0.3181818181818182,0.7272727272727273,0.45454545454545453,0.5454545454545454,0.45454545454545453,0.6363636363636364,0.6363636363636364,0.36363636363636365,0.2727272727272727,0.36363636363636365,0.6818181818181818,0.18181818181818182,0.13636363636363635
df0a702fb761f7128b09221780e972803b2b1397bf1e7f15b3fcb89fca598e46,100475365#1,101607963,0.18181818181818182,0.18181818181818182,0.7727272727272727,0.8636363636363636,0.3181818181818182,0.8181818181818182,0.36363636363636365,0.6363636363636364,0.45454545454545453,0.7272727272727273,0.7272727272727273,0.36363636363636365,0.18181818181818182,0.45454545454545453,0.6818181818181818,0.36363636363636365,0.13636363636363635
89526473ca6b27154173be28a84c4e07107f31c2efeeed67dbf6ecba2134f533,100475365#1,101607963,0.36363636363636365,0.36363636363636365,1.0,1.0,0.3181818181818182,0.6363636363636364,0.5454545454545454,0.45454545454545453,0.45454545454545453,0.5454545454545454,0.5454545454545454,0.36363636363636365,0.36363636363636365,0.6363636363636364,1.0,0.8181818181818182,0.9545454545454546
304d6e7679256a90ff825a9c542c610d906ecc93d75f84fc2e2c4e3fd6442b55,100475365#1,101607963,1.0,1.0,0.0,0.09090909090909091,0.8181818181818182,0.9090909090909091,0.0,1.0,0.45454545454545453,0.9090909090909091,0.9090909090909091,1.0,1.0,0.0,0.5454545454545454,0.9090909090909091,0.9545454545454546
988702dc5f9a5977a82195d9d947d1d41b4a630528018d7cf1bc3a02781e70bd,100475365#1,101607963,0.6363636363636364,0.6363636363636364,0.2727272727272727,0.2727272727272727,0.3181818181818182,0.18181818181818182,0.8636363636363636,0.13636363636363635,0.45454545454545453,0.13636363636363635,0.13636363636363635,0.36363636363636365,0.6363636363636364,0.5454545454545454,0.2727272727272727,0.5454545454545454,0.6818181818181818
e33c074bb39432627ab8a4ddbf5c2753f3e9829b7f24d135b693467a83ce1246,100475365#1,101607963,0.09090909090909091,0.09090909090909091,0.9090909090909091,0.7272727272727273,0.3181818181818182,0.18181818181818182,0.8636363636363636,0.13636363636363635,0.45454545454545453,0.13636363636363635,0.13636363636363635,0.36363636363636365,0.09090909090909091,1.0,0.18181818181818182,0.2727272727272727,0.5454545454545454
5949d949c3fe7d4749fe18a9de6e05828a46fe348332d09f6510dded657e1b70,100475365#1,101607963,0.8181818181818182,0.8181818181818182,0.09090909090909091,0.0,0.7272727272727273,0.18181818181818182,0.2727272727272727,0.7272727272727273,1.0,0.36363636363636365,0.36363636363636365,0.9090909090909091,0.8181818181818182,0.09090909090909091,0.45454545454545453,0.7272727272727273,0.8181818181818182
1ef5066ade39829ae6e5802cd500a93ae957a31f7882676d82b8fbc615767a39,100475365#1,101607963,0.7272727272727273,0.7272727272727273,0.45454545454545453,0.36363636363636365,0.9090909090909091,0.5454545454545454,0.18181818181818182,0.8181818181818182,0.45454545454545453,1.0,1.0,0.36363636363636365,0.7272727272727273,0.8181818181818182,0.36363636363636365,0.6363636363636364,0.45454545454545453
cdb0d86b2d2f4bdbafe01f4225dc38ff5b00e2b6a72aeb6f56653e832808fb3a,100475365#1,101607963,0.45454545454545453,0.45454545454545453,0.36363636363636365,0.45454545454545453,0.3181818181818182,0.18181818181818182,0.8636363636363636,0.13636363636363635,0.45454545454545453,0.13636363636363635,0.13636363636363635,0.36363636363636365,0.45454545454545453,0.7272727272727273,0.09090909090909091,0.09090909090909091,0.2727272727272727
6470b4740f55c79b8c4f063ef78b7c8028d12d4bc2de78fa6faa2a454c58562e,100475365#1,101607963,0.5454545454545454,0.5454545454545454,0.6363636363636364,0.6363636363636364,0.3181818181818182,0.45454545454545453,0.6363636363636364,0.36363636363636365,0.45454545454545453,0.45454545454545453,0.45454545454545453,0.36363636363636365,0.5454545454545454,0.2727272727272727,0.8181818181818182,0.45454545454545453,0.36363636363636365
9f77d86e15eb59b117194a5db9ef3796e176b8ae3f3f9df55d6a7249ae5367c5,100475365#1,101607963,0.9090909090909091,0.9090909090909091,0.18181818181818182,0.18181818181818182,1.0,1.0,0.09090909090909091,0.9090909090909091,0.45454545454545453,0.8181818181818182,0.8181818181818182,0.8181818181818182,0.9090909090909091,0.18181818181818182,0.9090909090909091,1.0,0.6818181818181818
102968befda997eda9e254d6f42eb3dd7097788012e79dfc809183942ff41a75,71223791#0,-372606529#4,0.9090909090909091,0.8181818181818182,0.2727272727272727,0.2727272727272727,0.9090909090909091,0.5,0.09090909090909091,0.9090909090909091,0.9090909090909091,0.09090909090909091,0.09090909090909091,0.36363636363636365,0.8181818181818182,0.6363636363636364,0.6363636363636364,0.8181818181818182,0.6363636363636364
d822362c61ef34077a3b4a6804bfebbac355ad2b1aa367c58ddfb52f6f858b59,71223791#0,-372606529#4,0.2727272727272727,0.2727272727272727,0.4090909090909091,0.4090909090909091,0.2727272727272727,0.5,0.7272727272727273,0.2727272727272727,0.36363636363636365,0.7272727272727273,0.7272727272727273,0.36363636363636365,0.2727272727272727,0.7272727272727273,0.45454545454545453,0.36363636363636365,0.8181818181818182
344114523f7fc8f0f7194ae21f9bb401b8d927fe1f676a1845ed328f39be2240,71223791#0,-372606529#4,0.0,0.0,0.18181818181818182,0.18181818181818182,0.45454545454545453,0.5,0.5454545454545454,0.45454545454545453,0.36363636363636365,1.0,1.0,0.36363636363636365,0.0,0.8181818181818182,0.0,0.0,0.0
a0ff879ad588358439002c36ac33c12e7f4aca69ecaf0943d496e4eee657130d,71223791#0,-372606529#4,0.18181818181818182,0.45454545454545453,0.6363636363636364,0.6363636363636364,0.09090909090909091,0.5,0.9090909090909091,0.09090909090909091,0.36363636363636365,0.5454545454545454,0.5454545454545454,0.36363636363636365,0.45454545454545453,0.36363636363636365,0.18181818181818182,0.2727272727272727,0.2727272727272727
da5c419b13e81331631680744bbcf4960cd708893ac61f6e46608bdca2d26830,71223791#0,-372606529#4,0.09090909090909091,0.18181818181818182,0.0,0.0,0.5454545454545454,0.5,0.45454545454545453,0.5454545454545454,0.36363636363636365,0.8181818181818182,0.8181818181818182,0.36363636363636365,0.18181818181818182,1.0,0.36363636363636365,0.45454545454545453,0.36363636363636365
c85735277f012ef6ef51d2b3bbc8e04d9e60d28f519fc3ed15d6089662588dbe,71223791#0,-372606529#4,0.5454545454545454,0.5454545454545454,0.9090909090909091,0.9090909090909091,1.0,0.5,0.0,1.0,1.0,0.36363636363636365,0.36363636363636365,0.36363636363636365,0.5454545454545454,0.9090909090909091,1.0,1.0,0.9545454545454546
773f4dd8e6284e1b6b0bbd852495f6dd0fd5ced5f606d8ff18f173030c50fab1,71223791#0,-372606529#4,0.45454545454545453,0.36363636363636365,0.4090909090909091,0.4090909090909091,0.18181818181818182,0.5,0.8181818181818182,0.18181818181818182,0.36363636363636365,0.6363636363636364,0.6363636363636364,0.36363636363636365,0.36363636363636365,0.2727272727272727,0.09090909090909091,0.09090909090909091,0.18181818181818182
1e6ff7f7227be1a58c9e04bd918247f3d13346b45c2550f58bc4d28ca24f0638,71223791#0,-372606529#4,1.0,1.0,0.7272727272727273,0.7272727272727273,0.8181818181818182,0.5,0.18181818181818182,0.8181818181818182,0.8181818181818182,0.45454545454545453,0.45454545454545453,0.8181818181818182,1.0,0.18181818181818182,0.7272727272727273,0.7272727272727273,0.5454545454545454
226a8d8d7afead76efc20b956089fef9a4567d0ac3e31e4acadb41e33039cab7,71223791#0,-372606529#4,0.7272727272727273,0.7272727272727273,0.8181818181818182,0.8181818181818182,0.7272727272727273,0.5,0.2727272727272727,0.7272727272727273,0.36363636363636365,0.18181818181818182,0.18181818181818182,1.0,0.7272727272727273,0.09090909090909091,0.9090909090909091,0.9090909090909091,0.9545454545454546
4f38af75d5463bd554706b78730f4cca6f41a0cd93a67c1277d602f05e4372ae,71223791#0,-372606529#4,0.36363636363636365,0.09090909090909091,0.09090909090909091,0.09090909090909091,0.36363636363636365,0.5,0.6363636363636364,0.36363636363636365,0.36363636363636365,0.9090909090909091,0.9090909090909091,0.36363636363636365,0.09090909090909091,0.5454545454545454,0.2727272727272727,0.18181818181818182,0.45454545454545453
eb4fe1d7b1dae6b65772f4440cdb27ec135373f66a2e32972e099b712bea6c10,71223791#0,-372606529#4,0.8181818181818182,0.9090909090909091,1.0,1.0,0.6363636363636364,0.5,0.36363636363636365,0.6363636363636364,0.36363636363636365,0.0,0.0,0.9090909090909091,0.9090909090909091,0.0,0.8181818181818182,0.6363636363636364,0.7272727272727273
56a07fcecd1682fcecf9327f255b55ed46fd05f021c86f6f3e65ba7da1c336ce,71223791#0,-372606529#4,0.6363636363636364,0.6363636363636364,0.5454545454545454,0.5454545454545454,0.0,0.5,1.0,0.0,0.36363636363636365,0.2727272727272727,0.2727272727272727,0.36363636363636365,0.6363636363636364,0.45454545454545453,0.5454545454545454,0.5454545454545454,0.09090909090909091
32ed381daeac7420e5070533d7e082cf4e455d7eb51c7dd99f217ae96eb37d00,-71223800#7,416428068,0.8181818181818182,0.45454545454545453,0.5454545454545454,1.0,0.18181818181818182,0.36363636363636365,0.8181818181818182,0.18181818181818182,0.18181818181818182,0.18181818181818182,0.18181818181818182,0.36363636363636365,0.45454545454545453,0.09090909090909091,0.7272727272727273,0.6363636363636364,0.36363636363636365
55447f26a5353ae24986c329e2a71c7dc3f90f6c435ea0a306626f886c590750,-71223800#7,416428068,0.9090909090909091,0.7272727272727273,0.18181818181818182,0.45454545454545453,0.5454545454545454,0.36363636363636365,0.45454545454545453,0.5454545454545454,0.6363636363636364,0.5454545454545454,0.5454545454545454,0.36363636363636365,0.7272727272727273,0.0,0.2727272727272727,0.5454545454545454,0.0
b31f6a1fdbf4908d4b6f7b1df00d24c5afd653a4c311efed67eb6c62690de497,-71223800#7,416428068,0.6363636363636364,0.6363636363636364,0.36363636363636365,0.36363636363636365,0.6363636363636364,0.36363636363636365,0.36363636363636365,0.6363636363636364,0.7272727272727273,0.6363636363636364,0.6363636363636364,0.36363636363636365,0.6363636363636364,0.18181818181818182,0.45454545454545453,0.18181818181818182,0.18181818181818182
ade762da9794ca44496337442a0ae1ccf8d446d570eb64f9bfb4d64c2f342ac6,-71223800#7,416428068,0.2727272727272727,0.2727272727272727,0.2727272727272727,0.7272727272727273,0.7272727272727273,0.36363636363636365,0.2727272727272727,0.7272727272727273,0.8181818181818182,0.7272727272727273,0.7272727272727273,0.36363636363636365,0.2727272727272727,0.5454545454545454,0.36363636363636365,0.0,0.09090909090909091
b28d40f3b8349faf026ef92d767aba3a028651f94e3690af925a7b122bb3b32d,-71223800#7,416428068,0.18181818181818182,0.18181818181818182,0.8181818181818182,0.9090909090909091,0.18181818181818182,0.36363636363636365,0.8181818181818182,0.18181818181818182,0.18181818181818182,0.18181818181818182,0.18181818181818182,0.36363636363636365,0.18181818181818182,0.7272727272727273,0.8181818181818182,0.09090909090909091,0.45454545454545453
96fd0f4504f74946732493e9cd583d3c2ea38cb083809c87044eb662c4449636,-71223800#7,416428068,0.36363636363636365,0.5454545454545454,0.9090909090909091,0.2727272727272727,0.18181818181818182,0.36363636363636365,0.8181818181818182,0.18181818181818182,0.18181818181818182,0.18181818181818182,0.18181818181818182,0.36363636363636365,0.5454545454545454,0.6363636363636364,1.0,0.45454545454545453,0.7272727272727273
18ecabe692f3508379a3c869846094b1fab8b4f98487bf6f620d3aa36b01e1fb,-71223800#7,416428068,1.0,1.0,0.09090909090909091,0.09090909090909091,0.8181818181818182,0.8181818181818182,0.18181818181818182,0.8181818181818182,0.45454545454545453,0.8181818181818182,0.8181818181818182,0.8181818181818182,1.0,0.45454545454545453,0.18181818181818182,0.8181818181818182,0.9545454545454546
82eb78e9a3edcb918a81ec05f9a5dc5e5a1cf0c2263554341b4cb37b59a0a53d,-71223800#7,416428068,0.09090909090909091,0.0,0.0,0.0,0.9090909090909091,1.0,0.09090909090909091,0.9090909090909091,0.9090909090909091,1.0,1.0,1.0,0.0,1.0,0.09090909090909091,0.9090909090909091,0.7272727272727273
751e827a5985e661f44b91a29305aca11edd98a54318179385c0b6e05643795a,-71223800#7,416428068,0.45454545454545453,0.36363636363636365,0.7272727272727273,0.8181818181818182,0.18181818181818182,0.36363636363636365,0.8181818181818182,0.18181818181818182,0.18181818181818182,0.18181818181818182,0.18181818181818182,0.36363636363636365,0.36363636363636365,0.2727272727272727,0.9090909090909091,0.2727272727272727,0.5454545454545454
a7c87be3246b143d6c45a7c5f57a264e25c5d0ef9fb42ea55acdd71d1bba4e8c,-71223800#7,416428068,0.7272727272727273,0.9090909090909091,1.0,0.18181818181818182,0.18181818181818182,0.36363636363636365,0.8181818181818182,0.18181818181818182,0.18181818181818182,0.18181818181818182,0.18181818181818182,0.36363636363636365,0.9090909090909091,0.8181818181818182,0.6363636363636364,0.7272727272727273,0.9545454545454546
9d119ea2ae795d693130d63f9d7461c6bb8a30a8f33944a44723f193977a3d6b,-71223800#7,416428068,0.5454545454545454,0.8181818181818182,0.6363636363636364,0.6363636363636364,0.45454545454545453,0.36363636363636365,0.5454545454545454,0.45454545454545453,0.5454545454545454,0.45454545454545453,0.45454545454545453,0.36363636363636365,0.8181818181818182,0.36363636363636365,0.5454545454545454,0.36363636363636365,0.2727272727272727
dc22c0ae64997554fff29a914cfb9027f00de6146eca6fd46cfe8e733e2e6b79,-71223800#7,416428068,0.0,0.09090909090909091,0.45454545454545453,0.5454545454545454,1.0,0.9090909090909091,0.0,1.0,1.0,0.9090909090909091,0.9090909090909091,0.9090909090909091,0.09090909090909091,0.9090909090909091,0.0,1.0,0.7272727272727273
b9a44a6ecebcd66f355d045e3d87d5054656cb6c48ea5cb961fad64b44bcd916,120509991,-100468681#0,0.45454545454545453,0.5454545454545454,0.7272727272727273,0.45454545454545453,0.2727272727272727,0.18181818181818182,0.9090909090909091,0.2727272727272727,0.5454545454545454,0.6363636363636364,0.18181818181818182,0.2727272727272727,0.5454545454545454,0.36363636363636365,1.0,1.0,0.9545454545454546
b7f21e17edd12d49a66600de1b73ac6a69729080f54538e2ffc5aa92ea5c0cf1,120509991,-100468681#0,0.9090909090909091,0.6363636363636364,0.18181818181818182,0.5909090909090909,0.18181818181818182,0.2727272727272727,0.8181818181818182,0.18181818181818182,0.45454545454545453,0.8181818181818182,0.8181818181818182,0.9090909090909091,0.6363636363636364,0.0,0.8181818181818182,0.45454545454545453,0.6363636363636364
05d7424ea392851dc39e17b767b8a4d2e4077638f528e1fd26d4a88f38b89033,120509991,-100468681#0,0.0,0.0,0.9090909090909091,0.09090909090909091,0.7272727272727273,1.0,0.09090909090909091,0.5454545454545454,0.0,0.5454545454545454,0.6363636363636364,0.6363636363636364,0.0,1.0,0.0,0.5454545454545454,0.45454545454545453
e530975fc2535b5b95a23649292563450f28edbed38790205d465a2e41ac8e76,120509991,-100468681#0,0.09090909090909091,0.09090909090909091,0.36363636363636365,1.0,1.0,0.9090909090909091,0.0,0.7272727272727273,1.0,0.45454545454545453,0.5454545454545454,0.5454545454545454,0.09090909090909091,0.9090909090909091,0.09090909090909091,0.2727272727272727,0.2727272727272727
5801f469afdcc8b9d56a008dbcb136077467be2e74360c61342fae962ebc8dfa,120509991,-100468681#0,0.8181818181818182,0.9090909090909091,0.2727272727272727,0.7272727272727273,0.8181818181818182,0.0,0.7272727272727273,0.9090909090909091,0.18181818181818182,1.0,1.0,0.7272727272727273,0.9090909090909091,0.6363636363636364,0.36363636363636365,0.9090909090909091,0.9545454545454546
f1519cb9181902bb2519099d36cd55d9d19b957e6423ecc7c86e34bfb7964827,120509991,-100468681#0,0.2727272727272727,0.18181818181818182,0.6363636363636364,0.5909090909090909,0.45454545454545453,0.8181818181818182,0.2727272727272727,0.36363636363636365,0.9090909090909091,0.36363636363636365,0.45454545454545453,0.45454545454545453,0.18181818181818182,0.2727272727272727,0.45454545454545453,0.0,0.0
89a4b05dfa00de0f38a79d3fae134f01ace7365be8ba254cd772e5265b8c8c28,120509991,-100468681#0,0.7272727272727273,0.8181818181818182,0.45454545454545453,0.9090909090909091,0.6363636363636364,0.5454545454545454,0.18181818181818182,0.8181818181818182,0.2727272727272727,0.09090909090909091,0.09090909090909091,0.09090909090909091,0.8181818181818182,0.18181818181818182,0.6363636363636364,0.09090909090909091,0.18181818181818182
4161403ceed27c04e913591f2bab4b09e207c0fad776c99c3058f30498440585,120509991,-100468681#0,0.5454545454545454,1.0,0.8181818181818182,0.2727272727272727,0.5454545454545454,0.45454545454545453,0.45454545454545453,0.6363636363636364,0.09090909090909091,0.0,0.0,0.09090909090909091,1.0,0.5454545454545454,0.2727272727272727,0.6363636363636364,0.5454545454545454
5543cfb62a26c24b988423905d0f9ba33a7168cb3dafd2bf23bd136d61aa5649,120509991,-100468681#0,1.0,0.7272727272727273,0.09090909090909091,0.36363636363636365,0.09090909090909091,0.09090909090909091,1.0,0.09090909090909091,0.36363636363636365,0.7272727272727273,0.7272727272727273,0.8181818181818182,0.7272727272727273,0.09090909090909091,0.9090909090909091,0.7272727272727273,0.7272727272727273
701d9298ef4007fbd041b1c3f811fc962caf2930f582a2de644435e5fbb2cc17,120509991,-100468681#0,0.6363636363636364,0.45454545454545453,0.0,0.18181818181818182,0.9090909090909091,0.36363636363636365,0.5454545454545454,1.0,0.6363636363636364,0.9090909090909091,0.9090909090909091,1.0,0.45454545454545453,0.7272727272727273,0.5454545454545454,0.8181818181818182,0.8181818181818182
2c92d9632b4ca3e1c3b7ec816bf5f173952a14ff998cb463c5292dfac22dcad2,120509991,-100468681#0,0.36363636363636365,0.36363636363636365,0.5454545454545454,0.8181818181818182,0.36363636363636365,0.6363636363636364,0.36363636363636365,0.45454545454545453,0.7272727272727273,0.18181818181818182,0.2727272727272727,0.36363636363636365,0.36363636363636365,0.45454545454545453,0.7272727272727273,0.18181818181818182,0.09090909090909091
9c72f0265ab4356e39a24d224209ef602a5aeddc496b74d9b8549784d47b5051,120509991,-100468681#0,0.18181818181818182,0.2727272727272727,1.0,0.0,0.0,0.7272727272727273,0.6363636363636364,0.0,0.8181818181818182,0.2727272727272727,0.36363636363636365,0.09090909090909091,0.2727272727272727,0.8181818181818182,0.18181818181818182,0.36363636363636365,0.36363636363636365
4a9187436d37b99d40bbb2be876daeb492d6e5fe3acf19551bb066be367dc145,-1006827381,416428068,0.6363636363636364,0.45454545454545453,0.6363636363636364,0.9090909090909091,0.2727272727272727,0.45454545454545453,0.7272727272727273,0.2727272727272727,0.2727272727272727,0.2727272727272727,0.2727272727272727,0.5,0.45454545454545453,0.09090909090909091,0.6363636363636364,0.5454545454545454,0.5454545454545454
bcd150f777d560b31a567738f3e7cce0123410357cef873a0604dc9eab51a4e7,-1006827381,416428068,0.0,0.0,0.8181818181818182,0.6363636363636364,0.2727272727272727,0.45454545454545453,0.7272727272727273,0.2727272727272727,0.2727272727272727,0.2727272727272727,0.2727272727272727,0.5,0.0,0.6363636363636364,0.0,0.09090909090909091,0.045454545454545456
1fe1d2de5d87d790413d5744910c756dcdde0f45680a038fe7f2cd62e6b614f6,-1006827381,416428068,0.18181818181818182,0.18181818181818182,0.2727272727272727,0.7727272727272727,0.9090909090909091,0.45454545454545453,0.09090909090909091,0.9090909090909091,1.0,0.9090909090909091,0.9090909090909091,0.5,0.18181818181818182,0.45454545454545453,0.36363636363636365,0.2727272727272727,0.6363636363636364
1d8351ab2f8741bcba9018b0941e0a185e41fd9fd9e043c58de1da5bd358c4f9,-1006827381,416428068,0.09090909090909091,0.09090909090909091,0.5454545454545454,0.7727272727272727,0.2727272727272727,0.45454545454545453,0.7272727272727273,0.2727272727272727,0.2727272727272727,0.2727272727272727,0.2727272727272727,0.5,0.09090909090909091,0.8181818181818182,0.09090909090909091,0.0,0.045454545454545456
f2274a22496021bc6335d4113cd684f0e75226011005d6f7f14ce7499214fb7a,-1006827381,416428068,0.7272727272727273,0.6363636363636364,0.45454545454545453,1.0,0.2727272727272727,0.45454545454545453,0.7272727272727273,0.2727272727272727,0.2727272727272727,0.2727272727272727,0.2727272727272727,0.5,0.6363636363636364,0.2727272727272727,0.7272727272727273,0.45454545454545453,0.18181818181818182
310893192cb9ec8d6d2db8b5908d35cb104e39ef06d1df239a5bb50026c52bdb,-1006827381,416428068,0.8181818181818182,0.7272727272727273,0.09090909090909091,0.5454545454545454,0.7272727272727273,0.45454545454545453,0.2727272727272727,0.7272727272727273,0.8181818181818182,0.7272727272727273,0.7272727272727273,0.5,0.7272727272727273,0.0,0.9090909090909091,0.8181818181818182,0.9545454545454546
f0e5182a25d79f3a77a334ebbd99b9bd2b14f0edaa43623fe2d02827d098b031,-1006827381,416428068,1.0,1.0,0.36363636363636365,0.2727272727272727,1.0,1.0,0.0,1.0,0.6363636363636364,1.0,1.0,0.5,1.0,1.0,0.8181818181818182,1.0,0.9545454545454546
ed2f19f64b7f8af137f326e9a290186c690b814088ebcb256f379e7a4a6122d1,-1006827381,416428068,0.5454545454545454,0.9090909090909091,0.9090909090909091,0.09090909090909091,0.2727272727272727,0.45454545454545453,0.7272727272727273,0.2727272727272727,0.2727272727272727,0.2727272727272727,0.2727272727272727,0.5,0.9090909090909091,0.9090909090909091,0.5454545454545454,0.9090909090909091,0.7272727272727273
b395539699805043995be2c5459bc4b21f40cbe86cc7d95a810a4e1b69fc3ba4,-1006827381,416428068,0.45454545454545453,0.36363636363636365,0.7272727272727273,0.4090909090909091,0.2727272727272727,0.45454545454545453,0.7272727272727273,0.2727272727272727,0.2727272727272727,0.2727272727272727,0.2727272727272727,0.5,0.36363636363636365,0.36363636363636365,0.18181818181818182,0.36363636363636365,0.36363636363636365
bd5ee40a904f0ac7cbdc3cba908087e8605ad18cce988eb41c019c6e11efb17c,-1006827381,416428068,0.2727272727272727,0.2727272727272727,0.18181818181818182,0.4090909090909091,0.8181818181818182,0.45454545454545453,0.18181818181818182,0.8181818181818182,0.9090909090909091,0.8181818181818182,0.8181818181818182,0.5,0.2727272727272727,0.7272727272727273,0.45454545454545453,0.18181818181818182,0.2727272727272727
a1fad701a50d4d0a2bea09ea01f411d44d10ffc11847447539af87db47ce40c5,-1006827381,416428068,0.36363636363636365,0.5454545454545454,1.0,0.0,0.2727272727272727,0.45454545454545453,0.7272727272727273,0.2727272727272727,0.2727272727272727,0.2727272727272727,0.2727272727272727,0.5,0.5454545454545454,0.5454545454545454,0.2727272727272727,0.6363636363636364,0.45454545454545453
125cec4984f12893296498284d4ef7a803f602696cb4ac0872aa5ae7729ff4f7,-1006827381,416428068,0.9090909090909091,0.8181818181818182,0.0,0.18181818181818182,0.6363636363636364,0.45454545454545453,0.36363636363636365,0.6363636363636364,0.7272727272727273,0.6363636363636364,0.6363636363636364,0.5,0.8181818181818182,0.18181818181818182,1.0,0.7272727272727273,0.8181818181818182
261474ea18f239999677c170622c2fb05f47af35ce4ffbeca4e0507bfa907ec1,-416375813,-619184994,0.18181818181818182,0.0,0.2727272727272727,0.36363636363636365,0.45454545454545453,0.45454545454545453,0.6363636363636364,0.36363636363636365,0.22727272727272727,0.8181818181818182,0.8181818181818182,0.4090909090909091,0.0,0.5454545454545454,0.2727272727272727,0.09090909090909091,0.0
ff3f3e1274cafbc8515ee38dd80e07294b2ee7eb5c4769cb53df0b7bb9ae1bd5,-416375813,-619184994,0.09090909090909091,0.2727272727272727,0.9090909090909091,0.9090909090909091,0.8181818181818182,0.45454545454545453,0.18181818181818182,0.8181818181818182,0.8181818181818182,1.0,1.0,1.0,0.2727272727272727,1.0,0.09090909090909091,0.9090909090909091,0.9545454545454546
00ac9bd4236420044f0720e454bd51025b10688b0e1ab26531cccddf7a7d4c39,-416375813,-619184994,0.8181818181818182,0.8181818181818182,0.18181818181818182,0.18181818181818182,0.5454545454545454,0.45454545454545453,0.45454545454545453,0.5454545454545454,0.6363636363636364,0.09090909090909091,0.09090909090909091,0.4090909090909091,0.6363636363636364,0.9090909090909091,0.8181818181818182,0.36363636363636365,0.4090909090909091
41edf1afe20a8aca3c19cfc78102001477cb641f73dad63d2ba382f18cad6f3a,-416375813,-619184994,0.9090909090909091,0.9090909090909091,0.45454545454545453,0.2727272727272727,0.0,1.0,0.5454545454545454,0.45454545454545453,0.22727272727272727,0.9090909090909091,0.9090909090909091,0.9090909090909091,0.9090909090909091,0.0,1.0,1.0,0.9545454545454546
9e2b0d0276c1502c347a644f95f9b06a1469a8c3c9c8e6c82dda15a8399d5282,-416375813,-619184994,0.45454545454545453,0.36363636363636365,0.36363636363636365,0.45454545454545453,0.2727272727272727,0.45454545454545453,0.8181818181818182,0.18181818181818182,0.22727272727272727,0.5454545454545454,0.5454545454545454,0.4090909090909091,0.36363636363636365,0.7272727272727273,0.6363636363636364,0.6363636363636364,0.6363636363636364
4ff03b5d2110cdc48f4ac1479c05a7c5f0489543077793530253913a0d9c52bb,-416375813,-619184994,0.6363636363636364,0.7272727272727273,0.8181818181818182,0.6363636363636364,1.0,0.45454545454545453,0.0,1.0,1.0,0.18181818181818182,0.18181818181818182,0.4090909090909091,0.8181818181818182,0.45454545454545453,0.18181818181818182,0.8181818181818182,0.7272727272727273
5eced14f304eb12ff7c19a1341370aeaccafc08beaf66648ba39bd5d97420cb5,-416375813,-619184994,1.0,1.0,0.09090909090909091,0.09090909090909091,0.7272727272727273,0.45454545454545453,0.2727272727272727,0.7272727272727273,0.5454545454545454,0.0,0.0,0.4090909090909091,1.0,0.09090909090909091,0.9090909090909091,0.5454545454545454,0.5454545454545454
4ffd8f92df97ea6ed9d337b57ec498eeb60d03d25ca3f76974ff04e246e25f70,-416375813,-619184994,0.7272727272727273,0.6363636363636364,0.0,0.0,0.6363636363636364,0.45454545454545453,0.36363636363636365,0.6363636363636364,0.7272727272727273,0.2727272727272727,0.2727272727272727,0.4090909090909091,0.7272727272727273,0.8181818181818182,0.7272727272727273,0.45454545454545453,0.22727272727272727
b4310fd9a7b43d9375733d34b97a8f8e3ce8acc4d6c585e34bce90fe65c3ab2d,-416375813,-619184994,0.5454545454545454,0.5454545454545454,0.7272727272727273,0.8181818181818182,0.09090909090909091,0.45454545454545453,1.0,0.0,0.22727272727272727,0.36363636363636365,0.36363636363636365,0.4090909090909091,0.5454545454545454,0.36363636363636365,0.5454545454545454,0.18181818181818182,0.4090909090909091
dcc446da6977c9b5e67e1a02139dbc139febccceb3dfe045be3719c72665b823,-416375813,-619184994,0.2727272727272727,0.18181818181818182,0.5454545454545454,0.5454545454545454,0.36363636363636365,0.45454545454545453,0.7272727272727273,0.2727272727272727,0.22727272727272727,0.6363636363636364,0.6363636363636364,0.4090909090909091,0.09090909090909091,0.6363636363636364,0.36363636363636365,0.0,0.09090909090909091
5e3657a94825ba7546a2c143b42b963df7d91a6fa2e6513252e476399055aa84,-416375813,-619184994,0.0,0.09090909090909091,1.0,1.0,0.9090909090909091,0.45454545454545453,0.09090909090909091,0.9090909090909091,0.9090909090909091,0.7272727272727273,0.7272727272727273,0.4090909090909091,0.18181818181818182,0.18181818181818182,0.0,0.7272727272727273,0.8181818181818182
7fa796f5045f6642c29cf1b15bc1c9a9c62b543fd032879b0e844c12205a8771,-416375813,-619184994,0.36363636363636365,0.45454545454545453,0.6363636363636364,0.7272727272727273,0.18181818181818182,0.45454545454545453,0.9090909090909091,0.09090909090909091,0.22727272727272727,0.45454545454545453,0.45454545454545453,0.4090909090909091,0.45454545454545453,0.2727272727272727,0.45454545454545453,0.2727272727272727,0.22727272727272727
947181fe677b3a4570c0835724935d24eed0d3f9b018efed798c3e8af9798b9d,-71324343#5,416428068,0.09090909090909091,0.09090909090909091,0.045454545454545456,0.22727272727272727,0.9090909090909091,1.0,0.09090909090909091,1.0,0.9090909090909091,1.0,1.0,0.9090909090909091,0.09090909090909091,0.9090909090909091,0.09090909090909091,0.9545454545454546,0.8636363636363636
d25bf171803d47da3bb6d33651f0f566581bcb766a1b55e8eea42d8bd2ae40a2,-71324343#5,416428068,0.6363636363636364,0.8181818181818182,1.0,0.0,0.2727272727272727,0.45454545454545453,0.7272727272727273,0.2727272727272727,0.2727272727272727,0.2727272727272727,0.2727272727272727,0.4090909090909091,0.8181818181818182,0.18181818181818182,0.9545454545454546,0.36363636363636365,0.8636363636363636
d44e74feca9f6fff4ba9e524c94e5ad1a525c312b44688e7d0bb7b862be3864b,-71324343#5,416428068,0.18181818181818182,0.18181818181818182,0.36363636363636365,1.0,0.2727272727272727,0.45454545454545453,0.7272727272727273,0.2727272727272727,0.2727272727272727,0.2727272727272727,0.2727272727272727,0.4090909090909091,0.18181818181818182,0.7272727272727273,0.4090909090909091,0.5454545454545454,0.22727272727272727
66aab4a65fbe318b6fa5279a2836864e8f180678e777ef38a5582137e2cfdd64,-71324343#5,416428068,0.0,0.0,0.045454545454545456,0.22727272727272727,1.0,0.45454545454545453,0.0,0.9090909090909091,1.0,0.9090909090909091,0.9090909090909091,1.0,0.0,1.0,0.0,0.9545454545454546,0.8636363636363636
9c0ef6c57298ff94183af2968641eb3aae8ece7eb5c9a96e4aa6981b620787e6,-71324343#5,416428068,0.7272727272727273,0.6363636363636364,0.2727272727272727,0.9090909090909091,0.8181818181818182,0.45454545454545453,0.18181818181818182,0.8181818181818182,0.8181818181818182,0.8181818181818182,0.8181818181818182,0.4090909090909091,0.6363636363636364,0.45454545454545453,0.18181818181818182,0.45454545454545453,0.0
e00627425f03dc15a46ab340b9d825e2627432b963e35002aca3a2b927aff7e1,-71324343#5,416428068,1.0,1.0,0.18181818181818182,0.7272727272727273,0.6363636363636364,0.45454545454545453,0.36363636363636365,0.6363636363636364,0.6363636363636364,0.6363636363636364,0.6363636363636364,0.4090909090909091,1.0,0.09090909090909091,0.2727272727272727,0.8181818181818182,0.09090909090909091
56067442faf28e40b65f5bef572e9f4c7ccda36cb7d328e077d6202644179781,-71324343#5,416428068,0.36363636363636365,0.2727272727272727,0.45454545454545453,0.8181818181818182,0.2727272727272727,0.45454545454545453,0.7272727272727273,0.2727272727272727,0.2727272727272727,0.2727272727272727,0.2727272727272727,0.4090909090909091,0.2727272727272727,0.6363636363636364,0.4090909090909091,0.0,0.22727272727272727
994ee739310afd25a08c09c4839211db22238d3b992526418b0bd4683cb490c7,-71324343#5,416428068,0.9090909090909091,0.9090909090909091,0.6363636363636364,0.5454545454545454,0.2727272727272727,0.45454545454545453,0.7272727272727273,0.2727272727272727,0.2727272727272727,0.2727272727272727,0.2727272727272727,0.4090909090909091,0.9090909090909091,0.0,0.9545454545454546,0.7272727272727273,0.8636363636363636
82c74597e828a4e5c92e4221e1ec0414d6997b98aba17c480cb6ba40c22c43d6,-71324343#5,416428068,0.8181818181818182,0.7272727272727273,0.6363636363636364,0.5454545454545454,0.7272727272727273,0.45454545454545453,0.2727272727272727,0.7272727272727273,0.7272727272727273,0.7272727272727273,0.7272727272727273,0.4090909090909091,0.7272727272727273,0.36363636363636365,0.5909090909090909,0.6363636363636364,0.4090909090909091
b664ccc7ec7d5e12bd779c13ea765069938153dce0da1ed9ea06deea4059c205,-71324343#5,416428068,0.45454545454545453,0.5454545454545454,0.9090909090909091,0.09090909090909091,0.2727272727272727,0.45454545454545453,0.7272727272727273,0.2727272727272727,0.2727272727272727,0.2727272727272727,0.2727272727272727,0.4090909090909091,0.5454545454545454,0.2727272727272727,0.7727272727272727,0.18181818181818182,0.5909090909090909
2edb233edafe05520eeb3a7a459ef27b13485d946064c6013408ae0b8e06b538,-71324343#5,416428068,0.5454545454545454,0.45454545454545453,0.8181818181818182,0.36363636363636365,0.2727272727272727,0.45454545454545453,0.7272727272727273,0.2727272727272727,0.2727272727272727,0.2727272727272727,0.2727272727272727,0.4090909090909091,0.45454545454545453,0.5454545454545454,0.7727272727272727,0.09090909090909091,0.5909090909090909
3ab940253ed8b0cae8514260ea57c956509ab029f47853068c99313b5ae96b36,-71324343#5,416428068,0.2727272727272727,0.36363636363636365,0.6363636363636364,0.5454545454545454,0.2727272727272727,0.45454545454545453,0.7272727272727273,0.2727272727272727,0.2727272727272727,0.2727272727272727,0.2727272727272727,0.4090909090909091,0.36363636363636365,0.8181818181818182,0.5909090909090909,0.2727272727272727,0.4090909090909091
f85a97fadc5c47fdbdb67f03bdcac0c61f602cf7c16cae0293a3a40aaed0a3b2,-101601551,-101746508#0,0.0,0.0,0.8181818181818182,0.9090909090909091,0.6363636363636364,1.0,0.18181818181818182,0.8181818181818182,0.36363636363636365,0.7272727272727273,0.6363636363636364,0.36363636363636365,0.0,0.8181818181818182,0.0,0.36363636363636365,0.7272727272727273
9d76bc88b759c9e9fb578f622becd1dc8e0ee0d7457a49369e57bf1278ae6525,-101601551,-101746508#0,1.0,1.0,0.09090909090909091,0.0,0.09090909090909091,0.18181818181818182,0.9090909090909091,0.09090909090909091,0.36363636363636365,0.0,0.0,0.36363636363636365,1.0,0.2727272727272727,0.6363636363636364,0.5454545454545454,0.5454545454545454
075e809bcda958d057031eeb9374431a51d29f62be0adf82ceea717756a0a21d,-101601551,-101746508#0,0.18181818181818182,0.09090909090909091,0.36363636363636365,0.36363636363636365,0.45454545454545453,0.7272727272727273,0.5454545454545454,0.36363636363636365,0.36363636363636365,0.6363636363636364,0.5454545454545454,0.36363636363636365,0.09090909090909091,0.5454545454545454,0.2727272727272727,0.0,0.09090909090909091
6be7e1e0761311f4c2c864370fa7b86eae976880df231876b438c6d6681318b6,-101601551,-101746508#0,0.36363636363636365,0.45454545454545453,0.7272727272727273,0.6363636363636364,0.18181818181818182,0.5454545454545454,0.8181818181818182,0.18181818181818182,0.36363636363636365,0.36363636363636365,0.2727272727272727,0.36363636363636365,0.5454545454545454,0.18181818181818182,0.36363636363636365,0.09090909090909091,0.2727272727272727
5e876e9668c679313355f12019f5eaabee3f8bd2c936e5df29b450ac9b489b9f,-101601551,-101746508#0,0.8181818181818182,0.9090909090909091,0.5454545454545454,0.45454545454545453,0.9090909090909091,0.0,0.45454545454545453,0.6363636363636364,0.8181818181818182,0.8181818181818182,1.0,0.8181818181818182,0.9090909090909091,0.09090909090909091,1.0,1.0,0.9545454545454546
a58b3465725609cad50860b891e13c72b36754af1134ac775121c4db517595d8,-101601551,-101746508#0,0.45454545454545453,0.5454545454545454,0.2727272727272727,0.18181818181818182,0.5454545454545454,0.45454545454545453,0.7272727272727273,0.2727272727272727,0.36363636363636365,0.2727272727272727,0.18181818181818182,0.36363636363636365,0.7272727272727273,0.45454545454545453,0.45454545454545453,0.18181818181818182,0.45454545454545453
61dc3d20f89dada0e6e4ef67fa58c8dda75b62bac21160064c7fdd6192a57c19,-101601551,-101746508#0,0.09090909090909091,0.18181818181818182,0.9090909090909091,0.8181818181818182,0.36363636363636365,0.9090909090909091,0.2727272727272727,0.7272727272727273,0.36363636363636365,0.5454545454545454,0.45454545454545453,0.36363636363636365,0.2727272727272727,0.7272727272727273,0.09090909090909091,0.2727272727272727,0.8181818181818182
2275b1b6b8ccc534fec2b8e5cda5b841e3970f6a7174fa87f35fffba23b8469e,-101601551,-101746508#0,0.2727272727272727,0.36363636363636365,1.0,0.7272727272727273,0.2727272727272727,0.8181818181818182,0.36363636363636365,0.5454545454545454,0.36363636363636365,0.45454545454545453,0.36363636363636365,0.36363636363636365,0.36363636363636365,0.6363636363636364,0.18181818181818182,0.45454545454545453,0.9545454545454546
447a6423f9c5da31dada7b4bb0719a182651ae18bd5258303efb50ccb03859c3,-101601551,-101746508#0,0.6363636363636364,0.8181818181818182,0.45454545454545453,0.2727272727272727,0.7272727272727273,0.2727272727272727,0.6363636363636364,0.45454545454545453,0.36363636363636365,0.09090909090909091,0.09090909090909091,0.36363636363636365,0.8181818181818182,0.9090909090909091,0.5454545454545454,0.6363636363636364,0.6363636363636364
73ffc1c08abd6c9527c60c9d6f7e282425ee49ecf854feafde3b88b45f976418,-101601551,-101746508#0,0.5454545454545454,0.7272727272727273,0.18181818181818182,0.09090909090909091,1.0,0.36363636363636365,0.09090909090909091,0.9090909090909091,0.9090909090909091,0.18181818181818182,0.7272727272727273,0.9090909090909091,0.6363636363636364,0.0,0.9090909090909091,0.8181818181818182,0.2727272727272727
1242db821a68dbf14f6cef0d3563ced78d1f75db7925d98e77e5138879260247,-101601551,-101746508#0,0.9090909090909091,0.2727272727272727,0.0,1.0,0.8181818181818182,0.6363636363636364,0.0,1.0,1.0,1.0,0.9090909090909091,1.0,0.18181818181818182,1.0,0.8181818181818182,0.9090909090909091,0.0
99364b077599de78435a23f13e117dc8a48540a76bb45e621cb7689e6fafdf9d,-101601551,-101746508#0,0.7272727272727273,0.6363636363636364,0.6363636363636364,0.5454545454545454,0.0,0.09090909090909091,1.0,0.0,0.36363636363636365,0.9090909090909091,0.8181818181818182,0.36363636363636365,0.45454545454545453,0.36363636363636365,0.7272727272727273,0.7272727272727273,0.2727272727272727
a787ee91762d9feb47fbd8a08f938ad8b9ed17b85aaceac58c2ac27742ea0099,-416409191#0,100475365#1,0.5,0.5,0.5,0.5,0.5,0.5,0.5,0.5,0.5,0.5,0.5,0.5,0.5,0.5,0.5,0.5,0.5
5c85753293c140582f5045512fdc54c453925b28033b33b558e7dcf8e45c3f28,-42762428#3,-416409191#0,0.2727272727272727,0.2727272727272727,0.7727272727272727,0.3181818181818182,0.7272727272727273,0.6363636363636364,0.6363636363636364,0.36363636363636365,0.7272727272727273,0.0,0.36363636363636365,0.18181818181818182,0.2727272727272727,0.09090909090909091,0.2727272727272727,0.0,0.13636363636363635
50e2e53894b87562277074179df17c6b6c6b29bc96ef3745e05acee7e3c41fe0,-42762428#3,-416409191#0,0.09090909090909091,0.09090909090909091,0.9090909090909091,0.45454545454545453,0.5454545454545454,0.9090909090909091,0.7272727272727273,0.45454545454545453,0.9090909090909091,0.18181818181818182,0.5454545454545454,0.18181818181818182,0.09090909090909091,0.0,0.18181818181818182,0.09090909090909091,0.0
55bbf33cb3d686f4cde91bb6f8bda23a4ffd6fc89142192c12b4efa77d7df9a2,-42762428#3,-416409191#0,0.18181818181818182,0.18181818181818182,0.6363636363636364,0.18181818181818182,1.0,0.7272727272727273,0.09090909090909091,0.09090909090909091,0.8181818181818182,0.09090909090909091,0.09090909090909091,0.18181818181818182,0.18181818181818182,0.2727272727272727,0.09090909090909091,0.2727272727272727,0.2727272727272727
dae74d50f22872e39f153a1f40bff11243c04908d371a50f9a8c2befad1c7652,-42762428#3,-416409191#0,0.7272727272727273,0.9090909090909091,1.0,0.0,0.8181818181818182,0.0,0.9090909090909091,0.0,0.09090909090909091,0.5454545454545454,0.0,0.18181818181818182,0.9090909090909091,0.45454545454545453,1.0,1.0,0.9545454545454546
e3aae94e3c35ecc5abab5229fe74d2c268130cdc2baaea68859ee3a44f8647f7,-42762428#3,-416409191#0,0.0,0.0,0.7727272727272727,0.3181818181818182,0.9090909090909091,1.0,0.2727272727272727,0.18181818181818182,1.0,0.2727272727272727,0.2727272727272727,0.18181818181818182,0.0,0.18181818181818182,0.0,0.45454545454545453,0.13636363636363635
93d7f49800f0e508bf74552f75a0697fd3d2e8de00b2b3845f22590448d598a2,-42762428#3,-416409191#0,0.36363636363636365,0.36363636363636365,0.5454545454545454,0.09090909090909091,0.2727272727272727,0.8181818181818182,0.8181818181818182,0.2727272727272727,0.6363636363636364,0.6363636363636364,0.9090909090909091,0.7272727272727273,0.45454545454545453,0.36363636363636365,0.36363636363636365,0.7272727272727273,0.36363636363636365
d145e1f5b2c7071fa54adcc38d08890fea51bc59f8dddb79f5e2c1521acf731f,-42762428#3,-416409191#0,0.8181818181818182,0.6363636363636364,0.0,0.6363636363636364,0.18181818181818182,0.2727272727272727,0.45454545454545453,0.7272727272727273,0.36363636363636365,1.0,1.0,1.0,0.8181818181818182,0.8181818181818182,0.6363636363636364,0.5454545454545454,0.6818181818181818
63bd1268e714fe3eb0b2e3e13404cc8f7c5e5d748675063dc5f47324e3a3513f,-42762428#3,-416409191#0,1.0,1.0,0.36363636363636365,0.5454545454545454,0.36363636363636365,0.36363636363636365,0.36363636363636365,0.6363636363636364,0.0,0.36363636363636365,0.18181818181818182,0.45454545454545453,1.0,0.5454545454545454,0.9090909090909091,0.8181818181818182,0.8181818181818182
a44cd272abb6709dec5b15339bfc692d9a5472f7df1bc899b4130189928375f4,-42762428#3,-416409191#0,0.5454545454545454,0.45454545454545453,0.18181818181818182,0.9090909090909091,0.45454545454545453,0.5454545454545454,0.18181818181818182,1.0,0.5454545454545454,0.8181818181818182,0.8181818181818182,0.6363636363636364,0.36363636363636365,1.0,0.45454545454545453,0.36363636363636365,0.45454545454545453
981ac9bd9a6e38585c5095f649c3fcd965e3198b8c7d798737de39c060cbb33b,-42762428#3,-416409191#0,0.6363636363636364,0.5454545454545454,0.09090909090909091,0.8181818181818182,0.6363636363636364,0.45454545454545453,0.0,0.8181818181818182,0.45454545454545453,0.7272727272727273,0.7272727272727273,0.5454545454545454,0.6363636363636364,0.9090909090909091,0.5454545454545454,0.18181818181818182,0.5454545454545454
8062b1fe1744b7e0044fbf6fa7beb71bc5461da9c6afcd1783a39a010e9873dd,-42762428#3,-416409191#0,0.45454545454545453,0.8181818181818182,0.45454545454545453,0.7272727272727273,0.0,0.09090909090909091,1.0,0.5454545454545454,0.18181818181818182,0.45454545454545453,0.45454545454545453,0.8181818181818182,0.7272727272727273,0.6363636363636364,0.7727272727272727,0.9090909090909091,0.9545454545454546
f35ea79ac486420950e66e55e33f834bf5146a6f961a65ff830f31dafae3ab90,-42762428#3,-416409191#0,0.9090909090909091,0.7272727272727273,0.2727272727272727,1.0,0.09090909090909091,0.18181818181818182,0.5454545454545454,0.9090909090909091,0.2727272727272727,0.9090909090909091,0.6363636363636364,0.9090909090909091,0.5454545454545454,0.7272727272727273,0.7727272727272727,0.6363636363636364,0.6818181818181818
269a443f529fb510161541afa9eab5103a4dbe3852eef557012be9d197bec4a4,-101601551,101606547#1,0.9090909090909091,0.7272727272727273,0.36363636363636365,1.0,0.5,0.22727272727272727,0.45454545454545453,0.5454545454545454,0.5,0.36363636363636365,0.36363636363636365,0.5,0.5454545454545454,0.0,0.8181818181818182,0.6363636363636364,0.7272727272727273
98cc5a9c19e9a9bb20140ed8b4d3b3e4b1b6ea71bf512176c8026798d947a10d,-101601551,101606547#1,0.7272727272727273,0.09090909090909091,0.09090909090909091,0.9090909090909091,0.5,0.22727272727272727,0.2727272727272727,0.7272727272727273,0.5,0.8181818181818182,0.8181818181818182,0.5,0.09090909090909091,0.5454545454545454,0.9090909090909091,0.5454545454545454,0.8181818181818182
c5b41e77182b3dc57a366aca564e76c8704634311c15809ca104c67ddfba045c,-101601551,101606547#1,0.5454545454545454,0.9090909090909091,0.45454545454545453,0.5454545454545454,0.5,0.22727272727272727,0.9090909090909091,0.09090909090909091,0.5,0.09090909090909091,0.09090909090909091,0.5,1.0,0.09090909090909091,0.6363636363636364,0.45454545454545453,0.5
0626e2565d701ce7067f999d925d9515a395e1e1cfdfacfe1f93c07abc005729,-101601551,101606547#1,0.2727272727272727,0.8181818181818182,0.8181818181818182,0.18181818181818182,0.5,0.6363636363636364,0.7272727272727273,0.2727272727272727,0.5,0.2727272727272727,0.2727272727272727,0.5,0.6363636363636364,0.36363636363636365,0.09090909090909091,0.09090909090909091,0.5
dc451ef01b535621ae8c0e5d280136608bab72be6eaad7e595a5d5d56a824e62,-101601551,101606547#1,0.18181818181818182,0.0,0.0,0.09090909090909091,0.5,0.22727272727272727,0.9090909090909091,0.09090909090909091,0.5,0.09090909090909091,0.09090909090909091,0.5,0.0,0.6363636363636364,0.7272727272727273,0.2727272727272727,0.13636363636363635
3b885e36654d65c6f41d8744fe14f25d48a308833738e77a54cf8da51115a837,-101601551,101606547#1,0.09090909090909091,0.18181818181818182,0.5454545454545454,0.36363636363636365,0.5,0.9090909090909091,0.5454545454545454,0.45454545454545453,0.5,0.7272727272727273,0.7272727272727273,0.5,0.18181818181818182,0.9090909090909091,0.18181818181818182,0.0,0.13636363636363635
8178618426d9637a3252e8c0b66c50e4b315d4454029f8632845d661cc444737,-101601551,101606547#1,0.36363636363636365,0.6363636363636364,0.2727272727272727,0.45454545454545453,0.5,0.22727272727272727,0.9090909090909091,0.09090909090909091,0.5,0.09090909090909091,0.09090909090909091,0.5,0.45454545454545453,0.18181818181818182,0.5454545454545454,0.18181818181818182,0.13636363636363635
0cf5c1cf4f9d0e73bde040d3caa5b0ee31a51318a1407c7943dbf68d9d0d1a0c,-101601551,101606547#1,1.0,0.36363636363636365,0.18181818181818182,0.8181818181818182,0.5,0.22727272727272727,0.36363636363636365,0.6363636363636364,0.5,0.6363636363636364,0.6363636363636364,0.5,0.7272727272727273,0.45454545454545453,1.0,0.7272727272727273,0.9545454545454546
136ac57cb4f7c7a251ce589175dc9407d677d6026ef56b90d49050e1d7d3803c,-101601551,101606547#1,0.45454545454545453,0.5454545454545454,0.7272727272727273,0.2727272727272727,0.5,0.7272727272727273,0.6363636363636364,0.36363636363636365,0.5,0.45454545454545453,0.45454545454545453,0.5,0.9090909090909091,0.8181818181818182,0.2727272727272727,0.36363636363636365,0.5
83a971bb0d5ff5c0dbbc831db415e61f56f3864e89508b4f60ee79dc999ba3b5,-101601551,101606547#1,0.0,0.45454545454545453,1.0,0.0,0.5,1.0,0.0,0.8181818181818182,0.5,0.5454545454545454,0.5454545454545454,0.5,0.36363636363636365,1.0,0.0,1.0,0.9545454545454546
0b9780af20a7efebf53e05a6bc60c3735159a02cd071c29aa350ec538364082f,-101601551,101606547#1,0.8181818181818182,1.0,0.9090909090909091,0.6363636363636364,0.5,0.5454545454545454,0.18181818181818182,0.9090909090909091,0.5,0.9090909090909091,0.9090909090909091,0.5,0.8181818181818182,0.2727272727272727,0.36363636363636365,0.9090909090909091,0.13636363636363635
f2b74705318d66820deadd2149ae8821c727ff270dc92395dd55b194e7ae6669,-101601551,101606547#1,0.6363636363636364,0.2727272727272727,0.6363636363636364,0.7272727272727273,0.5,0.8181818181818182,0.09090909090909091,1.0,0.5,1.0,1.0,0.5,0.2727272727272727,0.7272727272727273,0.45454545454545453,0.8181818181818182,0.5
16429b98462fbbccb3f49a3148e8cd804d476cbaf7698f901f5a19ad03c9a83a,101606547#1,-101601551,0.0,0.0,0.2727272727272727,0.18181818181818182,0.4090909090909091,0.3181818181818182,0.8636363636363636,0.13636363636363635,0.4090909090909091,0.13636363636363635,0.13636363636363635,0.2727272727272727,0.0,0.5454545454545454,0.0,0.0,0.22727272727272727
c5f3cd146df147b7792a83c84bcab83a045915e736f4cb9179af50788c3fc37a,101606547#1,-101601551,1.0,1.0,0.0,0.6363636363636364,1.0,0.9090909090909091,0.0,1.0,0.9090909090909091,1.0,1.0,1.0,1.0,0.0,1.0,1.0,0.9545454545454546
e6cd5a49bf3f9dd9256fe459c0c8116f32d589be74c22497d296db51fe28c239,101606547#1,-101601551,0.5454545454545454,0.8181818181818182,0.09090909090909091,0.0,0.9090909090909091,0.3181818181818182,0.6363636363636364,0.36363636363636365,1.0,0.45454545454545453,0.36363636363636365,0.7272727272727273,0.8181818181818182,1.0,0.8181818181818182,0.8181818181818182,0.045454545454545456
b1240be88aa93a3d2005f7b01354d3413215a6a0953885de8b36c1d46cc2d2e0,101606547#1,-101601551,0.8181818181818182,0.5454545454545454,0.7272727272727273,0.9090909090909091,0.4090909090909091,0.3181818181818182,0.5454545454545454,0.45454545454545453,0.4090909090909091,0.7272727272727273,0.6363636363636364,0.2727272727272727,0.5454545454545454,0.09090909090909091,0.5454545454545454,0.45454545454545453,0.5
11ea869282ddba464159f5855b531f19f7a0558c94fcc037fb71277e4f31161f,101606547#1,-101601551,0.45454545454545453,0.7272727272727273,0.8181818181818182,0.45454545454545453,0.4090909090909091,0.7272727272727273,0.45454545454545453,0.5454545454545454,0.4090909090909091,0.36363636363636365,0.45454545454545453,0.8181818181818182,0.7272727272727273,0.8181818181818182,0.9090909090909091,0.9090909090909091,0.045454545454545456
90b8deb253db1dd2b5f273654496c2b28ef4f0a1ddd22e6f801f82a55a6dd2e9,101606547#1,-101601551,0.18181818181818182,0.45454545454545453,0.6363636363636364,0.5454545454545454,0.4090909090909091,0.3181818181818182,0.8636363636363636,0.13636363636363635,0.4090909090909091,0.13636363636363635,0.13636363636363635,0.2727272727272727,0.45454545454545453,0.18181818181818182,0.18181818181818182,0.18181818181818182,0.22727272727272727
7917c210730fd2b7c09eae7211052e33b868910dcadeb1e32c35fed861ac2927,101606547#1,-101601551,0.36363636363636365,0.36363636363636365,0.18181818181818182,0.09090909090909091,0.4090909090909091,0.3181818181818182,0.8636363636363636,0.13636363636363635,0.4090909090909091,0.13636363636363635,0.13636363636363635,0.2727272727272727,0.36363636363636365,0.7272727272727273,0.6363636363636364,0.6363636363636364,0.8181818181818182
e742a9a49388638d1189764651a2461ed8822f7866a7056e788e68944906f5aa,101606547#1,-101601551,0.6363636363636364,0.18181818181818182,0.36363636363636365,0.8181818181818182,0.4090909090909091,0.3181818181818182,0.18181818181818182,0.8181818181818182,0.4090909090909091,0.9090909090909091,0.8181818181818182,0.2727272727272727,0.18181818181818182,0.36363636363636365,0.2727272727272727,0.2727272727272727,0.5
31008afc4b91ffd718ebc65a735206627a8143699b619ae7329b7f3ea38e12b0,101606547#1,-101601551,0.9090909090909091,0.9090909090909091,1.0,1.0,0.4090909090909091,1.0,0.09090909090909091,0.9090909090909091,0.4090909090909091,0.5454545454545454,0.9090909090909091,0.6363636363636364,0.9090909090909091,0.2727272727272727,0.7272727272727273,0.7272727272727273,0.9545454545454546
9ca1c3354a0e14f707c299548983c30617251a075d6b0c89862a97b538e55e30,101606547#1,-101601551,0.09090909090909091,0.09090909090909091,0.45454545454545453,0.2727272727272727,0.4090909090909091,0.3181818181818182,0.8636363636363636,0.13636363636363635,0.4090909090909091,0.13636363636363635,0.13636363636363635,0.2727272727272727,0.09090909090909091,0.9090909090909091,0.09090909090909091,0.09090909090909091,0.36363636363636365
4da36cf3ac7e93a21acb82e3f057fc3b8077917cde4db7ef9303b8cc9606e5e3,101606547#1,-101601551,0.7272727272727273,0.2727272727272727,0.5454545454545454,0.7272727272727273,0.4090909090909091,0.3181818181818182,0.2727272727272727,0.7272727272727273,0.4090909090909091,0.8181818181818182,0.7272727272727273,0.2727272727272727,0.2727272727272727,0.6363636363636364,0.36363636363636365,0.36363636363636365,0.6363636363636364
5f7e81612ecd95503419b60b42be677c14055032e7babb1cd68b4622c416ab73,101606547#1,-101601551,0.2727272727272727,0.6363636363636364,0.9090909090909091,0.36363636363636365,0.4090909090909091,0.8181818181818182,0.36363636363636365,0.6363636363636364,0.4090909090909091,0.6363636363636364,0.5454545454545454,0.9090909090909091,0.6363636363636364,0.45454545454545453,0.45454545454545453,0.5454545454545454,0.7272727272727273
eb97567776f31b9fb82278cbdaa3675eeb5b190d3734e07358865a779badffde,-101746498#2,120509990,0.0,0.0,0.7727272727272727,0.45454545454545453,0.2727272727272727,0.36363636363636365,0.7272727272727273,0.2727272727272727,0.4090909090909091,0.2727272727272727,0.2727272727272727,0.36363636363636365,0.0,0.7272727272727273,0.0,0.36363636363636365,0.45454545454545453
eb459fbff8e4edae05933db3e5f911ee6dd213d281d5610dc67a31482e839b3e,-101746498#2,120509990,0.18181818181818182,0.18181818181818182,0.45454545454545453,0.2727272727272727,0.2727272727272727,0.36363636363636365,0.7272727272727273,0.2727272727272727,0.4090909090909091,0.2727272727272727,0.2727272727272727,0.36363636363636365,0.18181818181818182,0.36363636363636365,0.09090909090909091,0.09090909090909091,0.0
e6845fd567af84a4b462c99a1a591d799b993f29f287a9037c5ac9e51af1497b,-101746498#2,120509990,0.36363636363636365,0.36363636363636365,0.5909090909090909,0.13636363636363635,0.2727272727272727,0.36363636363636365,0.7272727272727273,0.2727272727272727,0.4090909090909091,0.2727272727272727,0.2727272727272727,0.36363636363636365,0.6363636363636364,0.18181818181818182,0.5454545454545454,0.18181818181818182,0.7272727272727273
58b16964ef7019bec25d9bc5bac6ac27347ad1464185613d460a9891df61955c,-101746498#2,120509990,0.09090909090909091,0.09090909090909091,0.7727272727272727,0.36363636363636365,0.2727272727272727,0.36363636363636365,0.7272727272727273,0.2727272727272727,0.4090909090909091,0.2727272727272727,0.2727272727272727,0.36363636363636365,0.09090909090909091,1.0,0.18181818181818182,0.5454545454545454,0.5909090909090909
88ea45dbd2d13c877dc0a48072b605688463905fd70ecd0f3745ed435010eea7,-101746498#2,120509990,0.45454545454545453,0.45454545454545453,0.36363636363636365,0.0,0.2727272727272727,0.36363636363636365,0.7272727272727273,0.2727272727272727,0.4090909090909091,0.2727272727272727,0.2727272727272727,0.36363636363636365,0.36363636363636365,0.0,0.36363636363636365,0.0,0.18181818181818182
6989d668492a92e16c522adfea7b8bc8c39f43357636722a747978d06329a41e,-101746498#2,120509990,0.2727272727272727,0.2727272727272727,0.5909090909090909,0.13636363636363635,0.2727272727272727,0.36363636363636365,0.7272727272727273,0.2727272727272727,0.4090909090909091,0.2727272727272727,0.2727272727272727,0.36363636363636365,0.2727272727272727,0.9090909090909091,0.2727272727272727,0.45454545454545453,0.09090909090909091
ca1f69a2fd6b53ed1a4d7e4db30effed0142d64ecefcd6e967d444ba54e0787e,-101746498#2,120509990,0.5454545454545454,0.5454545454545454,0.9090909090909091,0.6363636363636364,0.2727272727272727,0.36363636363636365,0.7272727272727273,0.2727272727272727,0.4090909090909091,0.2727272727272727,0.2727272727272727,0.36363636363636365,0.45454545454545453,0.2727272727272727,0.45454545454545453,0.2727272727272727,0.2727272727272727
3c184f8a37219dca6267b876bbdddd23bced93a1918f272dd482ec8507b00d0a,-101746498#2,120509990,0.9090909090909091,0.9090909090909091,0.13636363636363635,0.7727272727272727,0.8181818181818182,0.9090909090909091,0.18181818181818182,0.8181818181818182,0.4090909090909091,1.0,1.0,0.9090909090909091,0.7272727272727273,0.6363636363636364,0.8636363636363636,1.0,0.9545454545454546
dfb357609591bdcbb6c40bb83c302f7b71b1f67fc9f470c0c95066e94c9f7d0a,-101746498#2,120509990,0.7272727272727273,0.6363636363636364,0.0,0.9090909090909091,1.0,0.36363636363636365,0.0,1.0,1.0,0.8181818181818182,0.8181818181818182,0.36363636363636365,0.5454545454545454,0.8181818181818182,0.7272727272727273,0.9090909090909091,0.8181818181818182
16c3e61ee98d0efcc0a9f7195ef6c1cdfb2812c85dc28572c97f7a05f0961ccf,-101746498#2,120509990,1.0,1.0,0.13636363636363635,0.7727272727272727,0.7272727272727273,0.8181818181818182,0.36363636363636365,0.7272727272727273,0.4090909090909091,0.9090909090909091,0.9090909090909091,0.8181818181818182,1.0,0.45454545454545453,0.8636363636363636,0.7272727272727273,0.36363636363636365
b64665407e2ece4b9ea676f82461dfd745423648e1291c2d203c2f389df0c5f6,-101746498#2,120509990,0.8181818181818182,0.8181818181818182,0.2727272727272727,1.0,0.9090909090909091,0.36363636363636365,0.09090909090909091,0.9090909090909091,0.9090909090909091,0.6363636363636364,0.7272727272727273,1.0,0.9090909090909091,0.5454545454545454,1.0,0.8181818181818182,0.5909090909090909
5278da7f4ae21e821b4a9cb12940a5c21a70e7c84a82a0ddb0fe8df568d1ba21,-101746498#2,120509990,0.6363636363636364,0.7272727272727273,1.0,0.5454545454545454,0.6363636363636364,1.0,0.2727272727272727,0.6363636363636364,0.4090909090909091,0.7272727272727273,0.6363636363636364,0.36363636363636365,0.8181818181818182,0.09090909090909091,0.6363636363636364,0.6363636363636364,0.9545454545454546
0da0f2431170a686630d8c7e8babd9fcba1c71136caea006bd8e719471065503,-101601553#1,-619184994,0.0,0.0,0.18181818181818182,0.8636363636363636,0.5,0.8181818181818182,0.18181818181818182,0.9090909090909091,0.5,1.0,1.0,1.0,0.0,0.2727272727272727,0.0,0.9090909090909091,0.9545454545454546
e6f0e4c33001c502db57d7af1f50461191b8ee40245d5f1a44eabce9a31b4f0f,-101601553#1,-619184994,0.18181818181818182,0.09090909090909091,0.09090909090909091,0.09090909090909091,0.5,0.7272727272727273,0.2727272727272727,0.7272727272727273,0.5,0.9090909090909091,0.9090909090909091,0.9090909090909091,0.36363636363636365,0.09090909090909091,0.09090909090909091,0.7272727272727273,0.5454545454545454
bd72896f2ae55c0c90cdeb50020be8e214f1bbb507a7a367f83190cc1f6c0f60,-101601553#1,-619184994,0.8181818181818182,0.8181818181818182,0.6818181818181818,0.45454545454545453,0.5,0.5454545454545454,0.45454545454545453,0.5454545454545454,0.5,0.36363636363636365,0.36363636363636365,0.3181818181818182,0.5454545454545454,0.36363636363636365,0.5454545454545454,0.0,0.09090909090909091
106d80fdef0c1dca6793d4f53facab80d782bde697141d08cfafc5812e4ff5c4,-101601553#1,-619184994,0.2727272727272727,0.2727272727272727,0.36363636363636365,1.0,0.5,0.45454545454545453,0.5454545454545454,0.45454545454545453,0.5,0.7272727272727273,0.7272727272727273,0.3181818181818182,0.09090909090909091,0.18181818181818182,0.36363636363636365,0.36363636363636365,0.18181818181818182
7ca748fd071af994fe9f090cd6aa86d4e0f876c656dadde91bc27666fc363e34,-101601553#1,-619184994,0.36363636363636365,0.36363636363636365,0.6818181818181818,0.45454545454545453,0.5,0.09090909090909091,0.9090909090909091,0.09090909090909091,0.5,0.09090909090909091,0.09090909090909091,0.3181818181818182,0.18181818181818182,0.9090909090909091,0.7272727272727273,0.8181818181818182,0.7727272727272727
23d11b037e2067b451a5ac5cf3e955e7660871c1591a36f97acdc63fb80cb120,-101601553#1,-619184994,0.6363636363636364,0.5454545454545454,0.2727272727272727,0.6363636363636364,0.5,0.2727272727272727,0.7272727272727273,0.2727272727272727,0.5,0.5454545454545454,0.5454545454545454,0.3181818181818182,0.6363636363636364,0.0,0.45454545454545453,0.18181818181818182,0.0
02914cb7e49f4c58aba8b2f1be19d85714e816f3aa6731b5f23f7f01614f5b8e,-101601553#1,-619184994,0.09090909090909091,0.18181818181818182,0.8181818181818182,0.7272727272727273,0.5,1.0,0.0,0.8181818181818182,0.5,0.8181818181818182,0.8181818181818182,0.8181818181818182,0.45454545454545453,0.7272727272727273,0.2727272727272727,0.45454545454545453,0.7727272727272727
ab1a8370ee99134ba6dca20be6a7f637e0f58bd9c555f8042a51f0410fed0366,-101601553#1,-619184994,0.45454545454545453,0.45454545454545453,0.5,0.8636363636363636,0.5,0.9090909090909091,0.09090909090909091,1.0,0.5,0.6363636363636364,0.6363636363636364,0.7272727272727273,0.2727272727272727,0.45454545454545453,0.18181818181818182,0.2727272727272727,0.4090909090909091
1743c99c1f984190e223755de4d7933b8355b16e075b7485c6b3287690641b63,-101601553#1,-619184994,0.7272727272727273,0.6363636363636364,0.5,0.45454545454545453,0.5,0.09090909090909091,0.9090909090909091,0.09090909090909091,0.5,0.09090909090909091,0.09090909090909091,0.3181818181818182,0.7272727272727273,0.8181818181818182,0.8181818181818182,0.6363636363636364,0.4090909090909091
0b72aeaf5a02a78d7b6f425e1db259ef447b2cab3942adb3e3e8c05856850671,-101601553#1,-619184994,1.0,1.0,0.0,0.0,0.5,0.09090909090909091,0.9090909090909091,0.09090909090909091,0.5,0.09090909090909091,0.09090909090909091,0.3181818181818182,1.0,0.6363636363636364,0.9090909090909091,1.0,0.6363636363636364
eb21ff0af8d4dcbf0bf85b796bd4bc91205047bf6509d494e95d5e462ca3dbd2,-101601553#1,-619184994,0.9090909090909091,0.9090909090909091,0.9090909090909091,0.18181818181818182,0.5,0.36363636363636365,0.6363636363636364,0.36363636363636365,0.5,0.2727272727272727,0.2727272727272727,0.3181818181818182,0.9090909090909091,1.0,1.0,0.5454545454545454,0.9545454545454546
af659f53dc6bc267cf9329cc421ad73780970b4e02badc28c3586a91891c7c1c,-101601553#1,-619184994,0.5454545454545454,0.7272727272727273,1.0,0.2727272727272727,0.5,0.6363636363636364,0.36363636363636365,0.6363636363636364,0.5,0.45454545454545453,0.45454545454545453,0.3181818181818182,0.8181818181818182,0.5454545454545454,0.6363636363636364,0.09090909090909091,0.2727272727272727
48b0e64fd0b9aba940781ceebd10720064bbb5d9ba449c884ca645a66bd19313,71324347#1,100475365#1,0.7777777777777778,0.7777777777777778,0.3333333333333333,0.3333333333333333,1.0,0.1111111111111111,0.2222222222222222,0.7777777777777778,0.2222222222222222,0.0,0.0,0.1111111111111111,0.7777777777777778,0.3333333333333333,0.5555555555555556,0.6666666666666666,0.7222222222222222
93c0350e630613185b6265d222df3408951d4d9338790cff4f5167a7e8ad8a90,71324347#1,100475365#1,0.4444444444444444,0.2222222222222222,0.6666666666666666,0.6666666666666666,0.0,0.4444444444444444,1.0,0.0,0.7777777777777778,0.1111111111111111,0.1111111111111111,0.4444444444444444,0.2222222222222222,0.2222222222222222,1.0,1.0,0.9444444444444444
e63ab29599103458f76d74eb849399f9986cdba51f4439d244eaca1bf37b9486,71324347#1,100475365#1,0.0,0.0,0.5555555555555556,0.5555555555555556,0.8888888888888888,0.6666666666666666,0.0,1.0,1.0,0.3333333333333333,0.3333333333333333,0.6666666666666666,0.0,0.8888888888888888,0.0,0.3333333333333333,0.3333333333333333
c36f69097a1538335ae58cbddecd38c8a99957f3f5e97b06feb71fec89d2469d,71324347#1,100475365#1,0.3333333333333333,0.4444444444444444,0.8333333333333334,0.8333333333333334,0.4444444444444444,0.2222222222222222,0.5555555555555556,0.2222222222222222,0.5555555555555556,0.5555555555555556,0.8888888888888888,0.2222222222222222,0.4444444444444444,0.7777777777777778,0.4444444444444444,0.1111111111111111,0.16666666666666666
7083b90e52489772e01e1e069a150b1a90d884b924715cd6933494f435a8ea3a,71324347#1,100475365#1,0.8888888888888888,0.8888888888888888,0.8333333333333334,0.8333333333333334,0.7777777777777778,0.0,0.4444444444444444,0.1111111111111111,0.1111111111111111,0.4444444444444444,0.5555555555555556,0.0,0.8888888888888888,0.1111111111111111,0.7777777777777778,0.7777777777777778,0.9444444444444444
4219010167a24f4e18aec91300c15a19ed925a459c8bebe1230319eff6158a02,71324347#1,100475365#1,0.1111111111111111,0.1111111111111111,0.3333333333333333,0.3333333333333333,0.6666666666666666,0.5555555555555556,0.1111111111111111,0.8888888888888888,0.8888888888888888,0.2222222222222222,0.2222222222222222,0.5555555555555556,0.1111111111111111,1.0,0.16666666666666666,0.0,0.0
97942337c9bc32305542233f3dc640ee902827925e4dfd80c903f5c63f61e5bc,71324347#1,100475365#1,0.2222222222222222,0.3333333333333333,1.0,1.0,0.5555555555555556,0.3333333333333333,0.3333333333333333,0.4444444444444444,0.6666666666666666,0.6666666666666666,1.0,0.3333333333333333,0.3333333333333333,0.6666666666666666,0.16666666666666666,0.4444444444444444,0.7222222222222222
b6aeebe458abcb6da8959ba6bb923a39b5d28e176944c2c0e7e45c1cd9faf823,71324347#1,100475365#1,0.5555555555555556,0.5555555555555556,0.3333333333333333,0.3333333333333333,0.2222222222222222,1.0,0.6666666666666666,0.6666666666666666,0.4444444444444444,1.0,0.7777777777777778,1.0,0.5555555555555556,0.4444444444444444,0.3333333333333333,0.5555555555555556,0.5
fe2cced033a021e1ad133705bcb18369b58f6adb517272defca54b605d2492f7,71324347#1,100475365#1,1.0,1.0,0.05555555555555555,0.05555555555555555,0.3333333333333333,0.7777777777777778,0.7777777777777778,0.3333333333333333,0.0,0.7777777777777778,0.4444444444444444,0.7777777777777778,1.0,0.0,0.8888888888888888,0.8888888888888888,0.5
f6498483155af09a69ff526ad914e38b0b81fccb46f725c6e37b4226a4237448,71324347#1,100475365#1,0.6666666666666666,0.6666666666666666,0.05555555555555555,0.05555555555555555,0.1111111111111111,0.8888888888888888,0.8888888888888888,0.5555555555555556,0.3333333333333333,0.8888888888888888,0.6666666666666666,0.8888888888888888,0.6666666666666666,0.5555555555555556,0.6666666666666666,0.2222222222222222,0.16666666666666666
7e0f785d3f1b74e6910dbbc1257f81868d232cd5b7dcf811346b76e77e7c4955,-101746516#2,-372606529#4,0.0,0.0,0.9090909090909091,0.9090909090909091,0.8181818181818182,0.45454545454545453,0.45454545454545453,0.5454545454545454,0.2727272727272727,0.6363636363636364,0.6363636363636364,0.9090909090909091,0.0,0.9090909090909091,0.0,0.18181818181818182,0.2727272727272727
42b7d15277028ebc6533faa6255376949ee328ad777003ba0066dee93de66263,-101746516#2,-372606529#4,0.45454545454545453,0.45454545454545453,0.7272727272727273,0.7272727272727273,0.9090909090909091,0.45454545454545453,0.18181818181818182,0.6363636363636364,0.7272727272727273,0.9090909090909091,0.9090909090909091,0.45454545454545453,0.45454545454545453,0.6363636363636364,0.18181818181818182,0.0,0.45454545454545453
d16e9f9488ed2287cd3d6622ed1880830f246dab32ce00b75ae3da0bf0970ab2,-101746516#2,-372606529#4,1.0,1.0,0.2727272727272727,0.2727272727272727,0.0,0.45454545454545453,1.0,0.0,0.2727272727272727,0.0,0.0,0.09090909090909091,1.0,0.0,0.7272727272727273,0.9090909090909091,0.7727272727272727
fa2c34c412737e90f8be4642901968040c914bfac65eddc7f0b6e25db28ebc03,-101746516#2,-372606529#4,0.2727272727272727,0.2727272727272727,0.5454545454545454,0.5454545454545454,0.2727272727272727,0.45454545454545453,0.7272727272727273,0.2727272727272727,0.9090909090909091,0.36363636363636365,0.36363636363636365,0.6363636363636364,0.2727272727272727,0.5454545454545454,0.36363636363636365,0.36363636363636365,0.0
ec072c125b1d5e7d89e3d0b2320f059f5e85234a2725aa6dbdbe6a722619f3dc,-101746516#2,-372606529#4,0.36363636363636365,0.36363636363636365,0.4090909090909091,0.4090909090909091,0.18181818181818182,0.45454545454545453,0.8181818181818182,0.18181818181818182,0.8181818181818182,0.2727272727272727,0.2727272727272727,0.5454545454545454,0.36363636363636365,0.7272727272727273,0.45454545454545453,0.45454545454545453,0.09090909090909091
25eee41dc22c15bedef0cc9bef057b8ab34fd2519210deabaddf80701eedac59,-101746516#2,-372606529#4,0.9090909090909091,0.8181818181818182,0.0,0.0,0.6363636363636364,1.0,0.0,1.0,0.2727272727272727,1.0,1.0,1.0,0.8181818181818182,0.09090909090909091,0.6363636363636364,0.7272727272727273,0.9545454545454546
4345b87eb0467cf73dc1222821aa9e2881757b217aee3a6897dfc2c96bd3a623,-101746516#2,-372606529#4,0.6363636363636364,0.9090909090909091,1.0,1.0,0.5454545454545454,0.45454545454545453,0.6363636363636364,0.36363636363636365,0.6363636363636364,0.09090909090909091,0.09090909090909091,0.09090909090909091,0.9090909090909091,0.45454545454545453,0.8181818181818182,1.0,0.9545454545454546
a54ed93046a2637fcc1cf9586e80c703270e537da33e50851e31408c5eea32db,-101746516#2,-372606529#4,0.09090909090909091,0.09090909090909091,0.8181818181818182,0.8181818181818182,0.7272727272727273,0.45454545454545453,0.5454545454545454,0.45454545454545453,0.2727272727272727,0.5454545454545454,0.5454545454545454,0.8181818181818182,0.09090909090909091,1.0,0.09090909090909091,0.2727272727272727,0.2727272727272727
477cf9c3ce58aa4088b480e05c468d98e826ce0d5976e9e2eea94d70a243bd93,-101746516#2,-372606529#4,0.5454545454545454,0.7272727272727273,0.6363636363636364,0.6363636363636364,0.09090909090909091,0.45454545454545453,0.9090909090909091,0.09090909090909091,0.2727272727272727,0.18181818181818182,0.18181818181818182,0.09090909090909091,0.7272727272727273,0.2727272727272727,0.5454545454545454,0.8181818181818182,0.5454545454545454
20aaef66157538672fe4d5aeece97c64a761ce02602b2ac47d07112789165ae2,-101746516#2,-372606529#4,0.18181818181818182,0.18181818181818182,0.4090909090909091,0.4090909090909091,1.0,0.45454545454545453,0.09090909090909091,0.7272727272727273,1.0,0.45454545454545453,0.45454545454545453,0.7272727272727273,0.18181818181818182,0.8181818181818182,0.2727272727272727,0.09090909090909091,0.2727272727272727
a9bb4d4317491c7e6ae5f818713ca30956cb9ecd813fa9d755c44c9d6a0b8675,-101746516#2,-372606529#4,0.7272727272727273,0.5454545454545454,0.18181818181818182,0.18181818181818182,0.45454545454545453,0.45454545454545453,0.2727272727272727,0.9090909090909091,0.2727272727272727,0.8181818181818182,0.8181818181818182,0.36363636363636365,0.5454545454545454,0.18181818181818182,0.9090909090909091,0.5454545454545454,0.6363636363636364
b9d26857e6537763f9652f88893959f90d200be3da28917349b86dcf55eef224,-101746516#2,-372606529#4,0.8181818181818182,0.6363636363636364,0.09090909090909091,0.09090909090909091,0.36363636363636365,0.45454545454545453,0.36363636363636365,0.8181818181818182,0.2727272727272727,0.7272727272727273,0.7272727272727273,0.2727272727272727,0.6363636363636364,0.36363636363636365,1.0,0.6363636363636364,0.7727272727272727
3b1f7c8fa5be9cfbf1c35549b4e590ae8c302142724619a1b8e6c339cdef3a4b,526438862#2,-100468681#1,0.18181818181818182,0.18181818181818182,0.9090909090909091,0.9090909090909091,0.36363636363636365,0.8181818181818182,0.36363636363636365,0.09090909090909091,0.8181818181818182,0.36363636363636365,0.5454545454545454,0.6363636363636364,0.18181818181818182,0.45454545454545453,0.36363636363636365,0.0,0.0
0a0746310a9124fa763de7488cabc7a3d2659cee30986b41a5f5dd9df58b6cdb,526438862#2,-100468681#1,1.0,1.0,0.09090909090909091,0.09090909090909091,0.45454545454545453,0.09090909090909091,0.7272727272727273,0.6363636363636364,0.0,0.8181818181818182,0.8181818181818182,0.18181818181818182,1.0,0.0,0.8181818181818182,0.6363636363636364,0.6818181818181818
1632dc1bcf89da5bc8620aff8d6a8b938736a5fb270dcfccbc49258112e4e5a2,526438862#2,-100468681#1,0.09090909090909091,0.09090909090909091,0.4090909090909091,0.4090909090909091,0.8181818181818182,0.9090909090909091,0.09090909090909091,0.5454545454545454,0.9090909090909091,0.45454545454545453,0.6363636363636364,0.7272727272727273,0.09090909090909091,1.0,0.09090909090909091,0.45454545454545453,0.6818181818181818
fb0786245599a4bf14033864dba27c99fcbc6cc9188a5676acd048387982b7c1,526438862#2,-100468681#1,0.36363636363636365,0.6363636363636364,1.0,1.0,0.09090909090909091,0.18181818181818182,0.8181818181818182,0.36363636363636365,0.36363636363636365,0.6363636363636364,0.18181818181818182,0.2727272727272727,0.6363636363636364,0.5454545454545454,0.9090909090909091,0.9090909090909091,0.9545454545454546
ceb351ec0b7941e387dae0a14cdca62903d1b0b45f5c55bfffeb226a995c1d84,526438862#2,-100468681#1,0.2727272727272727,0.2727272727272727,0.8181818181818182,0.8181818181818182,0.2727272727272727,0.7272727272727273,0.5454545454545454,0.18181818181818182,0.7272727272727273,0.2727272727272727,0.45454545454545453,0.5454545454545454,0.2727272727272727,0.6363636363636364,0.5454545454545454,0.09090909090909091,0.09090909090909091
0ef3863d1e39e0e8f6c115ac2cf7f8b6f82755ae85a3863f348b15f7b86cf357,526438862#2,-100468681#1,0.6363636363636364,0.5454545454545454,0.2727272727272727,0.2727272727272727,0.18181818181818182,0.0,1.0,0.0,0.45454545454545453,0.7272727272727273,0.2727272727272727,0.36363636363636365,0.5454545454545454,0.18181818181818182,1.0,1.0,0.6818181818181818
1291cf5537852a723cacc40937c5d9183306b9da398c6cecf4adec5697f45a06,526438862#2,-100468681#1,0.9090909090909091,0.7272727272727273,0.18181818181818182,0.18181818181818182,0.0,0.2727272727272727,0.9090909090909091,0.2727272727272727,0.2727272727272727,0.9090909090909091,0.9090909090909091,0.9090909090909091,0.7272727272727273,0.09090909090909091,0.7272727272727273,0.5454545454545454,0.18181818181818182
2e407fee78879481f71eae9fd7237f3d8d788e768575117f10f07cbeb9be8b21,526438862#2,-100468681#1,0.5454545454545454,0.36363636363636365,0.0,0.0,0.7272727272727273,0.36363636363636365,0.6363636363636364,1.0,0.6363636363636364,1.0,1.0,1.0,0.36363636363636365,0.7272727272727273,0.2727272727272727,0.8181818181818182,0.9545454545454546
70a8ccc1e1bb11f4e753cadd914701838a69621c4020b16d1320a65196b4557f,526438862#2,-100468681#1,0.7272727272727273,0.8181818181818182,0.7272727272727273,0.7272727272727273,0.6363636363636364,0.5454545454545454,0.2727272727272727,0.8181818181818182,0.18181818181818182,0.09090909090909091,0.09090909090909091,0.045454545454545456,0.8181818181818182,0.2727272727272727,0.45454545454545453,0.18181818181818182,0.2727272727272727
188df55438b6b83f017f2d66414a53115f07a3e18027d21c4cd26f7509eb3753,526438862#2,-100468681#1,0.8181818181818182,0.9090909090909091,0.5909090909090909,0.5909090909090909,0.5454545454545454,0.45454545454545453,0.45454545454545453,0.9090909090909091,0.09090909090909091,0.0,0.0,0.045454545454545456,0.9090909090909091,0.36363636363636365,0.6363636363636364,0.2727272727272727,0.4090909090909091
5e2823d3e2602cc586aa4de0f8bcaee2c695efe6f9051513c324f4799688c3d9,526438862#2,-100468681#1,0.0,0.0,0.5909090909090909,0.5909090909090909,0.9090909090909091,1.0,0.0,0.45454545454545453,1.0,0.5454545454545454,0.7272727272727273,0.8181818181818182,0.0,0.9090909090909091,0.0,0.36363636363636365,0.4090909090909091
c470d84cfacaf95e23bb7b6101416bd71787f31b1bc18aec1753380246bde092,526438862#2,-100468681#1,0.45454545454545453,0.45454545454545453,0.4090909090909091,0.4090909090909091,1.0,0.6363636363636364,0.18181818181818182,0.7272727272727273,0.5454545454545454,0.18181818181818182,0.36363636363636365,0.45454545454545453,0.45454545454545453,0.8181818181818182,0.18181818181818182,0.7272727272727273,0.6818181818181818
b733a9d5409e745673ba7954a391ca6ef26f79b0fbf11b89073ee06b9cb1a7d0,1164653913,526438862#1,0.2727272727272727,0.36363636363636365,0.7272727272727273,0.36363636363636365,0.8181818181818182,0.4090909090909091,0.6363636363636364,0.36363636363636365,0.8181818181818182,0.7272727272727273,0.45454545454545453,0.6363636363636364,0.36363636363636365,0.2727272727272727,0.36363636363636365,0.0,0.18181818181818182
764305449ed20f9bdb2069521a810995580b9fa76857de6dba058adebd69cc8d,1164653913,526438862#1,0.09090909090909091,0.09090909090909091,0.4090909090909091,0.045454545454545456,0.9090909090909091,1.0,0.09090909090909091,0.8181818181818182,0.9090909090909091,1.0,1.0,0.8181818181818182,0.09090909090909091,0.9090909090909091,0.09090909090909091,0.7272727272727273,0.9090909090909091
7cac839784b75211fac64272f926ce00bd15ff482f903d4f208bd8257db73f3a,1164653913,526438862#1,0.45454545454545453,0.6363636363636364,0.9090909090909091,0.5454545454545454,0.45454545454545453,0.4090909090909091,0.8181818181818182,0.18181818181818182,0.6363636363636364,0.45454545454545453,0.18181818181818182,0.36363636363636365,0.6363636363636364,0.0,0.45454545454545453,0.09090909090909091,0.09090909090909091
56aab243b88ed03fbd7505615df553552060913b3d33061e9b456c2a6290d9ec,1164653913,526438862#1,0.18181818181818182,0.45454545454545453,1.0,0.6363636363636364,0.5454545454545454,0.4090909090909091,0.7272727272727273,0.2727272727272727,0.7272727272727273,0.6363636363636364,0.36363636363636365,0.5454545454545454,0.45454545454545453,0.5454545454545454,0.2727272727272727,0.2727272727272727,0.0
5881ff9c08e863b3c35623b874b9e270876d1f7b1d596355642d77689b1f2377,1164653913,526438862#1,0.8181818181818182,0.9090909090909091,0.5454545454545454,0.18181818181818182,0.6363636363636364,0.9090909090909091,0.45454545454545453,0.5454545454545454,0.36363636363636365,0.9090909090909091,0.8181818181818182,0.18181818181818182,0.9090909090909091,0.6363636363636364,0.18181818181818182,0.9090909090909091,0.5454545454545454
e568120b5575df35ea41ffdae03b398f06ac2db7d05d9a3ffd3e7561e39c1777,1164653913,526438862#1,0.0,0.0,0.4090909090909091,0.045454545454545456,1.0,0.4090909090909091,0.0,0.45454545454545453,1.0,0.8181818181818182,0.7272727272727273,0.9090909090909091,0.0,1.0,0.0,0.8181818181818182,0.9090909090909091
93816f34fd392a9c18c201d39ba27e023a6551bb85bd8dda3e99e802052647e1,1164653913,526438862#1,0.7272727272727273,0.5454545454545454,0.09090909090909091,1.0,0.0,0.4090909090909091,0.36363636363636365,0.7272727272727273,0.09090909090909091,0.09090909090909091,0.2727272727272727,0.45454545454545453,0.5454545454545454,0.45454545454545453,1.0,0.5454545454545454,0.9090909090909091
e3bdbf0349ff2c9458ca6e00afb774b82ac20016dd5e8a169cf0d10418ce0258,1164653913,526438862#1,0.9090909090909091,0.8181818181818182,0.18181818181818182,0.8181818181818182,0.7272727272727273,0.4090909090909091,0.2727272727272727,0.9090909090909091,0.45454545454545453,0.5454545454545454,0.9090909090909091,1.0,0.8181818181818182,0.36363636363636365,0.6363636363636364,0.36363636363636365,0.36363636363636365
01beec85a4977c86ad9bb9d10ccd84ffec7e9a69701c90d4f62e6500e6a44fb8,1164653913,526438862#1,0.6363636363636364,0.2727272727272727,0.2727272727272727,0.7272727272727273,0.09090909090909091,0.4090909090909091,0.5454545454545454,0.6363636363636364,0.09090909090909091,0.18181818181818182,0.5454545454545454,0.0,0.2727272727272727,0.7272727272727273,0.8636363636363636,1.0,0.6818181818181818
14b68ce5d713f471e18f6d7aa18e41a849ee9dd7f1db84c2afc0f84db28551ab,1164653913,526438862#1,1.0,1.0,0.6363636363636364,0.2727272727272727,0.2727272727272727,0.4090909090909091,1.0,0.0,0.2727272727272727,0.0,0.0,0.09090909090909091,1.0,0.09090909090909091,0.7272727272727273,0.6363636363636364,0.45454545454545453
8db00eb847c30e1a49d07ec2441fa9eba1a881615e80b1b3db5d25949187d1a1,1164653913,526438862#1,0.36363636363636365,0.18181818181818182,0.0,0.9090909090909091,0.18181818181818182,0.4090909090909091,0.18181818181818182,1.0,0.09090909090909091,0.2727272727272727,0.6363636363636364,0.7272727272727273,0.18181818181818182,0.8181818181818182,0.8636363636363636,0.45454545454545453,0.6818181818181818
4de97bdc3124cf12ac3fd1612281a40bf1d15cc12afc43736aa7a6e8c39ac20c,1164653913,526438862#1,0.5454545454545454,0.7272727272727273,0.8181818181818182,0.45454545454545453,0.36363636363636365,0.4090909090909091,0.9090909090909091,0.09090909090909091,0.5454545454545454,0.36363636363636365,0.09090909090909091,0.2727272727272727,0.7272727272727273,0.18181818181818182,0.5454545454545454,0.18181818181818182,0.2727272727272727
24e257b65e2762de8d5b80e3ce469bd95839cef470a80ad3d9bfe8a23ccfadf3,71324347#3,-101418584#0,0.0,0.0,0.0,0.09090909090909091,0.45454545454545453,0.18181818181818182,0.45454545454545453,0.18181818181818182,0.36363636363636365,0.6363636363636364,0.5454545454545454,1.0,0.0,0.8181818181818182,0.0,0.6363636363636364,0.09090909090909091
3d12e13148221daa1671e06b4f2fc5dbd6f9e889c0716a146d047afa504dc174,71324347#3,-101418584#0,0.09090909090909091,0.09090909090909091,0.09090909090909091,0.0,1.0,0.18181818181818182,0.0,0.45454545454545453,1.0,0.18181818181818182,0.36363636363636365,0.13636363636363635,0.09090909090909091,0.7272727272727273,0.3181818181818182,0.9090909090909091,0.7272727272727273
a6a1c6ed4c3b49068fb782941e750744ecc46ac6ee7871e528bb2d3109e020b3,71324347#3,-101418584#0,0.8181818181818182,0.9090909090909091,0.7272727272727273,0.9090909090909091,0.18181818181818182,0.5454545454545454,0.8181818181818182,0.6363636363636364,0.36363636363636365,0.5454545454545454,0.45454545454545453,0.45454545454545453,0.9090909090909091,0.36363636363636365,0.8181818181818182,0.36363636363636365,0.5454545454545454
49c86b2622d4e6b01a8db93f3886890e5d00a411900727fe064e72442a12ac49,71324347#3,-101418584#0,0.18181818181818182,0.18181818181818182,0.45454545454545453,0.45454545454545453,0.36363636363636365,1.0,0.2727272727272727,0.9090909090909091,0.36363636363636365,0.45454545454545453,0.7272727272727273,0.13636363636363635,0.18181818181818182,0.2727272727272727,0.5454545454545454,0.18181818181818182,0.18181818181818182
69acca265a5c9cef807217f0b2ca998faebe09e09a289f19856b6f27b33d68dc,71324347#3,-101418584#0,0.36363636363636365,0.6363636363636364,1.0,0.8181818181818182,0.8181818181818182,0.18181818181818182,0.9090909090909091,0.0,0.8181818181818182,0.0,0.0,0.13636363636363635,0.6363636363636364,1.0,1.0,1.0,0.9545454545454546
0e604798cf3c1274ec403c1747169d13d366cbf082ae05700817e6618b8317cc,71324347#3,-101418584#0,0.45454545454545453,0.2727272727272727,0.18181818181818182,0.2727272727272727,0.9090909090909091,0.18181818181818182,0.18181818181818182,0.5454545454545454,0.36363636363636365,0.36363636363636365,0.18181818181818182,0.9090909090909091,0.2727272727272727,0.6363636363636364,0.09090909090909091,0.7272727272727273,0.8181818181818182
da39d768a1a29ad61f48aa11672e85b522d901bba22e2394aea41b01779f2b5c,71324347#3,-101418584#0,0.6363636363636364,0.7272727272727273,0.2727272727272727,0.18181818181818182,0.6363636363636364,0.7272727272727273,0.36363636363636365,0.8181818181818182,0.36363636363636365,0.8181818181818182,1.0,0.6363636363636364,0.7272727272727273,0.09090909090909091,0.18181818181818182,0.2727272727272727,0.45454545454545453
d28bd7579afafb501f686c8f4e6e335612150a988139f44ccf6cee67561bae18,71324347#3,-101418584#0,0.2727272727272727,0.45454545454545453,0.36363636363636365,0.36363636363636365,0.5454545454545454,0.9090909090909091,0.09090909090909091,1.0,0.36363636363636365,0.9090909090909091,0.8181818181818182,0.8181818181818182,0.45454545454545453,0.45454545454545453,0.45454545454545453,0.0,0.3181818181818182
e84128a6fd80b5e695e8988916ca627bdb5fd7cf5823be749618cb278cd87c00,71324347#3,-101418584#0,0.7272727272727273,0.5454545454545454,0.5454545454545454,0.6363636363636364,0.2727272727272727,0.8181818181818182,0.5454545454545454,0.7272727272727273,0.36363636363636365,0.7272727272727273,0.6363636363636364,0.7272727272727273,0.5454545454545454,0.18181818181818182,0.7272727272727273,0.09090909090909091,0.3181818181818182
6c68f666bcf32e53b957be4da08fa9a4b50fcbb195aa2d7c939af716d0b18b4d,71324347#3,-101418584#0,0.5454545454545454,0.36363636363636365,0.6363636363636364,0.5454545454545454,0.7272727272727273,0.18181818181818182,0.6363636363636364,0.2727272727272727,0.9090909090909091,0.2727272727272727,0.09090909090909091,0.13636363636363635,0.36363636363636365,0.9090909090909091,0.3181818181818182,0.8181818181818182,0.0
3e7349c043a2e65a38b4726b8e1c3e325978d106d6db9b55ada3f8412f3e7ef8,71324347#3,-101418584#0,1.0,1.0,0.8181818181818182,0.7272727272727273,0.09090909090909091,0.45454545454545453,1.0,0.09090909090909091,0.36363636363636365,0.09090909090909091,0.2727272727272727,0.36363636363636365,1.0,0.0,0.9090909090909091,0.45454545454545453,0.9545454545454546
3d3f4543f5fc4808ac63023190f847d78ff89db5e9701b736efe038dc8c55b7f,71324347#3,-101418584#0,0.9090909090909091,0.8181818181818182,0.9090909090909091,1.0,0.0,0.6363636363636364,0.7272727272727273,0.36363636363636365,0.36363636363636365,1.0,0.9090909090909091,0.5454545454545454,0.8181818181818182,0.5454545454545454,0.6363636363636364,0.5454545454545454,0.6363636363636364
6ef392cd2b20dec90c60491304e4e197b1fe2df4a15a37b29624bead6ff2a4a0,-1323419243,868087112,0.18181818181818182,0.18181818181818182,0.6363636363636364,0.2727272727272727,0.7272727272727273,0.2727272727272727,0.5454545454545454,0.36363636363636365,0.45454545454545453,0.7272727272727273,0.2727272727272727,0.6363636363636364,0.18181818181818182,0.6363636363636364,0.36363636363636365,0.7272727272727273,0.9545454545454546
45a94b08ed4f9a9cba05f4be2393239dfec2eb054b0e8f07b616909e6ec0484f,-1323419243,868087112,0.0,0.0,0.13636363636363635,0.045454545454545456,0.9545454545454546,0.2727272727272727,0.045454545454545456,0.045454545454545456,0.45454545454545453,0.045454545454545456,0.045454545454545456,0.18181818181818182,0.0,0.9090909090909091,0.0,0.2727272727272727,0.45454545454545453
cf3f9f4c75d811e7b580c4a5b86c9bd3ce6b6f65a6971ebc42c509100807d98d,-1323419243,868087112,0.09090909090909091,0.09090909090909091,0.13636363636363635,0.045454545454545456,0.9545454545454546,0.2727272727272727,0.045454545454545456,0.045454545454545456,0.45454545454545453,0.045454545454545456,0.045454545454545456,0.18181818181818182,0.09090909090909091,1.0,0.09090909090909091,0.0,0.09090909090909091
b467bcbff9d59296d16895be753482e0a5a624e34a7ed2152f41ac0a63a0caaa,-1323419243,868087112,0.2727272727272727,0.2727272727272727,0.5454545454545454,0.18181818181818182,0.8181818181818182,0.2727272727272727,0.45454545454545453,0.45454545454545453,0.45454545454545453,0.6363636363636364,0.18181818181818182,0.5454545454545454,0.2727272727272727,0.8181818181818182,0.45454545454545453,0.5454545454545454,0.3181818181818182
66b43d942f66d4d154b78e47548f8ec79e4d578b0fda0310abb6fa6041fec271,-1323419243,868087112,0.7272727272727273,0.8181818181818182,1.0,0.8181818181818182,0.2727272727272727,0.2727272727272727,1.0,0.18181818181818182,1.0,0.9090909090909091,0.36363636363636365,0.7272727272727273,0.8181818181818182,0.45454545454545453,1.0,1.0,0.6363636363636364
7d0281f6628e5dcc2161ddf24ff0ce0522f482432813d4fd15cfd1bc5133a6cd,-1323419243,868087112,0.6363636363636364,0.36363636363636365,0.0,0.45454545454545453,0.6363636363636364,0.2727272727272727,0.18181818181818182,0.8181818181818182,0.45454545454545453,1.0,1.0,1.0,0.36363636363636365,0.7272727272727273,0.18181818181818182,0.09090909090909091,0.0
84eb49c84a546211494b01bc3525a5287d668539feadf26494e3b17f61a92703,-1323419243,868087112,0.36363636363636365,0.5454545454545454,0.8636363636363636,0.5909090909090909,0.0,1.0,0.9090909090909091,0.2727272727272727,0.45454545454545453,0.36363636363636365,0.6363636363636364,0.18181818181818182,0.5454545454545454,0.18181818181818182,0.9090909090909091,0.9090909090909091,0.7727272727272727
7cb6002a2cfe7ec1a33a1e45b3ecffd4cbdbea9317458a10ca43ee41e296bc44,-1323419243,868087112,0.45454545454545453,0.6363636363636364,0.8636363636363636,0.5909090909090909,0.09090909090909091,0.9090909090909091,0.8181818181818182,0.5454545454545454,0.45454545454545453,0.2727272727272727,0.5454545454545454,0.18181818181818182,0.7272727272727273,0.09090909090909091,0.7272727272727273,0.6363636363636364,0.9545454545454546
2441edd4171a21f10a1447d624b1a2d54d94df0062959d2fac15338d37072c67,-1323419243,868087112,0.9090909090909091,0.9090909090909091,0.45454545454545453,1.0,0.45454545454545453,0.7272727272727273,0.2727272727272727,1.0,0.45454545454545453,0.5454545454545454,0.8181818181818182,0.9090909090909091,0.9090909090909091,0.0,0.5454545454545454,0.36363636363636365,0.5454545454545454
0ab84dcd0226e9c215533b12406ac8d48cf6c4ca03782ffa9d61fc42f07ab8d6,-1323419243,868087112,0.8181818181818182,0.45454545454545453,0.36363636363636365,0.9090909090909091,0.5454545454545454,0.2727272727272727,0.36363636363636365,0.7272727272727273,0.45454545454545453,0.8181818181818182,0.7272727272727273,0.8181818181818182,0.45454545454545453,0.5454545454545454,0.2727272727272727,0.18181818181818182,0.18181818181818182
f8d18b6ae35f59a3522ec09a456ae4f1871f23ec10ce6e38cf13fdeb4a9a8caf,-1323419243,868087112,0.5454545454545454,0.7272727272727273,0.7272727272727273,0.36363636363636365,0.18181818181818182,0.8181818181818182,0.7272727272727273,0.6363636363636364,0.45454545454545453,0.18181818181818182,0.45454545454545453,0.18181818181818182,0.6363636363636364,0.2727272727272727,0.6363636363636364,0.45454545454545453,0.3181818181818182
e5bf473fe4ff76e5420d5dec9b0d6f14629dc0f4b4796eb5d0e0b52fde62af73,-1323419243,868087112,1.0,1.0,0.2727272727272727,0.7272727272727273,0.36363636363636365,0.6363636363636364,0.6363636363636364,0.9090909090909091,0.45454545454545453,0.45454545454545453,0.9090909090909091,0.45454545454545453,1.0,0.36363636363636365,0.8181818181818182,0.8181818181818182,0.7727272727272727
8d296cad7cda2af6e52f4e2d7bc96f5367354b0b715ac5a80bf375bc55d61a8f,75421017,-1323419243,0.09090909090909091,0.09090909090909091,0.3181818181818182,0.045454545454545456,0.9090909090909091,0.7272727272727273,0.36363636363636365,0.36363636363636365,0.9090909090909091,0.0,0.45454545454545453,0.13636363636363635,0.09090909090909091,0.0,0.09090909090909091,0.6363636363636364,0.0
2087eb53bfe66a680c6353154637a238fd3eb979cfe762c389e296ef1c77cc0a,75421017,-1323419243,0.0,0.0,0.3181818181818182,0.045454545454545456,1.0,0.8181818181818182,0.0,0.09090909090909091,1.0,0.09090909090909091,0.0,0.13636363636363635,0.0,0.09090909090909091,0.0,0.5454545454545454,0.13636363636363635
83283cef3a38ac4bdfb79b11d6b8e4acd9aff1a5e19e893af727862c1395ffb8,75421017,-1323419243,0.2727272727272727,0.8181818181818182,0.9090909090909091,0.5454545454545454,0.09090909090909091,0.09090909090909091,1.0,0.0,0.18181818181818182,0.2727272727272727,0.2727272727272727,0.45454545454545453,0.8181818181818182,0.7272727272727273,0.9090909090909091,0.7272727272727273,0.5454545454545454
4179606f3af1a321e7a2e1732511f61ef2258f8529b12501dc43caa1014497ea,75421017,-1323419243,0.5454545454545454,0.6363636363636364,0.6363636363636364,1.0,0.2727272727272727,0.2727272727272727,0.6363636363636364,0.6363636363636364,0.36363636363636365,0.45454545454545453,0.5454545454545454,0.7272727272727273,0.6363636363636364,0.45454545454545453,0.7272727272727273,0.09090909090909091,0.36363636363636365
09b2a398695c52397e75dcbb2b3720f324af9b5ffb0b39599c0a0d99f6c1123e,75421017,-1323419243,0.36363636363636365,0.45454545454545453,0.5454545454545454,0.9090909090909091,0.45454545454545453,0.45454545454545453,0.5454545454545454,0.7272727272727273,0.5454545454545454,0.6363636363636364,0.7272727272727273,0.8181818181818182,0.45454545454545453,0.6363636363636364,0.5909090909090909,0.0,0.13636363636363635
8fc1a64ba0116ec52ef39d907ff45b4be3636394e9fc1c41511d6fb9b0ff8856,75421017,-1323419243,0.8181818181818182,0.5454545454545454,0.7272727272727273,0.7272727272727273,0.36363636363636365,0.36363636363636365,0.7272727272727273,0.45454545454545453,0.45454545454545453,0.5454545454545454,0.6363636363636364,0.5454545454545454,0.5454545454545454,0.5454545454545454,0.5909090909090909,0.45454545454545453,0.7272727272727273
0764e4ebc05a6d8a2534ba3aa02f5b94168365e90e0721ecf95bcaf55e910c10,75421017,-1323419243,0.45454545454545453,0.18181818181818182,0.0,0.2727272727272727,0.6363636363636364,0.6363636363636364,0.09090909090909091,1.0,0.8181818181818182,0.9090909090909091,0.8181818181818182,0.6363636363636364,0.18181818181818182,0.9090909090909091,0.2727272727272727,0.2727272727272727,0.7272727272727273
8d4cce24251b05ba7315f011afb53c19e4272444204af3329cbdb18169b401bd,75421017,-1323419243,0.7272727272727273,0.7272727272727273,0.45454545454545453,0.8181818181818182,0.0,0.18181818181818182,0.8181818181818182,0.2727272727272727,0.2727272727272727,0.8181818181818182,0.9090909090909091,1.0,0.7272727272727273,0.36363636363636365,0.8181818181818182,0.18181818181818182,0.36363636363636365
64818dfc56f8220317b3d6e90d9e2a3ef8279e6da256151290acad518605403c,75421017,-1323419243,0.6363636363636364,0.2727272727272727,0.09090909090909091,0.18181818181818182,0.7272727272727273,0.5454545454545454,0.18181818181818182,0.9090909090909091,0.7272727272727273,1.0,1.0,0.9090909090909091,0.2727272727272727,1.0,0.18181818181818182,0.36363636363636365,0.9545454545454546
e4aacc301b611bf8d1e467cea971d4a26c9cd433e01f995862932af0949a77e1,75421017,-1323419243,0.9090909090909091,1.0,1.0,0.6363636363636364,0.18181818181818182,0.9090909090909091,0.9090909090909091,0.18181818181818182,0.0,0.18181818181818182,0.09090909090909091,0.36363636363636365,1.0,0.2727272727272727,1.0,0.9090909090909091,0.9545454545454546
23e2eef3199e298a0a5c050ede8763716c2acd2506db92b491baf79344df74d8,75421017,-1323419243,0.18181818181818182,0.36363636363636365,0.8181818181818182,0.36363636363636365,0.5454545454545454,1.0,0.45454545454545453,0.5454545454545454,0.6363636363636364,0.7272727272727273,0.36363636363636365,0.13636363636363635,0.36363636363636365,0.18181818181818182,0.36363636363636365,1.0,0.36363636363636365
ffb962605e5c3a6a678eba55c7b35766f350c59ccf1c2fbe00105fc7e4c473eb,75421017,-1323419243,1.0,0.9090909090909091,0.18181818181818182,0.45454545454545453,0.8181818181818182,0.0,0.2727272727272727,0.8181818181818182,0.09090909090909091,0.36363636363636365,0.18181818181818182,0.13636363636363635,0.9090909090909091,0.8181818181818182,0.45454545454545453,0.8181818181818182,0.7272727272727273
359f20d92356920822a70d19d73e5ad847454676c341bc54baf7aa17d1bc5ed1,-101415864#1,-1323419247,0.18181818181818182,0.2727272727272727,0.7272727272727273,0.5454545454545454,0.5454545454545454,0.45454545454545453,0.45454545454545453,0.5454545454545454,0.7272727272727273,0.7272727272727273,0.7272727272727273,0.7272727272727273,0.2727272727272727,0.7272727272727273,0.45454545454545453,0.2727272727272727,0.2727272727272727
e22db0796c9e581180b8e9811cc7cb82485da33303a613108ab85ec4f9da8612,-101415864#1,-1323419247,1.0,1.0,0.2727272727272727,0.6363636363636364,0.18181818181818182,0.45454545454545453,0.8181818181818182,0.18181818181818182,0.0,0.0,0.0,0.0,1.0,0.09090909090909091,0.6818181818181818,0.7272727272727273,0.5
143fff6ef1f29737dff77cfd751dbc4977c8527cfdda4128fcdd92aa9190ec38,-101415864#1,-1323419247,0.2727272727272727,0.45454545454545453,0.9090909090909091,0.36363636363636365,0.36363636363636365,0.45454545454545453,0.6363636363636364,0.36363636363636365,0.5454545454545454,0.5454545454545454,0.5454545454545454,0.5454545454545454,0.45454545454545453,0.8181818181818182,0.2727272727272727,0.18181818181818182,0.09090909090909091
cd52c5339ecc951cbc5142f878b688122addb4ba4aec1491c3ed73870cb31b47,-101415864#1,-1323419247,0.45454545454545453,0.36363636363636365,0.6363636363636364,1.0,0.7272727272727273,0.45454545454545453,0.2727272727272727,0.7272727272727273,0.6363636363636364,0.6363636363636364,0.6363636363636364,0.6363636363636364,0.36363636363636365,0.5454545454545454,0.36363636363636365,0.0,0.18181818181818182
bdeb1a4bcd34a5a11746a9510c2066d637d5da1d87da54dfcc6606d2eb035d51,-101415864#1,-1323419247,0.5454545454545454,0.5454545454545454,0.45454545454545453,0.7727272727272727,0.6363636363636364,0.45454545454545453,0.36363636363636365,0.6363636363636364,0.45454545454545453,0.45454545454545453,0.45454545454545453,0.45454545454545453,0.5454545454545454,0.36363636363636365,0.9090909090909091,0.36363636363636365,0.7272727272727273
3ff46a1e39cf17bc86d0b705b705339beb9afb092b3dc629b64d6d3c53539498,-101415864#1,-1323419247,0.09090909090909091,0.09090909090909091,0.045454545454545456,0.045454545454545456,0.9090909090909091,1.0,0.09090909090909091,1.0,0.9090909090909091,1.0,1.0,0.9090909090909091,0.09090909090909091,0.9090909090909091,0.09090909090909091,1.0,0.9090909090909091
f1096c06139dec56eee04d07c3993e9ec8a61bb8b368f6186f38dfc32a2167e5,-101415864#1,-1323419247,0.36363636363636365,0.18181818181818182,0.36363636363636365,0.9090909090909091,0.8181818181818182,0.45454545454545453,0.18181818181818182,0.8181818181818182,0.8181818181818182,0.8181818181818182,0.8181818181818182,0.8181818181818182,0.18181818181818182,0.45454545454545453,0.8181818181818182,0.09090909090909091,0.6363636363636364
9910e72267de83ebf073813bc54e13b68eded24a9c8b0f081d212c9d01c86966,-101415864#1,-1323419247,0.7272727272727273,0.8181818181818182,0.8181818181818182,0.45454545454545453,0.0,0.45454545454545453,1.0,0.0,0.18181818181818182,0.18181818181818182,0.18181818181818182,0.18181818181818182,0.8181818181818182,0.2727272727272727,0.6818181818181818,0.45454545454545453,0.5
70fb6741b4ec1c928d9725edf9d367d1519903ff11ad8e7a5a4ef1681d102e3a,-101415864#1,-1323419247,0.6363636363636364,0.7272727272727273,1.0,0.2727272727272727,0.09090909090909091,0.45454545454545453,0.9090909090909091,0.09090909090909091,0.2727272727272727,0.2727272727272727,0.2727272727272727,0.2727272727272727,0.7272727272727273,0.6363636363636364,0.18181818181818182,0.5454545454545454,0.0
077359932592fb7a304bf4994a0dd037e9bfb8fd5f0f008cb7b92423c9bc8e92,-101415864#1,-1323419247,0.9090909090909091,0.9090909090909091,0.18181818181818182,0.18181818181818182,0.2727272727272727,0.45454545454545453,0.7272727272727273,0.2727272727272727,0.09090909090909091,0.09090909090909091,0.09090909090909091,0.09090909090909091,0.9090909090909091,0.0,1.0,0.8181818181818182,0.9090909090909091
1fdfa104295936401eee655aa13617d17ec4f8abd3348cd0cee9341879f4fda4,-101415864#1,-1323419247,0.8181818181818182,0.6363636363636364,0.5454545454545454,0.7727272727272727,0.45454545454545453,0.45454545454545453,0.5454545454545454,0.45454545454545453,0.36363636363636365,0.36363636363636365,0.36363636363636365,0.36363636363636365,0.6363636363636364,0.18181818181818182,0.5454545454545454,0.6363636363636364,0.36363636363636365
da0f83b1a24909431d77554f3c26396a12a77dfd750a9485e3f3685e9afbae93,-101415864#1,-1323419247,0.0,0.0,0.045454545454545456,0.045454545454545456,1.0,0.45454545454545453,0.0,0.9090909090909091,1.0,0.9090909090909091,0.9090909090909091,1.0,0.0,1.0,0.0,0.9090909090909091,0.9090909090909091
eab22b540f6ad8c4b53e73d2db35615fd176a16f2846908450a69738b03217bc,71223791#1,100475365#1,0.7272727272727273,0.7272727272727273,0.13636363636363635,0.13636363636363635,1.0,0.2727272727272727,0.0,1.0,0.45454545454545453,0.0,0.0,0.36363636363636365,0.7272727272727273,0.2727272727272727,0.2727272727272727,0.45454545454545453,0.09090909090909091
d4f7fd692519592fd2035d837256fa98f913a6ea6713a45064a9952bb5d95a3e,71223791#1,100475365#1,0.18181818181818182,0.18181818181818182,0.36363636363636365,0.36363636363636365,0.7272727272727273,0.7272727272727273,0.18181818181818182,0.8181818181818182,1.0,0.2727272727272727,0.2727272727272727,0.9090909090909091,0.18181818181818182,0.5454545454545454,0.7727272727272727,0.09090909090909091,0.6818181818181818
dfa945387092ba5a5814700ddaae1ed08d94275752b09ba1a8d6dc8ed03a2042,71223791#1,100475365#1,0.5454545454545454,0.36363636363636365,0.45454545454545453,0.6363636363636364,0.09090909090909091,0.5454545454545454,0.9090909090909091,0.18181818181818182,0.8181818181818182,0.09090909090909091,0.09090909090909091,0.7272727272727273,0.36363636363636365,0.0,0.45454545454545453,0.6363636363636364,0.36363636363636365
b6139ae521d155cc7e49be0da5d8c95e1b1d0971847c3d73e34cb91addf8a2b1,71223791#1,100475365#1,1.0,0.9090909090909091,0.2727272727272727,0.2727272727272727,0.8181818181818182,0.09090909090909091,0.5454545454545454,0.45454545454545453,0.2727272727272727,0.6363636363636364,0.5454545454545454,0.09090909090909091,0.9090909090909091,0.9090909090909091,0.18181818181818182,0.8181818181818182,0.0
a919c704b412723f836fb479f8da18e850fc7fef95fff05f533a525f66c8050d,71223791#1,100475365#1,0.9090909090909091,1.0,1.0,0.9090909090909091,0.18181818181818182,0.0,1.0,0.0,0.18181818181818182,0.5454545454545454,0.45454545454545453,0.0,1.0,0.18181818181818182,0.09090909090909091,0.9090909090909091,0.2727272727272727
25459fffd0cadfbd77fa043e49f80a58ca783cd79a83c3a8a6c788d742963c40,71223791#1,100475365#1,0.09090909090909091,0.09090909090909091,0.9090909090909091,1.0,0.36363636363636365,0.8181818181818182,0.7272727272727273,0.36363636363636365,0.045454545454545456,0.36363636363636365,0.36363636363636365,1.0,0.09090909090909091,0.6363636363636364,0.7727272727272727,0.5454545454545454,0.6818181818181818
ef3aa6475f7a47758d09ebcb25cb92536f054fd429acce2d3e3ce797889bf276,71223791#1,100475365#1,0.45454545454545453,0.5454545454545454,0.5909090909090909,0.5,0.45454545454545453,0.36363636363636365,0.45454545454545453,0.5454545454545454,0.6363636363636364,0.8181818181818182,0.9090909090909091,0.5454545454545454,0.5454545454545454,0.7272727272727273,0.6363636363636364,0.18181818181818182,0.5454545454545454
70e620547a7b281707089571d2dd7973bd1500b067cd5f83f3198c7443241ba7,71223791#1,100475365#1,0.2727272727272727,0.2727272727272727,0.13636363636363635,0.13636363636363635,0.6363636363636364,0.6363636363636364,0.2727272727272727,0.7272727272727273,0.9090909090909091,0.18181818181818182,0.18181818181818182,0.8181818181818182,0.2727272727272727,0.8181818181818182,0.5454545454545454,0.2727272727272727,0.45454545454545453
0c21649c4810922a52943bd39d45678c3f4282a04a51ad7de52a22e42ec2b163,71223791#1,100475365#1,0.0,0.0,0.0,0.0,0.0,0.9090909090909091,0.8181818181818182,0.09090909090909091,0.045454545454545456,0.45454545454545453,0.6363636363636364,0.18181818181818182,0.0,1.0,0.0,1.0,0.9545454545454546
9e5de705174b0d2c850945250aa39b64b127891b2a64dee95a05b36db26359c6,71223791#1,100475365#1,0.36363636363636365,0.45454545454545453,0.7272727272727273,0.7272727272727273,0.5454545454545454,0.45454545454545453,0.36363636363636365,0.6363636363636364,0.7272727272727273,0.9090909090909091,1.0,0.6363636363636364,0.45454545454545453,0.36363636363636365,0.9090909090909091,0.0,0.8181818181818182
5515c075f2aa5dfb2aca97be05563771ea0e7619c1b3ad752bbadeb06ec5943d,71223791#1,100475365#1,0.8181818181818182,0.8181818181818182,0.5909090909090909,0.5,0.9090909090909091,0.18181818181818182,0.09090909090909091,0.9090909090909091,0.36363636363636365,0.7272727272727273,0.7272727272727273,0.2727272727272727,0.8181818181818182,0.09090909090909091,0.36363636363636365,0.36363636363636365,0.18181818181818182
b8d3202c4323c62c637e094260114d81127130c2b7082042d94fada413066430,71223791#1,100475365#1,0.6363636363636364,0.6363636363636364,0.8181818181818182,0.8181818181818182,0.2727272727272727,1.0,0.6363636363636364,0.2727272727272727,0.5454545454545454,1.0,0.8181818181818182,0.45454545454545453,0.6363636363636364,0.45454545454545453,1.0,0.7272727272727273,0.9545454545454546
8cc3a10b8608f6603f7455a24a6bca91191ff88f73fd04f272c21582597d6936,-679068326#3,-1200809291,0.09090909090909091,0.09090909090909091,0.2727272727272727,0.8181818181818182,0.5454545454545454,0.45454545454545453,0.2727272727272727,0.5454545454545454,0.45454545454545453,0.8181818181818182,0.8181818181818182,0.8181818181818182,0.18181818181818182,0.6363636363636364,0.09090909090909091,0.36363636363636365,0.045454545454545456
778c5224ac737420549c3c952d1056a56144d36e826693a92cbb860118efe231,-679068326#3,-1200809291,0.0,0.0,0.09090909090909091,1.0,0.6363636363636364,0.45454545454545453,0.18181818181818182,0.7272727272727273,0.45454545454545453,0.9090909090909091,1.0,1.0,0.0,0.7272727272727273,0.0,0.5454545454545454,0.5909090909090909
96b28ccb85d876a3c00b986bba765e8b9f11ae7dbb8ad544e11b6a189e27d7e7,-679068326#3,-1200809291,0.18181818181818182,0.18181818181818182,0.36363636363636365,0.9090909090909091,0.45454545454545453,0.45454545454545453,0.5454545454545454,0.45454545454545453,0.45454545454545453,0.7272727272727273,0.7272727272727273,0.7272727272727273,0.2727272727272727,0.5454545454545454,0.18181818181818182,0.6363636363636364,0.2727272727272727
58283963aa87eed731df920621c5ae199a0ee9e3f8f68b56f26bf0990a21f4e8,-679068326#3,-1200809291,0.36363636363636365,0.36363636363636365,0.6363636363636364,0.2727272727272727,0.9090909090909091,0.45454545454545453,0.09090909090909091,0.9090909090909091,0.45454545454545453,0.5454545454545454,0.5454545454545454,0.09090909090909091,0.5454545454545454,0.8181818181818182,0.9090909090909091,0.8181818181818182,0.2727272727272727
2f55fb4413e122535745650b387bf1aa9a6f0a0a9b20e4bdd11797977fc0c736,-679068326#3,-1200809291,0.6363636363636364,1.0,1.0,0.45454545454545453,0.7272727272727273,1.0,0.36363636363636365,0.8181818181818182,1.0,1.0,0.9090909090909091,0.9090909090909091,1.0,1.0,0.7272727272727273,1.0,0.9545454545454546
554a617655af1eb95be02f239e48fdd47118b378f889bdd6699b16856ced6151,-679068326#3,-1200809291,0.9090909090909091,0.9090909090909091,0.9090909090909091,0.7272727272727273,0.0,0.45454545454545453,1.0,0.0,0.45454545454545453,0.0,0.0,0.2727272727272727,0.6363636363636364,0.36363636363636365,0.6363636363636364,0.45454545454545453,0.45454545454545453
38b76b8ea7490e69e36d6d127fd666eaf32aa1f9752cdd33a290cfdb8e4b5870,-679068326#3,-1200809291,0.7272727272727273,0.6363636363636364,0.18181818181818182,0.09090909090909091,0.18181818181818182,0.45454545454545453,0.8181818181818182,0.18181818181818182,0.45454545454545453,0.2727272727272727,0.2727272727272727,0.45454545454545453,0.36363636363636365,0.0,0.2727272727272727,0.0,0.045454545454545456
a04cb321006f530f6e29169c3dd168dc420be46e5ff0828d3ddc6c28d1f01e97,-679068326#3,-1200809291,1.0,0.8181818181818182,0.45454545454545453,0.0,0.8181818181818182,0.45454545454545453,0.45454545454545453,0.6363636363636364,0.45454545454545453,0.09090909090909091,0.09090909090909091,0.09090909090909091,0.9090909090909091,0.45454545454545453,1.0,0.7272727272727273,0.9545454545454546
1f11cf2a9a857029690ac54ca1c7fd12c001961ca35b83b39c2af28e7571cde0,-679068326#3,-1200809291,0.5454545454545454,0.5454545454545454,0.8181818181818182,0.6363636363636364,0.2727272727272727,0.45454545454545453,0.7272727272727273,0.2727272727272727,0.45454545454545453,0.36363636363636365,0.36363636363636365,0.5454545454545454,0.8181818181818182,0.2727272727272727,0.5454545454545454,0.2727272727272727,0.7727272727272727
9d94fa04547850a9fed111cf9e6659eb0f6002843dc0177f6c183402ab1e16a4,-679068326#3,-1200809291,0.8181818181818182,0.7272727272727273,0.7272727272727273,0.5454545454545454,0.09090909090909091,0.45454545454545453,0.9090909090909091,0.09090909090909091,0.45454545454545453,0.18181818181818182,0.18181818181818182,0.36363636363636365,0.45454545454545453,0.18181818181818182,0.36363636363636365,0.09090909090909091,0.2727272727272727
a7bcf22953760fb3b23cfa05dcc9d3188282ee21f85b3360265abdf5bc836696,-679068326#3,-1200809291,0.45454545454545453,0.45454545454545453,0.0,0.18181818181818182,0.36363636363636365,0.45454545454545453,0.6363636363636364,0.36363636363636365,0.45454545454545453,0.45454545454545453,0.45454545454545453,0.6363636363636364,0.7272727272727273,0.09090909090909091,0.45454545454545453,0.18181818181818182,0.5909090909090909
e214c91ee1044f274cb83278e2df2aa0563f3876d4d5730be9c12333e40bfdc4,-679068326#3,-1200809291,0.2727272727272727,0.2727272727272727,0.5454545454545454,0.36363636363636365,1.0,0.45454545454545453,0.0,1.0,0.45454545454545453,0.6363636363636364,0.6363636363636364,0.09090909090909091,0.09090909090909091,0.9090909090909091,0.8181818181818182,0.9090909090909091,0.7727272727272727
b1356de9fec6f2d14be8fa01d69d531418e9c17c09ee15df6f7dd8c2ffe7bb04,-101746498#0,416428068,0.18181818181818182,0.18181818181818182,0.9090909090909091,0.6363636363636364,0.09090909090909091,0.4090909090909091,0.9090909090909091,0.09090909090909091,0.09090909090909091,0.09090909090909091,0.09090909090909091,0.2727272727272727,0.2727272727272727,0.7272727272727273,0.09090909090909091,0.5454545454545454,0.22727272727272727
954fb5b10fc7387b4b8dd3a3c188656bec28880c95e937037f0c3f542ad7f5e5,-101746498#0,416428068,0.09090909090909091,0.09090909090909091,0.8181818181818182,0.8181818181818182,0.36363636363636365,0.4090909090909091,0.6363636363636364,0.36363636363636365,1.0,0.7272727272727273,0.6363636363636364,0.2727272727272727,0.09090909090909091,0.8181818181818182,0.18181818181818182,0.45454545454545453,0.09090909090909091
3721540c8781789410b9323a5775452d47bf3eef78c9cc563e41b6dc725630b5,-101746498#0,416428068,0.0,0.0,1.0,0.5454545454545454,0.09090909090909091,0.4090909090909091,0.9090909090909091,0.09090909090909091,0.09090909090909091,0.09090909090909091,0.09090909090909091,0.2727272727272727,0.0,1.0,0.0,0.6363636363636364,0.5909090909090909
974cb4507983f9b50123e92c0bb87ee8bcddbfb7ae8498d6f268a2ff0bc6fc52,-101746498#0,416428068,0.2727272727272727,0.2727272727272727,0.7272727272727273,0.7272727272727273,0.2727272727272727,0.4090909090909091,0.7272727272727273,0.2727272727272727,0.9090909090909091,0.45454545454545453,0.45454545454545453,0.2727272727272727,0.36363636363636365,0.45454545454545453,0.2727272727272727,0.2727272727272727,0.0
fd83ac963f98b595ecc5a0abf898c09a594ac94c0d95e0c68cdd2d57774cb0b4,-101746498#0,416428068,0.6363636363636364,0.6363636363636364,0.4090909090909091,0.9545454545454546,0.5454545454545454,1.0,0.2727272727272727,0.8181818181818182,0.5454545454545454,1.0,0.9090909090909091,1.0,0.5454545454545454,0.36363636363636365,0.6818181818181818,0.9090909090909091,0.9090909090909091
bdf8fe1e5b69daf97ba32fedfd0b904948331522a854a67c97ecd4ed2eaf75b2,-101746498#0,416428068,0.8181818181818182,0.7272727272727273,0.2727272727272727,0.18181818181818182,0.8181818181818182,0.4090909090909091,0.36363636363636365,0.6363636363636364,0.45454545454545453,0.36363636363636365,0.36363636363636365,0.7272727272727273,0.9090909090909091,0.09090909090909091,1.0,0.36363636363636365,0.5909090909090909
a6585a50d7b5f08952e5995b44930d48a3ea88d4b1ab4e4ba2b4d2a1921d8355,-101746498#0,416428068,0.45454545454545453,0.45454545454545453,0.0,0.09090909090909091,0.9090909090909091,0.4090909090909091,0.09090909090909091,0.9090909090909091,0.7272727272727273,0.6363636363636364,0.7272727272727273,0.2727272727272727,0.6363636363636364,0.5454545454545454,0.5454545454545454,0.0,0.45454545454545453
e51e450156b71a64e0a8c43ea6e2c7fc56f11c7fcc19551d67a69d9b54dbcb76,-101746498#0,416428068,0.36363636363636365,0.36363636363636365,0.09090909090909091,0.2727272727272727,1.0,0.4090909090909091,0.0,1.0,0.8181818181818182,0.8181818181818182,0.8181818181818182,0.2727272727272727,0.18181818181818182,0.9090909090909091,0.45454545454545453,0.18181818181818182,0.7272727272727273
fd9fed5506ba9b3d3140d834689339accff850bb1d91380e39d02a2508dbaae6,-101746498#0,416428068,0.7272727272727273,0.8181818181818182,0.6363636363636364,0.45454545454545453,0.09090909090909091,0.4090909090909091,0.9090909090909091,0.09090909090909091,0.09090909090909091,0.09090909090909091,0.09090909090909091,0.2727272727272727,1.0,0.2727272727272727,0.36363636363636365,1.0,0.9090909090909091
e249b20869501ef303cd6a46d46b9b0f604276db1e98850a4d8c5c1d9c90e15e,-101746498#0,416428068,1.0,1.0,0.5454545454545454,0.36363636363636365,0.45454545454545453,0.9090909090909091,0.5454545454545454,0.45454545454545453,0.2727272727272727,0.5454545454545454,0.5454545454545454,0.9090909090909091,0.8181818181818182,0.18181818181818182,0.9090909090909091,0.8181818181818182,0.36363636363636365
0d046d78646b6d98a14c80d2643d9e400140f46cfc0dae534ea2c6e4d84f4485,-101746498#0,416428068,0.5454545454545454,0.5454545454545454,0.4090909090909091,0.9545454545454546,0.7272727272727273,0.4090909090909091,0.18181818181818182,0.7272727272727273,0.6363636363636364,0.9090909090909091,1.0,0.8181818181818182,0.45454545454545453,0.6363636363636364,0.6818181818181818,0.7272727272727273,0.9090909090909091
2ceaf2b06fc95d451480aa1db1f6999972e265dd2d868b20df6d9327ed370a80,-101746498#0,416428068,0.9090909090909091,0.9090909090909091,0.18181818181818182,0.0,0.6363636363636364,0.4090909090909091,0.45454545454545453,0.5454545454545454,0.36363636363636365,0.2727272727272727,0.2727272727272727,0.6363636363636364,0.7272727272727273,0.0,0.8181818181818182,0.09090909090909091,0.22727272727272727
c2e25bb68905a2f00cd3fb035fccd2acb67bb377fb493da4512ce3450a79f93e,-659278038#3,-1200809291,0.0,0.0,0.45454545454545453,0.5454545454545454,0.45454545454545453,0.36363636363636365,0.7272727272727273,0.2727272727272727,0.4090909090909091,0.36363636363636365,0.36363636363636365,0.2727272727272727,0.0,1.0,0.0,0.18181818181818182,0.5909090909090909
1a26f8b4d4091edda73c46ed2b127b8823e1480347f7478ac3b4eed6489436b8,-659278038#3,-1200809291,0.09090909090909091,0.2727272727272727,0.7272727272727273,0.7272727272727273,0.2727272727272727,0.36363636363636365,0.9090909090909091,0.09090909090909091,0.4090909090909091,0.18181818181818182,0.18181818181818182,0.2727272727272727,0.18181818181818182,0.6363636363636364,0.18181818181818182,0.0,0.5909090909090909
4f880044e95fa0dc79c69a801cbf311836cdd6637492e5b64443f720b120dbee,-659278038#3,-1200809291,0.45454545454545453,0.45454545454545453,0.13636363636363635,0.09090909090909091,0.7272727272727273,0.36363636363636365,0.2727272727272727,0.7272727272727273,0.4090909090909091,0.9090909090909091,0.9090909090909091,0.9090909090909091,0.2727272727272727,0.7272727272727273,0.36363636363636365,0.5454545454545454,0.4090909090909091
a8e3c0818324cfa735ae4dd86c6c70967e7b7b29fc788ae37797a55181f6634f,-659278038#3,-1200809291,0.18181818181818182,0.09090909090909091,0.2727272727272727,0.45454545454545453,0.36363636363636365,0.36363636363636365,0.8181818181818182,0.18181818181818182,0.4090909090909091,0.2727272727272727,0.2727272727272727,0.2727272727272727,0.45454545454545453,0.8181818181818182,0.09090909090909091,0.2727272727272727,0.22727272727272727
96a316ae1149fc83c59d3ea8d0f34dd8445f9821c60b99decda611f8c1823123,-659278038#3,-1200809291,0.9090909090909091,1.0,0.13636363636363635,0.18181818181818182,0.8181818181818182,0.9090909090909091,0.18181818181818182,0.8181818181818182,0.4090909090909091,0.0,0.0,0.2727272727272727,0.8181818181818182,0.0,0.8181818181818182,0.8181818181818182,0.9545454545454546
b7293a51d42666b46e3ff0832570afb0925d2482e67af538d9d2d9ec9d2b8ebd,-659278038#3,-1200809291,0.36363636363636365,0.36363636363636365,0.6363636363636364,0.6363636363636364,0.18181818181818182,0.36363636363636365,1.0,0.0,0.4090909090909091,0.09090909090909091,0.09090909090909091,0.2727272727272727,0.6363636363636364,0.5454545454545454,0.2727272727272727,0.09090909090909091,0.22727272727272727
0c83959f67cb9c8367230c8aeb0370b19a23e710650cfdf0bc139cac34f66fef,-659278038#3,-1200809291,0.5454545454545454,0.5454545454545454,0.5454545454545454,0.36363636363636365,0.6363636363636364,0.36363636363636365,0.36363636363636365,0.5454545454545454,0.4090909090909091,0.7272727272727273,0.8181818181818182,0.8181818181818182,0.36363636363636365,0.45454545454545453,0.5454545454545454,0.36363636363636365,0.4090909090909091
a9344ad140928c8d7a38cda370b949a21b90d2f14953c548c5d34f160c670a89,-659278038#3,-1200809291,0.2727272727272727,0.18181818181818182,0.9090909090909091,0.8181818181818182,1.0,0.8181818181818182,0.09090909090909091,0.9090909090909091,1.0,1.0,1.0,1.0,0.09090909090909091,0.9090909090909091,0.9090909090909091,0.9090909090909091,0.0
3f6547f30d02bdcbf191434e2a3d5b4aca3bdf49542b7a01847dc692257f8f37,-659278038#3,-1200809291,0.6363636363636364,0.6363636363636364,0.36363636363636365,0.2727272727272727,0.5454545454545454,0.36363636363636365,0.45454545454545453,0.45454545454545453,0.4090909090909091,0.6363636363636364,0.7272727272727273,0.7272727272727273,0.9090909090909091,0.36363636363636365,0.6363636363636364,0.45454545454545453,0.09090909090909091
351b54aab0ecf9d672c48072bc886e48bc67e7d4db07801d5e47d9c0f646d98e,-659278038#3,-1200809291,0.8181818181818182,0.7272727272727273,0.8181818181818182,0.9090909090909091,0.09090909090909091,0.36363636363636365,0.5454545454545454,0.6363636363636364,0.4090909090909091,0.5454545454545454,0.6363636363636364,0.2727272727272727,0.5454545454545454,0.2727272727272727,0.45454545454545453,0.7272727272727273,0.7727272727272727
97605373f5a3ee7e553940d0a84cc711bcf7bffda46565313c5c1625c408791d,-659278038#3,-1200809291,1.0,0.9090909090909091,1.0,1.0,0.0,0.36363636363636365,0.6363636363636364,0.36363636363636365,0.4090909090909091,0.45454545454545453,0.45454545454545453,0.2727272727272727,0.7272727272727273,0.18181818181818182,0.7272727272727273,0.6363636363636364,0.7727272727272727
589a494a961bb56c4d0845a62f9febacb29678dffc9d60ae342b3a5c4bee7d88,-659278038#3,-1200809291,0.7272727272727273,0.8181818181818182,0.0,0.0,0.9090909090909091,1.0,0.0,1.0,0.9090909090909091,0.8181818181818182,0.5454545454545454,0.6363636363636364,1.0,0.09090909090909091,1.0,1.0,0.9545454545454546
70b61a97a19c5da7a200e5605758766a79bd1f7b45127dceb742ff81745e8d11,463830226#1,464265154,0.09090909090909091,0.0,0.9090909090909091,0.6363636363636364,0.6363636363636364,0.45454545454545453,0.5454545454545454,0.36363636363636365,0.9090909090909091,0.6363636363636364,0.6363636363636364,0.3181818181818182,0.0,0.2727272727272727,0.09090909090909091,0.0,0.09090909090909091
6f7f42ea5aab8feaa566020d0a57c400f9bd02865bb7febf4dcdb05e1433aa2f,463830226#1,464265154,0.36363636363636365,0.18181818181818182,0.0,1.0,0.09090909090909091,0.45454545454545453,0.45454545454545453,0.8181818181818182,0.045454545454545456,0.9090909090909091,0.9090909090909091,1.0,0.18181818181818182,0.7272727272727273,0.6363636363636364,0.7272727272727273,0.9090909090909091
ecc6ef95fca11a1ef54786c519d40053e0aa7fa8d8a31e21897d777fc1ec6caf,463830226#1,464265154,0.0,0.09090909090909091,1.0,0.5454545454545454,0.5454545454545454,0.45454545454545453,0.7272727272727273,0.2727272727272727,0.8181818181818182,0.5454545454545454,0.5454545454545454,0.3181818181818182,0.09090909090909091,0.36363636363636365,0.0,0.36363636363636365,0.0
af1aa9c34f38679b9ef3982fdc2eb3c47dbfe90774915d011db819652e90662f,463830226#1,464265154,0.5454545454545454,0.2727272727272727,0.2727272727272727,0.7272727272727273,0.0,0.45454545454545453,0.6363636363636364,0.7272727272727273,0.045454545454545456,0.8181818181818182,0.8181818181818182,0.9090909090909091,0.2727272727272727,0.45454545454545453,0.7272727272727273,1.0,0.9090909090909091
68ccb2ab704903f7cb898566ca1368d750b5fa20e47415decbf6d390f0e96add,463830226#1,464265154,0.7272727272727273,0.7272727272727273,0.5454545454545454,0.18181818181818182,0.36363636363636365,0.45454545454545453,0.8181818181818182,0.18181818181818182,0.45454545454545453,0.18181818181818182,0.18181818181818182,0.3181818181818182,0.7272727272727273,0.0,0.2727272727272727,0.09090909090909091,0.18181818181818182
e7b42eaffabbee5f2161affa22ac7f92b964616fcdd138769d2cbec815ae4aec,463830226#1,464265154,0.8181818181818182,0.8181818181818182,0.7272727272727273,0.45454545454545453,0.2727272727272727,0.45454545454545453,0.9090909090909091,0.09090909090909091,0.36363636363636365,0.09090909090909091,0.09090909090909091,0.3181818181818182,0.8181818181818182,0.18181818181818182,0.45454545454545453,0.2727272727272727,0.2727272727272727
6e227232acf564020ca058dbce4bfae71b26c98b6447f45456d9579ca0267065,463830226#1,464265154,0.45454545454545453,0.6363636363636364,0.8181818181818182,0.36363636363636365,1.0,0.45454545454545453,0.18181818181818182,0.6363636363636364,1.0,0.2727272727272727,0.2727272727272727,0.3181818181818182,0.6363636363636364,0.9090909090909091,1.0,0.8181818181818182,0.9090909090909091
5814a59f99e8b53ad0629047448d7cf592700ff838ed2f57cb3c1256426b5af5,463830226#1,464265154,0.9090909090909091,0.9090909090909091,0.6363636363636364,0.2727272727272727,0.18181818181818182,0.45454545454545453,1.0,0.0,0.2727272727272727,0.0,0.0,0.3181818181818182,0.9090909090909091,0.09090909090909091,0.5454545454545454,0.18181818181818182,0.45454545454545453
bae2605cfe0cf883d6c1ae15e6982440dd338d0bc7d87ea98745f02c84be3913,463830226#1,464265154,1.0,1.0,0.18181818181818182,0.8181818181818182,0.45454545454545453,1.0,0.09090909090909091,1.0,0.18181818181818182,1.0,1.0,0.8181818181818182,1.0,0.6363636363636364,0.36363636363636365,0.9090909090909091,0.7272727272727273
0e68e1caa6989a14eaa9c63450c65d16a12acd4015e375b5977fb9e65cc7ebb2,463830226#1,464265154,0.2727272727272727,0.36363636363636365,0.36363636363636365,0.0,0.9090909090909091,0.45454545454545453,0.2727272727272727,0.5454545454545454,0.7272727272727273,0.45454545454545453,0.45454545454545453,0.3181818181818182,0.36363636363636365,0.8181818181818182,0.8181818181818182,0.5454545454545454,0.5454545454545454
a3a3b72e1f54c2efb5bae38647a7afc3a0136a5c261b6781edfd1aa0a0181359,463830226#1,464265154,0.6363636363636364,0.5454545454545454,0.09090909090909091,0.9090909090909091,0.7272727272727273,0.45454545454545453,0.0,0.9090909090909091,0.5454545454545454,0.7272727272727273,0.7272727272727273,0.7272727272727273,0.5454545454545454,0.5454545454545454,0.18181818181818182,0.45454545454545453,0.36363636363636365
d6df5ac09357b0f0b4246ccdf96195425c6c39ce5fedb8227698c3fe858219a8,463830226#1,464265154,0.18181818181818182,0.45454545454545453,0.45454545454545453,0.09090909090909091,0.8181818181818182,0.45454545454545453,0.36363636363636365,0.45454545454545453,0.6363636363636364,0.36363636363636365,0.36363636363636365,0.3181818181818182,0.45454545454545453,1.0,0.9090909090909091,0.6363636363636364,0.6363636363636364
bcc97fc788d358f497a01dc0cb08bd48d140740879f1c45300cd47a140edcf8a,-101765339#0,71324343#3,0.45454545454545453,0.5454545454545454,0.2727272727272727,0.18181818181818182,0.3181818181818182,0.36363636363636365,0.6363636363636364,0.36363636363636365,0.36363636363636365,0.36363636363636365,0.36363636363636365,0.4090909090909091,0.5454545454545454,0.6363636363636364,0.9090909090909091,0.18181818181818182,0.8181818181818182
b54321d940024012faadb6c39a88ca7ae017797b9c1dc21203d8e75972b322cd,-101765339#0,71324343#3,0.2727272727272727,0.36363636363636365,1.0,0.9090909090909091,0.3181818181818182,0.5454545454545454,0.5454545454545454,0.45454545454545453,0.36363636363636365,0.45454545454545453,0.45454545454545453,0.4090909090909091,0.36363636363636365,0.18181818181818182,0.6363636363636364,0.6363636363636364,0.5454545454545454
5fdb791e219240c7d173ee871a5e80e9f1c1a65491431f87957914a9328f4d05,-101765339#0,71324343#3,0.36363636363636365,0.6363636363636364,0.45454545454545453,0.36363636363636365,0.3181818181818182,0.2727272727272727,0.7272727272727273,0.2727272727272727,0.36363636363636365,0.2727272727272727,0.2727272727272727,0.4090909090909091,0.7272727272727273,0.8181818181818182,0.36363636363636365,0.45454545454545453,0.2727272727272727
dae472a9a554a31c5b89f3f0bde4c5183fa2f52f4a6d133a44f341016c2853b1,-101765339#0,71324343#3,0.6363636363636364,0.45454545454545453,0.09090909090909091,0.0,0.9090909090909091,0.45454545454545453,0.09090909090909091,0.7272727272727273,0.9090909090909091,0.8181818181818182,0.8181818181818182,0.4090909090909091,0.45454545454545453,1.0,0.09090909090909091,0.9090909090909091,0.18181818181818182
0e6d4c4fafd74d44365d2cddff758f3332457b317e082a70d59002e41f7ae923,-101765339#0,71324343#3,0.9090909090909091,0.2727272727272727,0.18181818181818182,1.0,0.7272727272727273,0.9090909090909091,0.2727272727272727,0.8181818181818182,0.36363636363636365,1.0,1.0,1.0,0.2727272727272727,0.36363636363636365,0.2727272727272727,0.8181818181818182,0.09090909090909091
b57229099e68812678950aa05c73ac121aa40e5207cda8b879f367a53d60c005,-101765339#0,71324343#3,0.7272727272727273,0.8181818181818182,0.9090909090909091,0.8181818181818182,0.3181818181818182,0.09090909090909091,0.9090909090909091,0.09090909090909091,0.36363636363636365,0.09090909090909091,0.09090909090909091,0.4090909090909091,0.8181818181818182,0.5454545454545454,1.0,0.09090909090909091,0.9545454545454546
208ccc40e7290718f77e3d835525f5ccc42c434bf04996eb122cf1481f416b47,-101765339#0,71324343#3,0.0,0.09090909090909091,0.6363636363636364,0.5,1.0,1.0,0.0,1.0,1.0,0.7272727272727273,0.6363636363636364,0.4090909090909091,0.18181818181818182,0.9090909090909091,0.0,1.0,0.9545454545454546
546eb9627299ae49d9788368d1bfae2afce732045945c43397e251b023c67025,-101765339#0,71324343#3,0.09090909090909091,0.0,0.8181818181818182,0.6363636363636364,0.3181818181818182,0.7272727272727273,0.36363636363636365,0.6363636363636364,0.36363636363636365,0.6363636363636364,0.7272727272727273,0.4090909090909091,0.0,0.7272727272727273,0.7272727272727273,0.36363636363636365,0.6363636363636364
c954177649f542ae96f02c17f8cfb8d77f60bc88ff74c46f42a1a012fb67af5a,-101765339#0,71324343#3,0.18181818181818182,0.18181818181818182,0.36363636363636365,0.2727272727272727,0.3181818181818182,0.6363636363636364,0.45454545454545453,0.5454545454545454,0.36363636363636365,0.5454545454545454,0.5454545454545454,0.4090909090909091,0.09090909090909091,0.2727272727272727,0.5,0.0,0.4090909090909091
22e33683aec24ddd41cd7119fc72213f4e98de7b2fc998fa5eca39e5fa935f76,-101765339#0,71324343#3,0.5454545454545454,0.7272727272727273,0.7272727272727273,0.7272727272727273,0.3181818181818182,0.18181818181818182,0.8181818181818182,0.18181818181818182,0.36363636363636365,0.18181818181818182,0.18181818181818182,0.4090909090909091,0.6363636363636364,0.0,0.5,0.2727272727272727,0.4090909090909091
f89ceb0ffec9d6ec9babaf28b9bcd484af0dcb4389d2eea1313dabdaa9dad1b2,-101765339#0,71324343#3,1.0,1.0,0.0,0.09090909090909091,0.8181818181818182,0.8181818181818182,0.18181818181818182,0.9090909090909091,0.8181818181818182,0.9090909090909091,0.9090909090909091,0.9090909090909091,1.0,0.45454545454545453,0.18181818181818182,0.7272727272727273,0.0
563fdd3d9be429fa3d5a6ae249b3388ce75b5a73e720de9440189ef152335e8e,-101765339#0,71324343#3,0.8181818181818182,0.9090909090909091,0.5454545454545454,0.5,0.3181818181818182,0.0,1.0,0.0,0.36363636363636365,0.0,0.0,0.4090909090909091,0.9090909090909091,0.09090909090909091,0.8181818181818182,0.5454545454545454,0.7272727272727273
5e387e34d6efe3a56a95743d5c758aad826c4cb8156ebbfaecd8c2e0b5c3c0c3,-101415864#1,-416412034,0.18181818181818182,0.18181818181818182,0.5454545454545454,0.6363636363636364,0.18181818181818182,0.8181818181818182,0.5454545454545454,0.45454545454545453,0.13636363636363635,0.6363636363636364,0.7272727272727273,0.45454545454545453,0.18181818181818182,0.6363636363636364,0.18181818181818182,0.0,0.45454545454545453
002fcf5ffce9883943ac4503523ac3b6efa51cea7bfa3d370684f2d47ac1101c,-101415864#1,-416412034,1.0,1.0,0.09090909090909091,0.09090909090909091,0.7272727272727273,0.18181818181818182,0.36363636363636365,0.6363636363636364,0.36363636363636365,0.18181818181818182,0.18181818181818182,0.7272727272727273,0.9090909090909091,0.2727272727272727,0.5454545454545454,0.5454545454545454,0.18181818181818182
be86ae32febca09e0cf71226ca8781e4fa0a1943d05ce8d4edeb59df38ca4e61,-101415864#1,-416412034,0.5454545454545454,0.5454545454545454,0.7272727272727273,0.7272727272727273,0.9090909090909091,0.5454545454545454,0.18181818181818182,0.8181818181818182,0.8181818181818182,1.0,0.8181818181818182,1.0,0.7272727272727273,0.36363636363636365,0.7272727272727273,0.6363636363636364,0.2727272727272727
8d74b003a93704e18168eaa6986d7a2c1867c68f7236ed2439307ab29c696bd1,-101415864#1,-416412034,0.0,0.0,0.22727272727272727,0.22727272727272727,0.6363636363636364,1.0,0.09090909090909091,0.9090909090909091,0.13636363636363635,0.8181818181818182,1.0,0.6363636363636364,0.0,1.0,0.0,0.18181818181818182,0.6363636363636364
1e3435c4fd7c957dc59bd3a3f522c6728b9489884a5959ff83c4dff3dde618c5,-101415864#1,-416412034,0.09090909090909091,0.09090909090909091,0.36363636363636365,0.36363636363636365,0.36363636363636365,0.9090909090909091,0.45454545454545453,0.5454545454545454,0.13636363636363635,0.7272727272727273,0.9090909090909091,0.5454545454545454,0.09090909090909091,0.8181818181818182,0.09090909090909091,0.09090909090909091,0.5454545454545454
f485fb2bd0c679be6bc459bb962d17142f9d7c45047dd7292294097794681603,-101415864#1,-416412034,0.45454545454545453,0.45454545454545453,0.0,0.0,0.0,0.2727272727272727,0.8181818181818182,0.18181818181818182,0.9090909090909091,0.9090909090909091,0.45454545454545453,0.18181818181818182,0.45454545454545453,0.9090909090909091,0.8181818181818182,1.0,0.7727272727272727
fd72597be6b5317aad1af393526b3ff6af9c83ec6e2a112c41c81652f4f9a0ab,-101415864#1,-416412034,0.9090909090909091,0.9090909090909091,0.8181818181818182,0.8181818181818182,0.2727272727272727,0.045454545454545456,1.0,0.0,0.45454545454545453,0.0,0.0,0.0,1.0,0.09090909090909091,1.0,0.8181818181818182,0.7727272727272727
0324b41c3c8a399319ed781562368b513de4edab86204d6486ef1dc66e7d404c,-101415864#1,-416412034,0.36363636363636365,0.36363636363636365,1.0,1.0,1.0,0.6363636363636364,0.0,1.0,1.0,0.45454545454545453,0.5454545454545454,0.2727272727272727,0.36363636363636365,0.7272727272727273,0.6363636363636364,0.7272727272727273,0.36363636363636365
9e68b9a66880fc1a67f74a43aaaceb7167a68ec904119f9327f5b65aaef5a37c,-101415864#1,-416412034,0.7272727272727273,0.7272727272727273,0.9090909090909091,0.9090909090909091,0.45454545454545453,0.045454545454545456,0.9090909090909091,0.09090909090909091,0.6363636363636364,0.09090909090909091,0.09090909090909091,0.09090909090909091,0.6363636363636364,0.0,0.9090909090909091,0.9090909090909091,0.9545454545454546
ad774d5cd7bd8c0daeaed72a762eaf7f9af461d93bdf3284359e781876260c27,-101415864#1,-416412034,0.6363636363636364,0.6363636363636364,0.6363636363636364,0.5454545454545454,0.5454545454545454,0.45454545454545453,0.7272727272727273,0.2727272727272727,0.7272727272727273,0.36363636363636365,0.36363636363636365,0.9090909090909091,0.5454545454545454,0.18181818181818182,0.36363636363636365,0.36363636363636365,0.09090909090909091
f38bb28355b7926e5965bcd1984cc415b55033c29b7d547e0b8745d12793e798,-101415864#1,-416412034,0.2727272727272727,0.2727272727272727,0.22727272727272727,0.22727272727272727,0.09090909090909091,0.7272727272727273,0.6363636363636364,0.36363636363636365,0.13636363636363635,0.5454545454545454,0.6363636363636364,0.36363636363636365,0.2727272727272727,0.5454545454545454,0.2727272727272727,0.2727272727272727,0.9545454545454546
6c8acabe622a8b0191150beaf4a15e5824f5dd6e13ff18713250211cfa779bcc,-101415864#1,-416412034,0.8181818181818182,0.8181818181818182,0.45454545454545453,0.45454545454545453,0.8181818181818182,0.36363636363636365,0.2727272727272727,0.7272727272727273,0.5454545454545454,0.2727272727272727,0.2727272727272727,0.8181818181818182,0.8181818181818182,0.45454545454545453,0.45454545454545453,0.45454545454545453,0.0
9e4b1ac45b81ad51893dda2fa8152a513bc8f91c6eb7dbaa8b4acc68f0e070e4,-101787498,-71223800#1,0.5454545454545454,0.45454545454545453,0.7272727272727273,0.8181818181818182,0.18181818181818182,0.45454545454545453,0.8181818181818182,0.18181818181818182,0.4090909090909091,0.2727272727272727,0.2727272727272727,0.36363636363636365,0.45454545454545453,0.45454545454545453,0.36363636363636365,0.2727272727272727,0.5909090909090909
39529848e845712cd4fcf3882b973a11e432c25e4c0481e2c8bfcae2190caeca,-101787498,-71223800#1,0.0,0.0,0.45454545454545453,0.5454545454545454,0.5454545454545454,0.8181818181818182,0.45454545454545453,0.5454545454545454,0.4090909090909091,0.7272727272727273,0.7272727272727273,0.36363636363636365,0.0,0.8181818181818182,0.0,0.5454545454545454,0.09090909090909091
29f523c2addca512b4260550c5cd752cc82be86d96d4380f9b10e42c832cb1f4,-101787498,-71223800#1,0.2727272727272727,0.18181818181818182,0.13636363636363635,0.13636363636363635,0.36363636363636365,0.6363636363636364,0.6363636363636364,0.36363636363636365,0.4090909090909091,0.5454545454545454,0.5454545454545454,0.36363636363636365,0.18181818181818182,0.5454545454545454,0.18181818181818182,0.09090909090909091,0.45454545454545453
e7ed11feb88585606dd49c59eea5a662949017a4f48bb4a4b9ba0f3890494360,-101787498,-71223800#1,0.36363636363636365,0.2727272727272727,0.0,0.0,0.2727272727272727,0.5454545454545454,0.7272727272727273,0.2727272727272727,0.4090909090909091,0.45454545454545453,0.45454545454545453,0.36363636363636365,0.36363636363636365,0.6363636363636364,0.2727272727272727,0.0,0.36363636363636365
f287214f3c93db3390f3fbbda9f19f6936443d697d05114d3a380aa1c963a7a0,-101787498,-71223800#1,0.9090909090909091,0.9090909090909091,0.5454545454545454,0.7272727272727273,0.9090909090909091,0.2727272727272727,0.09090909090909091,1.0,0.9090909090909091,1.0,1.0,1.0,0.9090909090909091,0.7272727272727273,0.8181818181818182,0.9090909090909091,0.9545454545454546
c7c5f8beaa78e1a28b177ded1d42908ba1d7ebaf7dc440003eb44704746fc817,-101787498,-71223800#1,0.7272727272727273,0.7272727272727273,0.13636363636363635,0.13636363636363635,0.0,0.9090909090909091,0.9090909090909091,0.0,0.4090909090909091,0.09090909090909091,0.09090909090909091,0.9090909090909091,0.7272727272727273,0.09090909090909091,0.7272727272727273,0.7272727272727273,0.9545454545454546
77af602bc522d324b30fb9c56bcc875b73d602773f3457329ba148d04f4d3497,-101787498,-71223800#1,0.45454545454545453,0.5454545454545454,0.3181818181818182,0.3181818181818182,0.7272727272727273,0.09090909090909091,0.36363636363636365,0.6363636363636364,0.4090909090909091,0.18181818181818182,0.18181818181818182,0.36363636363636365,0.5454545454545454,0.36363636363636365,0.45454545454545453,0.18181818181818182,0.0
39d9499c140d4b09fd1b840e76369232fbd522903e0029eceff32005cb99a9ef,-101787498,-71223800#1,1.0,1.0,1.0,1.0,0.6363636363636364,1.0,0.18181818181818182,0.8181818181818182,0.4090909090909091,0.8181818181818182,0.8181818181818182,0.8181818181818182,1.0,0.0,0.9090909090909091,0.8181818181818182,0.7272727272727273
2d9e9b0f0114ec57e42ec51af7f70838c9b411574e77cdea525dd280e89101e1,-101787498,-71223800#1,0.09090909090909091,0.09090909090909091,0.9090909090909091,0.9090909090909091,0.45454545454545453,0.7272727272727273,0.5454545454545454,0.45454545454545453,0.4090909090909091,0.6363636363636364,0.6363636363636364,0.36363636363636365,0.09090909090909091,0.9090909090909091,0.09090909090909091,0.6363636363636364,0.18181818181818182
ba15d6d29b5d1bd0f3b5fe945533565b4b64298c91ca727c12fb176e6e04a24e,-101787498,-71223800#1,0.6363636363636364,0.6363636363636364,0.6363636363636364,0.45454545454545453,0.8181818181818182,0.09090909090909091,0.2727272727272727,0.7272727272727273,0.4090909090909091,0.9090909090909091,0.9090909090909091,0.36363636363636365,0.6363636363636364,0.2727272727272727,0.6363636363636364,0.45454545454545453,0.2727272727272727
d4b1854672bfd69d32e4115899e5d3e0c4d9046c98c3409e343b9e088154ecf3,-101787498,-71223800#1,0.8181818181818182,0.8181818181818182,0.3181818181818182,0.3181818181818182,0.09090909090909091,0.36363636363636365,1.0,0.09090909090909091,0.4090909090909091,0.0,0.0,0.36363636363636365,0.8181818181818182,0.18181818181818182,0.5454545454545454,0.36363636363636365,0.5909090909090909
ef855f04fb1f5f91410ff00c8529554e01e809ce12111f3c8671b1d2fd33e084,-101787498,-71223800#1,0.18181818181818182,0.36363636363636365,0.8181818181818182,0.6363636363636364,1.0,0.09090909090909091,0.0,0.9090909090909091,1.0,0.36363636363636365,0.36363636363636365,0.36363636363636365,0.2727272727272727,1.0,1.0,1.0,0.8181818181818182
6aa5f9e93dec307f30da2d1ca85c1deeff417f436229200caa241e02f352434b,101418583,-47374664,0.0,0.0,0.0,0.0,0.4,0.4,0.0,0.5,0.35,1.0,0.9,0.25,0.0,0.8,0.0,0.6,0.2
9509590a76094da6bccdcb30ca9893816c3580940777ec46c630c90299642a74,101418583,-47374664,0.7,0.7,0.55,0.85,0.0,0.4,1.0,0.0,0.35,0.2,0.0,0.25,0.7,0.5,0.55,0.2,0.3
3dc2697ec240acbd3909c38505d7d58ff073e3a0088517b057e35537236c5dce,101418583,-47374664,0.4,0.4,0.1,0.4,0.3,0.4,0.6,0.3,0.35,0.5,0.3,0.25,0.4,0.0,0.15,0.1,0.4
2c8dcd681ea69b6210344926808126cc00e4bb6020b2cefb48395df3948460a2,101418583,-47374664,0.6,0.6,0.3,0.6,0.1,0.4,0.9,0.1,0.35,0.3,0.1,0.25,0.6,0.4,0.4,0.4,0.7
6a0a93bf88257c29025014fd426eb8d0d1527bc8558f6970c4b101aa27737de9,101418583,-47374664,0.1,0.1,0.2,0.3,0.9,0.4,0.1,1.0,0.35,0.9,1.0,0.9,0.1,0.9,0.15,0.7,0.55
8edc83f0ddf29fba1195d59666623dbdd897e5c12a5ba5bbc38bb5e99c526839,101418583,-47374664,0.3,0.2,0.9,0.1,1.0,0.4,0.2,0.6,1.0,0.1,0.7,0.7,0.2,0.6,0.9,0.9,0.95
737860765aba78489fa998996350aa81cf5f5ab57e1dc4d4d1d6e91f99727479,101418583,-47374664,0.5,0.5,0.4,1.0,0.2,0.4,0.7,0.2,0.35,0.4,0.2,0.25,0.5,0.3,0.3,0.0,0.1
9382857173ae64d8d65ba6a3231311453bda03f7b4ee276ed5f07673e9e96201,101418583,-47374664,0.8,0.8,0.55,0.85,0.5,1.0,0.4,0.8,0.35,0.7,0.8,1.0,0.8,0.1,0.55,0.3,0.8
11ef0dcffb42ac5bfec9f160e8d8515fdcdf87dcf0564c31cb20f0773bdbce9d,101418583,-47374664,1.0,1.0,0.7,0.7,0.6,0.9,0.5,0.9,0.35,0.6,0.5,0.8,1.0,0.2,0.7,0.5,0.95
8587f78b362394f2632c82a5f1be3113823cfa8d6c9df82b74b94745ee1a9ad8,101418583,-47374664,0.2,0.3,1.0,0.2,0.7,0.4,0.8,0.4,0.9,0.0,0.4,0.25,0.3,0.7,1.0,1.0,0.55
041b6461f2f5faebc541113f58df00e3ae8440616a5cdc6815aa54a719c9437a,101418583,-47374664,0.9,0.9,0.8,0.5,0.8,0.4,0.3,0.7,0.8,0.8,0.6,0.6,0.9,1.0,0.8,0.8,0.0
d2595664d3be4faced1a8eb18dd28d15cdf3e32bc68e18ecff5d10996798f61f,-47374664,101418583,0.0,0.0,0.45454545454545453,0.9090909090909091,0.13636363636363635,0.45454545454545453,0.7272727272727273,0.2727272727272727,0.4090909090909091,0.36363636363636365,0.6363636363636364,1.0,0.0,0.9090909090909091,0.0,0.6363636363636364,0.5909090909090909
141b42b670e3288796c86701e92c3062e382df7fe1753b82cd1349e10267039a,-47374664,101418583,0.2727272727272727,0.09090909090909091,0.0,0.09090909090909091,0.8181818181818182,0.45454545454545453,0.0,0.7272727272727273,0.4090909090909091,1.0,1.0,0.13636363636363635,0.09090909090909091,0.8181818181818182,0.5454545454545454,0.09090909090909091,0.09090909090909091
2f316da6d8caebdf7fb0f5b77693176c283ceefe4653e1a5cda8ae43b665851e,-47374664,101418583,0.09090909090909091,0.18181818181818182,0.5454545454545454,0.7272727272727273,0.13636363636363635,0.45454545454545453,0.8181818181818182,0.18181818181818182,0.4090909090909091,0.18181818181818182,0.5454545454545454,0.9090909090909091,0.2727272727272727,0.45454545454545453,0.09090909090909091,0.36363636363636365,0.4090909090909091
8a8d9800d385957dd62309f4cae2a093785f54c34e7a91de268bcd2a88261c8d,-47374664,101418583,0.18181818181818182,0.36363636363636365,0.2727272727272727,0.18181818181818182,1.0,0.45454545454545453,0.09090909090909091,0.9090909090909091,0.4090909090909091,0.6363636363636364,0.2727272727272727,0.13636363636363635,0.18181818181818182,1.0,0.9090909090909091,0.2727272727272727,0.4090909090909091
8bf6a6625e2e6811c23d2ce34f0d422190a586ea022a7888253885fb43f519b5,-47374664,101418583,0.45454545454545453,0.2727272727272727,0.09090909090909091,0.0,0.7272727272727273,0.45454545454545453,0.18181818181818182,0.8181818181818182,0.4090909090909091,0.8181818181818182,0.8181818181818182,0.13636363636363635,0.45454545454545453,0.6363636363636364,0.6363636363636364,0.0,0.18181818181818182
65914003876f8f3f69abb6331d2b477f44b6129266087938d0e10271d8745e9d,-47374664,101418583,1.0,1.0,0.36363636363636365,0.36363636363636365,0.36363636363636365,0.45454545454545453,0.6363636363636364,0.36363636363636365,0.4090909090909091,0.2727272727272727,0.36363636363636365,0.36363636363636365,1.0,0.18181818181818182,0.8181818181818182,0.5454545454545454,0.9545454545454546
d400ff3f0e29550bb79b82b9912d49eb677912fa1689e3a728eb5be1fe332023,-47374664,101418583,0.9090909090909091,0.9090909090909091,0.18181818181818182,0.2727272727272727,0.45454545454545453,0.45454545454545453,0.45454545454545453,0.45454545454545453,0.4090909090909091,0.45454545454545453,0.45454545454545453,0.45454545454545453,0.9090909090909091,0.0,0.7272727272727273,0.18181818181818182,0.8181818181818182
5da8f731761fa8f9c72e8a6e6796f1895de1f7f46bf57de3a4e175e2609e06d4,-47374664,101418583,0.36363636363636365,0.45454545454545453,0.9090909090909091,0.6363636363636364,0.13636363636363635,0.45454545454545453,0.9090909090909091,0.09090909090909091,0.4090909090909091,0.09090909090909091,0.18181818181818182,0.6363636363636364,0.36363636363636365,0.2727272727272727,0.2727272727272727,0.8181818181818182,0.9545454545454546
4c69b7b666e960c463f8aa5fd5b28888ec71a15f5cc733e1c6e38427ac2174be,-47374664,101418583,0.5454545454545454,0.5454545454545454,0.7272727272727273,0.45454545454545453,0.13636363636363635,0.45454545454545453,1.0,0.0,0.4090909090909091,0.0,0.09090909090909091,0.5454545454545454,0.6363636363636364,0.09090909090909091,0.18181818181818182,0.45454545454545453,0.7272727272727273
de2d46cff80875c55de0d9279a1f38e8e185e4822c0daba1ff2732b3937cb3f6,-47374664,101418583,0.7272727272727273,0.7272727272727273,1.0,1.0,0.6363636363636364,0.45454545454545453,0.36363636363636365,0.6363636363636364,1.0,0.9090909090909091,0.9090909090909091,0.8181818181818182,0.5454545454545454,0.7272727272727273,0.4090909090909091,1.0,0.2727272727272727
1645a52d311f9e9668722d6dd572af0c6dc0878190a600c96ad8abe0eb94881a,-47374664,101418583,0.6363636363636364,0.6363636363636364,0.6363636363636364,0.5454545454545454,0.9090909090909091,1.0,0.2727272727272727,1.0,0.4090909090909091,0.5454545454545454,0.0,0.13636363636363635,0.7272727272727273,0.36363636363636365,1.0,0.7272727272727273,0.5909090909090909
3e727dd152adb0d9e2b7c2ce2897b73a199d97a822cd351741c98f39b7f1b128,-47374664,101418583,0.8181818181818182,0.8181818181818182,0.8181818181818182,0.8181818181818182,0.5454545454545454,0.45454545454545453,0.5454545454545454,0.5454545454545454,0.9090909090909091,0.7272727272727273,0.7272727272727273,0.7272727272727273,0.8181818181818182,0.5454545454545454,0.4090909090909091,0.9090909090909091,0.0
ab216c69cf320b3c09595abab46a3ddd7112f7303915edf3bb66b5ea8d83ee8e,-101749451,-619184994,0.09090909090909091,0.0,0.6363636363636364,0.7272727272727273,0.36363636363636365,0.5,0.8181818181818182,0.2727272727272727,1.0,0.9090909090909091,0.9090909090909091,1.0,0.0,0.45454545454545453,0.2727272727272727,0.09090909090909091,0.3181818181818182
8316a7dd51ee5d50b58e905f8ae879603cdb6a1b5840bf7322d76de980356ca2,-101749451,-619184994,0.45454545454545453,0.2727272727272727,0.5454545454545454,0.5454545454545454,0.2727272727272727,0.5,0.45454545454545453,0.5454545454545454,0.7272727272727273,0.6363636363636364,0.6363636363636364,0.8181818181818182,0.5454545454545454,0.36363636363636365,0.36363636363636365,0.0,0.45454545454545453
ca20652d5c56b590be8b21f9f42af75f5c87df53b8b63497ef43fb21e2fb6a44,-101749451,-619184994,0.8181818181818182,0.8181818181818182,0.2727272727272727,0.2727272727272727,0.6363636363636364,0.5,0.18181818181818182,0.9090909090909091,0.18181818181818182,0.18181818181818182,0.18181818181818182,0.2727272727272727,0.7272727272727273,0.09090909090909091,0.5454545454545454,0.18181818181818182,0.7727272727272727
89468f10d2ce2ca0c020853845dc16eedd965f8c980e526237b828650c5095f5,-101749451,-619184994,0.0,0.09090909090909091,1.0,0.9090909090909091,0.09090909090909091,0.5,0.9090909090909091,0.09090909090909091,0.9090909090909091,0.8181818181818182,0.8181818181818182,0.2727272727272727,0.09090909090909091,0.7272727272727273,0.0,0.45454545454545453,0.5909090909090909
3a39a58315fe7928e1b9f08efb4c9a98c50971c6a928fe7b30c6d2349f015328,-101749451,-619184994,0.7272727272727273,0.6363636363636364,0.45454545454545453,0.45454545454545453,0.7272727272727273,0.5,0.36363636363636365,0.6363636363636364,0.36363636363636365,0.36363636363636365,0.36363636363636365,0.2727272727272727,0.2727272727272727,0.18181818181818182,0.45454545454545453,0.2727272727272727,0.5909090909090909
e0ac3b518b030b6625c2e48d3c2f4216482bc8f0485129459345734e4838ecb0,-101749451,-619184994,0.6363636363636364,0.5454545454545454,0.09090909090909091,0.09090909090909091,0.9090909090909091,0.5,0.0,1.0,0.45454545454545453,0.45454545454545453,0.45454545454545453,0.6363636363636364,0.8181818181818182,0.8181818181818182,0.8181818181818182,0.5454545454545454,0.13636363636363635
b0b32d7474b3384be96acd7173d61ef3bfc685a68d175aac7c2d25541b5789b6,-101749451,-619184994,0.2727272727272727,0.18181818181818182,0.18181818181818182,0.18181818181818182,1.0,0.5,0.09090909090909091,0.8181818181818182,0.8181818181818182,0.7272727272727273,0.7272727272727273,0.9090909090909091,0.18181818181818182,1.0,0.7272727272727273,0.7272727272727273,0.0
26b0d0d7cd2dec91eccd1c36cc25ad74d5460e35e9af28c2d7d5f0d2dda63154,-101749451,-619184994,0.18181818181818182,0.36363636363636365,0.9090909090909091,1.0,0.0,0.5,0.6363636363636364,0.18181818181818182,0.6363636363636364,0.5454545454545454,0.5454545454545454,0.2727272727272727,0.6363636363636364,0.6363636363636364,0.09090909090909091,0.36363636363636365,0.7727272727272727
35241be64725de938158f066a6710714fa96e491a725793d18358d237d696ff8,-101749451,-619184994,0.9090909090909091,0.9090909090909091,0.36363636363636365,0.36363636363636365,0.45454545454545453,0.5,0.7272727272727273,0.36363636363636365,0.045454545454545456,0.09090909090909091,0.09090909090909091,0.2727272727272727,0.9090909090909091,0.2727272727272727,0.9090909090909091,0.9090909090909091,0.3181818181818182
39f6947a8a7db33f747f0610df9e901ec6de8a742d3f42069f928ab265f595e7,-101749451,-619184994,0.36363636363636365,0.45454545454545453,0.7272727272727273,0.6363636363636364,0.8181818181818182,0.5,0.2727272727272727,0.7272727272727273,0.5454545454545454,1.0,1.0,0.7272727272727273,0.45454545454545453,0.9090909090909091,0.6363636363636364,0.8181818181818182,0.13636363636363635
d5a8289004a650bec8b1cdeb67cb05d96b33476eeb0e8502a4bd7940af6140e0,-101749451,-619184994,1.0,1.0,0.0,0.0,0.18181818181818182,0.5,1.0,0.0,0.045454545454545456,0.0,0.0,0.2727272727272727,1.0,0.0,1.0,1.0,0.9545454545454546
44f23cb33e48d6caa729f2863523681be3ed8051a285c4e3d30a57af537598d2,-101749451,-619184994,0.5454545454545454,0.7272727272727273,0.8181818181818182,0.8181818181818182,0.5454545454545454,0.5,0.5454545454545454,0.45454545454545453,0.2727272727272727,0.2727272727272727,0.2727272727272727,0.2727272727272727,0.36363636363636365,0.5454545454545454,0.18181818181818182,0.6363636363636364,0.9545454545454546
3d1ea6a8e9f4a94dc196402cd15be7346db33d9c04769e035ed065d76f120541,-297823017,101767915#1,0.09090909090909091,0.18181818181818182,0.4090909090909091,0.45454545454545453,0.6363636363636364,0.6363636363636364,0.2727272727272727,0.6363636363636364,0.8181818181818182,0.18181818181818182,0.45454545454545453,0.45454545454545453,0.18181818181818182,0.36363636363636365,0.09090909090909091,0.0,0.09090909090909091
5696d789464c2f0a924558bcb26f5cc47b0244e7802af8c836b592da6045acf2,-297823017,101767915#1,0.9090909090909091,1.0,1.0,0.9090909090909091,0.36363636363636365,0.5454545454545454,0.36363636363636365,0.5454545454545454,0.0,0.6363636363636364,0.7272727272727273,0.7272727272727273,1.0,0.18181818181818182,1.0,0.9090909090909091,0.9545454545454546
c96b1b95f8482067eeae49b65b4eed41b908b4e4e10bd3aeb3594a0e618a2cd7,-297823017,101767915#1,0.45454545454545453,0.45454545454545453,0.09090909090909091,0.0,0.8181818181818182,0.18181818181818182,0.8181818181818182,0.18181818181818182,0.5454545454545454,0.0,0.0,0.18181818181818182,0.45454545454545453,0.5454545454545454,0.5454545454545454,0.5454545454545454,0.9545454545454546
6cb8aa3d49871dee3a29f3d94eddffa686c38229842522f26350b2d5080f8be7,-297823017,101767915#1,1.0,0.7272727272727273,0.0,0.09090909090909091,0.2727272727272727,0.09090909090909091,0.5454545454545454,0.9090909090909091,0.2727272727272727,0.5454545454545454,0.18181818181818182,0.0,0.7272727272727273,0.8181818181818182,0.6363636363636364,0.6363636363636364,0.5454545454545454
e133d8751e502d9a7471a376508d533e95c951b4319e146e22eef92964a66170,-297823017,101767915#1,0.6363636363636364,0.8181818181818182,0.7272727272727273,0.6363636363636364,0.0,0.8181818181818182,0.45454545454545453,0.45454545454545453,0.18181818181818182,0.7272727272727273,1.0,0.9090909090909091,0.8181818181818182,0.0,0.36363636363636365,0.36363636363636365,0.18181818181818182
d80baa15362c79eed00cadb60de4d638118da47a219ad2d1296be4854aaba11c,-297823017,101767915#1,0.0,0.09090909090909091,0.2727272727272727,0.2727272727272727,1.0,0.7272727272727273,0.18181818181818182,0.7272727272727273,0.9090909090909091,0.2727272727272727,0.09090909090909091,0.5454545454545454,0.09090909090909091,0.45454545454545453,0.0,0.18181818181818182,0.45454545454545453
a4b898e9377b624ef42e4befd5566b515db65e68da3f5af5b4931a4bb9e72adb,-297823017,101767915#1,0.2727272727272727,0.0,0.18181818181818182,0.18181818181818182,0.18181818181818182,0.2727272727272727,1.0,0.09090909090909091,1.0,0.45454545454545453,0.5454545454545454,0.6363636363636364,0.0,0.7272727272727273,0.2727272727272727,0.09090909090909091,0.0
725127780623c290c4d72e005ce34a0a702d897cd5d27172cc0aeb82e294de09,-297823017,101767915#1,0.7272727272727273,0.5454545454545454,0.5454545454545454,1.0,0.09090909090909091,0.9090909090909091,0.0,1.0,0.45454545454545453,1.0,0.9090909090909091,1.0,0.5454545454545454,1.0,0.8181818181818182,0.8181818181818182,0.7727272727272727
1b0b35df7a0d32bfe86d56df8b79631d113155841c06a5c31d91801f681f4bb6,-297823017,101767915#1,0.36363636363636365,0.36363636363636365,0.8181818181818182,0.7272727272727273,0.9090909090909091,0.0,0.9090909090909091,0.0,0.6363636363636364,0.8181818181818182,0.8181818181818182,0.2727272727272727,0.36363636363636365,0.9090909090909091,0.9090909090909091,1.0,0.6363636363636364
9d5c2f60592505296fda98f50be04b32b37a13d0cbbe3412fdd764e842b4b8f2,-297823017,101767915#1,0.5454545454545454,0.6363636363636364,0.4090909090909091,0.36363636363636365,0.7272727272727273,0.36363636363636365,0.6363636363636364,0.2727272727272727,0.36363636363636365,0.36363636363636365,0.2727272727272727,0.09090909090909091,0.6363636363636364,0.09090909090909091,0.18181818181818182,0.2727272727272727,0.36363636363636365
b078c62e4466c5b7242e8d3b75c476f716a1168f5408875b87074e8be1e9525c,-297823017,101767915#1,0.18181818181818182,0.2727272727272727,0.9090909090909091,0.8181818181818182,0.5454545454545454,1.0,0.09090909090909091,0.8181818181818182,0.7272727272727273,0.09090909090909091,0.36363636363636365,0.36363636363636365,0.2727272727272727,0.6363636363636364,0.7272727272727273,0.7272727272727273,0.2727272727272727
8045dbfa6826b7c60841f3fb5dc1a5c5d8ca87555358802cc620795fc0e1504e,-297823017,101767915#1,0.8181818181818182,0.9090909090909091,0.6363636363636364,0.5454545454545454,0.45454545454545453,0.45454545454545453,0.7272727272727273,0.36363636363636365,0.09090909090909091,0.9090909090909091,0.6363636363636364,0.8181818181818182,0.9090909090909091,0.2727272727272727,0.45454545454545453,0.45454545454545453,0.7727272727272727
16325706de0ef77c879127827ab429ca863d9a6e1775359d44db3befd4e6fb60,47374680#2,-372606529#4,0.6363636363636364,0.2727272727272727,0.45454545454545453,0.9090909090909091,0.09090909090909091,0.3181818181818182,0.7272727272727273,0.45454545454545453,0.18181818181818182,0.45454545454545453,0.5454545454545454,0.5454545454545454,0.09090909090909091,0.36363636363636365,0.8181818181818182,0.0,0.45454545454545453
546dae920e241e8f619567cef29ae59c3c0ec1a7d8448bed453a82d21fe23dd1,47374680#2,-372606529#4,0.9090909090909091,0.7272727272727273,0.2727272727272727,0.6363636363636364,0.45454545454545453,0.7272727272727273,0.36363636363636365,0.9090909090909091,0.18181818181818182,0.9090909090909091,0.8181818181818182,0.8181818181818182,0.7272727272727273,0.2727272727272727,0.36363636363636365,0.09090909090909091,0.09090909090909091
b627937d0b00b4d7f97b1d93a8059b2c986af0a101eb1e34dd6d7c7f0d11d357,47374680#2,-372606529#4,0.8181818181818182,0.5454545454545454,0.36363636363636365,0.7272727272727273,0.5454545454545454,0.8181818181818182,0.2727272727272727,1.0,0.18181818181818182,1.0,1.0,1.0,0.5454545454545454,0.18181818181818182,0.45454545454545453,0.2727272727272727,0.0
f6c79aaecbfbed2f640136dbac7bfaeba210086adf650ecabd33a6220d6e1dc1,47374680#2,-372606529#4,0.18181818181818182,0.36363636363636365,0.8636363636363636,0.5,0.36363636363636365,0.9090909090909091,0.9090909090909091,0.36363636363636365,0.7272727272727273,0.8181818181818182,0.45454545454545453,0.45454545454545453,0.36363636363636365,0.6363636363636364,0.09090909090909091,0.7272727272727273,0.5909090909090909
e3573ea74fb8a595473309df10439cc234d7dc1685669428db936d1ddd86b712,47374680#2,-372606529#4,0.0,0.09090909090909091,0.8636363636363636,0.5,0.6363636363636364,0.3181818181818182,0.8181818181818182,0.09090909090909091,0.9090909090909091,0.2727272727272727,0.2727272727272727,0.36363636363636365,0.18181818181818182,1.0,0.0,0.9090909090909091,0.9545454545454546
385bdda916da59895d3daa061f6ce7acff45d6b283dfad4b0675695887f3ef4c,47374680#2,-372606529#4,1.0,1.0,0.6363636363636364,0.8181818181818182,0.0,1.0,0.45454545454545453,0.7272727272727273,0.18181818181818182,0.36363636363636365,0.36363636363636365,0.09090909090909091,1.0,0.0,1.0,0.8181818181818182,0.9545454545454546
84aa165fa5706c8fbea78218d51173f561075e67e117cabd53d1ccdf5edc3ace,47374680#2,-372606529#4,0.7272727272727273,0.6363636363636364,0.18181818181818182,0.36363636363636365,0.2727272727272727,0.3181818181818182,0.5454545454545454,0.5454545454545454,0.5454545454545454,0.7272727272727273,0.9090909090909091,0.9090909090909091,0.6363636363636364,0.5454545454545454,0.6363636363636364,0.18181818181818182,0.2727272727272727
cb867e33c7e35c602c37613134ff725475d9f6d55075723954b4baddc4fcf082,47374680#2,-372606529#4,0.36363636363636365,0.9090909090909091,0.7272727272727273,0.2727272727272727,0.7272727272727273,0.3181818181818182,0.6363636363636364,0.18181818181818182,0.18181818181818182,0.0,0.0,0.18181818181818182,0.9090909090909091,0.09090909090909091,0.9090909090909091,0.45454545454545453,0.5909090909090909
297739fd2201c531eaa2718986101fc478f2233477d548f2be20874575dcb272,47374680#2,-372606529#4,0.5454545454545454,0.18181818181818182,0.09090909090909091,0.09090909090909091,1.0,0.3181818181818182,0.0,0.6363636363636364,0.8181818181818182,0.5454545454545454,0.6363636363636364,0.6363636363636364,0.2727272727272727,0.9090909090909091,0.18181818181818182,0.5454545454545454,0.7727272727272727
f8ccebd351fca6ceeb090b6c976588dd5b2377498a3d7f49cf480b161c0b2da1,47374680#2,-372606529#4,0.09090909090909091,0.45454545454545453,1.0,1.0,0.18181818181818182,0.3181818181818182,1.0,0.0,0.6363636363636364,0.18181818181818182,0.18181818181818182,0.0,0.45454545454545453,0.8181818181818182,0.2727272727272727,1.0,0.7727272727272727
8b9a77889e464826f9c5cf4c45f509db35697de81fdaff15860a29f735f008c2,47374680#2,-372606529#4,0.2727272727272727,0.8181818181818182,0.5454545454545454,0.0,0.9090909090909091,0.3181818181818182,0.18181818181818182,0.2727272727272727,0.45454545454545453,0.09090909090909091,0.09090909090909091,0.2727272727272727,0.8181818181818182,0.45454545454545453,0.7272727272727273,0.6363636363636364,0.36363636363636365
69243c64355ce31cc62c0535b6c437a470a2a570524c75750dd4a1415da1c1f0,47374680#2,-372606529#4,0.45454545454545453,0.0,0.0,0.18181818181818182,0.8181818181818182,0.3181818181818182,0.09090909090909091,0.8181818181818182,1.0,0.6363636363636364,0.7272727272727273,0.7272727272727273,0.0,0.7272727272727273,0.5454545454545454,0.36363636363636365,0.18181818181818182
114e018f8790f59503c990ef4d9a9f996a0fb517745b9abcc7e7994bb6d873d2,619185406,-1200809291,0.0,0.0,0.0,0.18181818181818182,0.8181818181818182,0.9090909090909091,0.18181818181818182,0.9090909090909091,1.0,1.0,1.0,0.8181818181818182,0.0,1.0,0.0,0.9090909090909091,0.2727272727272727
a280584b68fb0adc9b9083b1cb0d9b64383cc2aa6948af0fbb1b658a5682adc9,619185406,-1200809291,0.36363636363636365,0.18181818181818182,0.36363636363636365,0.7272727272727273,0.5454545454545454,0.7272727272727273,0.45454545454545453,0.7272727272727273,0.18181818181818182,0.9090909090909091,0.9090909090909091,0.6363636363636364,0.18181818181818182,0.5454545454545454,0.5909090909090909,0.09090909090909091,0.36363636363636365
80c4227586c480decc393628109805479e52cc358ee5a23f1da9eddb4d9898d0,619185406,-1200809291,0.5454545454545454,0.5454545454545454,0.9090909090909091,0.9090909090909091,0.09090909090909091,0.36363636363636365,0.8181818181818182,0.36363636363636365,0.6363636363636364,0.6363636363636364,0.6363636363636364,0.9090909090909091,0.5454545454545454,0.7272727272727273,0.45454545454545453,0.45454545454545453,0.09090909090909091
c2880c0871f7332e6b29f523e8b400fb53687744b73b723cbff04bd7f7ef2b30,619185406,-1200809291,0.45454545454545453,0.2727272727272727,0.2727272727272727,0.5454545454545454,0.6363636363636364,0.6363636363636364,0.36363636363636365,0.8181818181818182,0.18181818181818182,0.8181818181818182,0.8181818181818182,0.5454545454545454,0.2727272727272727,0.6363636363636364,0.7727272727272727,0.0,0.5454545454545454
a0803103e92de2e9c62da16e498416328cd5384e8bca6481eeaa2aba2a2bbc72,619185406,-1200809291,0.7272727272727273,0.7272727272727273,0.45454545454545453,0.6363636363636364,0.45454545454545453,0.18181818181818182,0.6363636363636364,0.6363636363636364,0.18181818181818182,0.45454545454545453,0.45454545454545453,0.36363636363636365,0.7272727272727273,0.36363636363636365,0.9090909090909091,0.2727272727272727,0.7727272727272727
79c8cd3ca4558c76476ec7098b7572f23c4738acb3efe536050f9365ff4dde68,619185406,-1200809291,0.2727272727272727,0.36363636363636365,0.6363636363636364,0.8181818181818182,0.2727272727272727,0.5454545454545454,0.5454545454545454,0.5454545454545454,0.8181818181818182,0.7272727272727273,0.7272727272727273,1.0,0.36363636363636365,0.8181818181818182,0.36363636363636365,0.18181818181818182,0.0
720a70215c75a0398c9cf1fc87814f6f9e83a62fc97525d5db3c9357419f96b3,619185406,-1200809291,0.09090909090909091,0.09090909090909091,0.09090909090909091,0.09090909090909091,1.0,0.8181818181818182,0.0,0.09090909090909091,0.9090909090909091,0.18181818181818182,0.0,0.09090909090909091,0.09090909090909091,0.9090909090909091,0.09090909090909091,0.7272727272727273,0.5454545454545454
2577bfb0d8a76018af5e9ae3faa74e465de774747043bd7acacbae9ddd5c4f70,619185406,-1200809291,0.18181818181818182,0.45454545454545453,0.18181818181818182,0.0,0.9090909090909091,0.45454545454545453,0.09090909090909091,0.2727272727272727,0.7272727272727273,0.2727272727272727,0.36363636363636365,0.09090909090909091,0.45454545454545453,0.2727272727272727,0.18181818181818182,0.8181818181818182,0.7727272727272727
353bfb1820f5a39cf735cfc68c39bafeb3a8254b300178ce4db3561c91064cc2,619185406,-1200809291,0.9090909090909091,1.0,1.0,0.45454545454545453,0.0,0.0,1.0,0.0,0.45454545454545453,0.0,0.18181818181818182,0.7272727272727273,1.0,0.18181818181818182,0.5909090909090909,0.5454545454545454,0.18181818181818182
61cd53027b72eb9e6cf6e095e90637311b357124c404d241265a2c7d30e73fcd,619185406,-1200809291,0.6363636363636364,0.6363636363636364,0.7272727272727273,1.0,0.36363636363636365,0.2727272727272727,0.7272727272727273,0.45454545454545453,0.18181818181818182,0.5454545454545454,0.5454545454545454,0.45454545454545453,0.6363636363636364,0.09090909090909091,0.7727272727272727,0.36363636363636365,0.5454545454545454
75075c317abffda919cfe7c3d140399303ec69ece6f376dd007c83c479f9c8fa,619185406,-1200809291,1.0,0.9090909090909091,0.5454545454545454,0.36363636363636365,0.18181818181818182,0.09090909090909091,0.9090909090909091,0.18181818181818182,0.18181818181818182,0.09090909090909091,0.2727272727272727,0.2727272727272727,0.9090909090909091,0.0,1.0,0.6363636363636364,0.9545454545454546
7f3182267f4dc881bee72e1430593f16e2bb52a23a6bc89869dde84a092b0b14,619185406,-1200809291,0.8181818181818182,0.8181818181818182,0.8181818181818182,0.2727272727272727,0.7272727272727273,1.0,0.2727272727272727,1.0,0.5454545454545454,0.36363636363636365,0.09090909090909091,0.09090909090909091,0.8181818181818182,0.45454545454545453,0.2727272727272727,1.0,0.9545454545454546
0558840c30943af7d96ffcf612f4d75f544258d5f458eddfe04a80d76e8157c4,-101746498#1,71223791#1,0.5454545454545454,0.8181818181818182,0.7272727272727273,0.5454545454545454,0.6363636363636364,0.9090909090909091,0.2727272727272727,0.7272727272727273,0.7272727272727273,0.8181818181818182,0.7272727272727273,0.45454545454545453,0.9090909090909091,0.6363636363636364,0.45454545454545453,0.2727272727272727,0.18181818181818182
75c4dc2abce1d15ab82cb0dc3cae546ee0af6359310543dab5c2545e27854a50,-101746498#1,71223791#1,0.7272727272727273,0.7272727272727273,0.36363636363636365,0.36363636363636365,0.22727272727272727,0.36363636363636365,0.7727272727272727,0.22727272727272727,0.2727272727272727,0.22727272727272727,0.22727272727272727,0.45454545454545453,0.6363636363636364,0.2727272727272727,0.7272727272727273,0.7272727272727273,0.5454545454545454
3150908d9e1fd3c8edfc7c78661c180ac0e54b2d4e1e0dad76e5d006f72caf81,-101746498#1,71223791#1,0.0,0.0,0.8181818181818182,1.0,0.22727272727272727,0.36363636363636365,0.7727272727272727,0.22727272727272727,0.2727272727272727,0.22727272727272727,0.22727272727272727,0.45454545454545453,0.0,1.0,0.0,0.0,0.36363636363636365
f466f49218631526b6a4a2cd545edb36eaa1a63d99206432b780c2cd5e9d1c2d,-101746498#1,71223791#1,0.45454545454545453,0.45454545454545453,0.45454545454545453,0.45454545454545453,0.22727272727272727,0.36363636363636365,0.7727272727272727,0.22727272727272727,0.2727272727272727,0.22727272727272727,0.22727272727272727,0.45454545454545453,0.45454545454545453,0.09090909090909091,0.5454545454545454,0.45454545454545453,0.2727272727272727
6f2612a459ed1a3c0e5b4df05e119cdfb0bb749dfc2aef7ec3da6933ea7ac97e,-101746498#1,71223791#1,0.2727272727272727,0.36363636363636365,1.0,0.9090909090909091,0.8181818181818182,0.36363636363636365,0.36363636363636365,0.6363636363636364,0.2727272727272727,0.5454545454545454,0.5454545454545454,0.45454545454545453,0.2727272727272727,0.36363636363636365,0.2727272727272727,0.18181818181818182,0.7272727272727273
62063cf4100bc1566eb382260baa92347d81f56872139840805348282e87af0d,-101746498#1,71223791#1,0.18181818181818182,0.18181818181818182,0.6363636363636364,0.7727272727272727,0.5454545454545454,0.36363636363636365,0.45454545454545453,0.5454545454545454,1.0,0.6363636363636364,0.6363636363636364,0.45454545454545453,0.18181818181818182,0.7272727272727273,0.18181818181818182,0.6363636363636364,0.045454545454545456
d790a1038a5556dd418a063f7360a4bb92edf64c8d9cd7c03ab5e89aae7b3039,-101746498#1,71223791#1,0.6363636363636364,0.6363636363636364,0.2727272727272727,0.2727272727272727,0.22727272727272727,0.36363636363636365,0.7727272727272727,0.22727272727272727,0.2727272727272727,0.22727272727272727,0.22727272727272727,0.45454545454545453,0.7272727272727273,0.18181818181818182,0.6363636363636364,0.5454545454545454,0.045454545454545456
f33332ea0edcfc60e925f58bbbc6fe8d87384c2d749527cc328050f32ae06701,-101746498#1,71223791#1,0.09090909090909091,0.09090909090909091,0.5454545454545454,0.6363636363636364,0.22727272727272727,0.36363636363636365,0.7727272727272727,0.22727272727272727,0.2727272727272727,0.22727272727272727,0.22727272727272727,0.45454545454545453,0.09090909090909091,0.9090909090909091,0.09090909090909091,0.09090909090909091,0.5454545454545454
817f8d0ccf30818fe89ce5d758fb53cda371cae97863616482be0ff43e981b7d,-101746498#1,71223791#1,0.9090909090909091,0.9090909090909091,0.0,0.0,0.9090909090909091,0.8181818181818182,0.09090909090909091,1.0,0.6363636363636364,1.0,1.0,1.0,0.8181818181818182,0.45454545454545453,1.0,0.9090909090909091,0.5454545454545454
26e4054f9d614e5089727d536cf503226fc951fb97da19a1675c2119d903016c,-101746498#1,71223791#1,1.0,1.0,0.18181818181818182,0.18181818181818182,0.22727272727272727,0.36363636363636365,0.7727272727272727,0.22727272727272727,0.2727272727272727,0.22727272727272727,0.22727272727272727,0.45454545454545453,1.0,0.0,0.8181818181818182,0.8181818181818182,0.8181818181818182
34ee587e0719eceacf9493363202f53527289c413bfdb43ea685d4c933f3caeb,-101746498#1,71223791#1,0.36363636363636365,0.5454545454545454,0.9090909090909091,0.7727272727272727,0.7272727272727273,1.0,0.18181818181818182,0.8181818181818182,0.8181818181818182,0.9090909090909091,0.8181818181818182,0.45454545454545453,0.5454545454545454,0.5454545454545454,0.36363636363636365,0.36363636363636365,0.9545454545454546
3016bfbb55023ee17d7241cdd0f4b2e8908a0651e2a435ef5d04ad54174f1659,-101746498#1,71223791#1,0.8181818181818182,0.2727272727272727,0.09090909090909091,0.09090909090909091,1.0,0.36363636363636365,0.0,0.9090909090909091,0.9090909090909091,0.7272727272727273,0.9090909090909091,0.45454545454545453,0.36363636363636365,0.8181818181818182,0.9090909090909091,1.0,0.9545454545454546
de798953989fede1ce8c8641e855598f45ed7fa7614839f1937baab396adf23c,75421017,-372606529#4,0.0,0.0,0.125,0.125,0.0,0.0,1.0,0.0,0.3125,0.0,0.0,0.1875,0.0,0.625,0.0,1.0,0.9375
4942f093c3bbb3e81931d1baeb640a4207eb7b6b525a132013cac2337daa1aff,75421017,-372606529#4,0.25,0.25,0.125,0.125,1.0,0.875,0.0,1.0,0.3125,0.5,0.25,0.875,0.25,0.125,0.25,0.75,0.25
47a43739c26134c4ab9f5be426e3bafb7cceb9f95a0505d975e286233fd1586d,75421017,-372606529#4,0.125,0.125,0.125,0.125,0.875,1.0,0.125,0.875,0.3125,0.75,0.5,1.0,0.125,1.0,0.125,0.875,0.625
f3d21d5eb544306609a697ee738906da273a552b7ca1cdcd6af90677ef2aae57,75421017,-372606529#4,0.75,0.75,0.75,0.75,0.375,0.375,0.625,0.375,1.0,0.375,0.625,0.75,0.75,0.5,0.75,0.0,0.5
8d5ca73c92cd78d9163562417994f3454043a1c3358efc2e7eab603f1018de13,75421017,-372606529#4,1.0,1.0,0.875,0.875,0.125,0.125,0.875,0.125,0.75,0.125,0.125,0.5,1.0,0.0,1.0,0.625,0.9375
acce52b4133eeadc285a0c464fc655a1f7d4f83680b096afdb171b2e996522c0,75421017,-372606529#4,0.375,0.375,1.0,1.0,0.625,0.75,0.375,0.625,0.3125,1.0,1.0,0.1875,0.375,0.75,0.375,0.25,0.0
d23cbf46a475e07fefeab48401ff6c434ae891a3d2d20d4f2bd8d0098e4e64f3,75421017,-372606529#4,0.875,0.875,0.625,0.625,0.25,0.25,0.75,0.25,0.875,0.25,0.375,0.625,0.875,0.25,0.875,0.5,0.75
8dd40b2b7be35c0584958745c1c75d53bb3101918357bd99b0a12791a45fd5b8,75421017,-372606529#4,0.5,0.5,0.5,0.5,0.75,0.625,0.25,0.75,0.3125,0.875,0.875,0.1875,0.5,0.875,0.5,0.375,0.125
be37d72c8b9cdc1f9beb6a8121a834a1a723610397eddd13822920ffc9d5da6f,75421017,-372606529#4,0.625,0.625,0.375,0.375,0.5,0.5,0.5,0.5,0.3125,0.625,0.75,0.1875,0.625,0.375,0.625,0.125,0.375
d367b522095377959c4cb90f647a0030715ea29db1cc61c0a48ad0b76bc4c5c2,526439431#0,100475365#1,0.7272727272727273,0.7272727272727273,0.6818181818181818,0.6818181818181818,0.9090909090909091,0.09090909090909091,0.36363636363636365,0.45454545454545453,0.2727272727272727,0.6363636363636364,0.7272727272727273,0.18181818181818182,0.7272727272727273,0.2727272727272727,0.6363636363636364,0.45454545454545453,0.6363636363636364
39b667737ce0c6e28d23e8dc94284c9dd2e4f9c1b7e17d0b92926e115aad156b,526439431#0,100475365#1,0.6363636363636364,0.6363636363636364,0.18181818181818182,0.18181818181818182,1.0,0.18181818181818182,0.09090909090909091,0.7272727272727273,0.36363636363636365,0.09090909090909091,0.18181818181818182,0.2727272727272727,0.6363636363636364,0.36363636363636365,0.45454545454545453,0.36363636363636365,0.7272727272727273
0c703927713ffa1875c7cc8fbd6b63d0986f3615884cedb2c0aea234de705127,526439431#0,100475365#1,0.0,0.0,0.36363636363636365,0.36363636363636365,0.8181818181818182,0.7272727272727273,0.18181818181818182,0.9090909090909091,1.0,0.45454545454545453,0.5454545454545454,0.8181818181818182,0.0,0.9090909090909091,0.0,0.09090909090909091,0.36363636363636365
03a405923e504b968ff7f1b313d08b70249727d9ac4c80a889de94a8f9b7d52c,526439431#0,100475365#1,0.2727272727272727,0.45454545454545453,0.6818181818181818,0.6818181818181818,0.45454545454545453,0.2727272727272727,0.7272727272727273,0.2727272727272727,0.5454545454545454,0.7272727272727273,0.9090909090909091,0.36363636363636365,0.45454545454545453,0.8181818181818182,0.36363636363636365,0.18181818181818182,0.0
1d5b7b502e807b4af3eeab7c40d928612dcde43251a29bf1035e1a810d2d5047,526439431#0,100475365#1,0.09090909090909091,0.09090909090909091,0.18181818181818182,0.18181818181818182,0.7272727272727273,0.6363636363636364,0.2727272727272727,0.8181818181818182,0.9090909090909091,0.36363636363636365,0.45454545454545453,0.7272727272727273,0.09090909090909091,1.0,0.13636363636363635,0.0,0.09090909090909091
72ed412a1667b7e2493352c2fae41eb0921dff153ed658b0cab98bf6560ba487,526439431#0,100475365#1,0.5454545454545454,0.5454545454545454,0.18181818181818182,0.18181818181818182,0.2727272727272727,0.9090909090909091,0.6363636363636364,0.5454545454545454,0.45454545454545453,1.0,0.8181818181818182,1.0,0.5454545454545454,0.5454545454545454,0.2727272727272727,0.5454545454545454,0.5454545454545454
47418d7bf5c78f39accabbb8c196426d01a64caddc571884354f3a9c20f0b5dd,526439431#0,100475365#1,0.45454545454545453,0.2727272727272727,0.45454545454545453,0.45454545454545453,0.0,0.45454545454545453,0.9090909090909091,0.09090909090909091,0.7272727272727273,0.18181818181818182,0.2727272727272727,0.5454545454545454,0.2727272727272727,0.18181818181818182,0.8181818181818182,0.7272727272727273,0.18181818181818182
43ccda28a577168f9bd139117377e1e18ea7ca8d80f212ba8f495633ca22a75d,526439431#0,100475365#1,0.36363636363636365,0.18181818181818182,0.5454545454545454,0.5454545454545454,0.09090909090909091,0.5454545454545454,0.8181818181818182,0.18181818181818182,0.8181818181818182,0.2727272727272727,0.36363636363636365,0.6363636363636364,0.18181818181818182,0.09090909090909091,0.5454545454545454,0.8181818181818182,0.45454545454545453
e0b9186d3dba92c233a25c7c0d744ae130e4195f571f7ca59f45682a6cd30d8a,526439431#0,100475365#1,0.18181818181818182,0.36363636363636365,0.8181818181818182,0.8181818181818182,0.5454545454545454,0.36363636363636365,0.5454545454545454,0.36363636363636365,0.6363636363636364,0.8181818181818182,1.0,0.45454545454545453,0.36363636363636365,0.7272727272727273,0.13636363636363635,0.2727272727272727,0.2727272727272727
a65b6ac90ba2ca357724ab59cfa9ec46211fa8c1d48c5ab52c492ab3dbccf359,526439431#0,100475365#1,0.9090909090909091,0.9090909090909091,0.9090909090909091,0.9090909090909091,0.6363636363636364,1.0,0.0,1.0,0.09090909090909091,0.0,0.0,0.09090909090909091,0.9090909090909091,0.45454545454545453,0.9090909090909091,0.9090909090909091,0.9545454545454546
3d4b5fe62246b67b721b0a446003029fcb04a0684db98337be9559d5d63d647e,526439431#0,100475365#1,1.0,1.0,1.0,1.0,0.18181818181818182,0.0,1.0,0.0,0.0,0.5454545454545454,0.09090909090909091,0.0,1.0,0.6363636363636364,1.0,1.0,0.9545454545454546
a30b39389816cd774e8092e30b6e50e2910c134a68608ba18fad2ecdbb4eb735,526439431#0,100475365#1,0.8181818181818182,0.8181818181818182,0.0,0.0,0.36363636363636365,0.8181818181818182,0.45454545454545453,0.6363636363636364,0.18181818181818182,0.9090909090909091,0.6363636363636364,0.9090909090909091,0.8181818181818182,0.0,0.7272727272727273,0.6363636363636364,0.8181818181818182
1b50198cf33ff53f58b3f1b4f1f4c0fe6911704a1dbc726711c1ab7c92753e58,-1200809291,120509991,0.6363636363636364,0.0,0.0,0.8181818181818182,0.045454545454545456,0.4090909090909091,0.0,0.6363636363636364,0.09090909090909091,0.2727272727272727,0.045454545454545456,0.4090909090909091,0.0,1.0,0.8181818181818182,0.9090909090909091,0.0
24f39c9d2cc33abd898b2e3705e9ab46473d4885c8ed4808bb42f680ba6ced97,-1200809291,120509991,0.0,0.09090909090909091,0.7272727272727273,0.9090909090909091,0.5454545454545454,0.4090909090909091,0.7272727272727273,0.36363636363636365,1.0,0.7272727272727273,0.7272727272727273,0.4090909090909091,0.09090909090909091,0.7272727272727273,0.0,0.36363636363636365,0.09090909090909091
548f6e6363a50baaaa584c15b0d50fa28bfad3eb1817eb7fae437de411b0d4a1,-1200809291,120509991,0.7272727272727273,0.8181818181818182,0.2727272727272727,0.0,0.36363636363636365,0.4090909090909091,0.9090909090909091,0.09090909090909091,0.36363636363636365,0.18181818181818182,0.2727272727272727,0.4090909090909091,0.8181818181818182,0.18181818181818182,0.45454545454545453,0.6363636363636364,0.8181818181818182
6bac65febb2489ae0b91b40902dd8e11a44127b1a3765555f2880779c99acfd4,-1200809291,120509991,0.09090909090909091,0.2727272727272727,0.9090909090909091,1.0,0.45454545454545453,0.4090909090909091,0.8181818181818182,0.2727272727272727,0.8181818181818182,0.5454545454545454,0.5454545454545454,0.4090909090909091,0.2727272727272727,0.6363636363636364,0.09090909090909091,0.45454545454545453,0.18181818181818182
383aac03edcca5990ea901554f7a377a26639e748e404e4062fb24d3b2af41f9,-1200809291,120509991,0.36363636363636365,0.45454545454545453,0.36363636363636365,0.18181818181818182,0.6363636363636364,0.9090909090909091,0.2727272727272727,0.9090909090909091,0.6363636363636364,1.0,0.9090909090909091,0.9090909090909091,0.45454545454545453,0.5454545454545454,0.6818181818181818,0.5454545454545454,0.5
ee0ed4dce6252ed500eeb9877b66ba082b697255419f589c6a603f39301eb53e,-1200809291,120509991,0.18181818181818182,0.18181818181818182,0.45454545454545453,0.36363636363636365,1.0,0.4090909090909091,0.18181818181818182,0.8181818181818182,0.9090909090909091,0.6363636363636364,0.6363636363636364,0.4090909090909091,0.18181818181818182,0.9090909090909091,0.5454545454545454,0.18181818181818182,0.2727272727272727
e9ac201590cfb317892ba6954e6a207f7c700c0c4aefbd0f90c74b7d51b5a1df,-1200809291,120509991,0.9090909090909091,0.7272727272727273,0.09090909090909091,0.2727272727272727,0.045454545454545456,0.4090909090909091,0.6363636363636364,0.18181818181818182,0.09090909090909091,0.0,0.045454545454545456,0.4090909090909091,0.7272727272727273,0.09090909090909091,0.9090909090909091,0.8181818181818182,0.5
84f2fb4b71a1ee63df9b42eddc1de2ae2f181009e574fcd3579c781edc7d886d,-1200809291,120509991,0.45454545454545453,0.5454545454545454,0.5454545454545454,0.5454545454545454,0.8181818181818182,0.4090909090909091,0.45454545454545453,0.5454545454545454,0.5454545454545454,0.36363636363636365,0.36363636363636365,0.4090909090909091,0.5454545454545454,0.45454545454545453,0.3181818181818182,0.2727272727272727,0.5
792df373364b1eeea989f03a1af2b73a426e60039a5432018e548b0f55b47c5b,-1200809291,120509991,0.8181818181818182,0.9090909090909091,0.6363636363636364,0.09090909090909091,0.2727272727272727,0.4090909090909091,1.0,0.0,0.2727272727272727,0.09090909090909091,0.18181818181818182,0.4090909090909091,0.9090909090909091,0.2727272727272727,0.6818181818181818,0.7272727272727273,0.9545454545454546
45bbd46fe6df2b9e9f7d809bbdeb9811f5bc63be4e656d63a2d30af04253a951,-1200809291,120509991,0.5454545454545454,0.6363636363636364,1.0,0.7272727272727273,0.7272727272727273,0.4090909090909091,0.5454545454545454,0.45454545454545453,0.45454545454545453,0.8181818181818182,0.8181818181818182,0.4090909090909091,0.6363636363636364,0.36363636363636365,0.18181818181818182,0.09090909090909091,0.7272727272727273
94db5a3d6d477e7898e57432af9452dbda268d652f46e959716d8753ffbce2a9,-1200809291,120509991,0.2727272727272727,0.36363636363636365,0.8181818181818182,0.6363636363636364,0.9090909090909091,0.4090909090909091,0.36363636363636365,0.7272727272727273,0.7272727272727273,0.9090909090909091,1.0,0.4090909090909091,0.36363636363636365,0.8181818181818182,0.3181818181818182,0.0,0.5
2f4dab553ddc394a8c12c3768df476200eb8f6013d0ad86416ee496e11b349aa,-1200809291,120509991,1.0,1.0,0.18181818181818182,0.45454545454545453,0.18181818181818182,1.0,0.09090909090909091,1.0,0.09090909090909091,0.45454545454545453,0.45454545454545453,1.0,1.0,0.0,1.0,1.0,0.9545454545454546
8251df63bc973dc5a35cebcffa94dfe9752210643323068b7f0ba84e8aca7f2f,120509991,-120511144#2,0.18181818181818182,0.09090909090909091,0.8181818181818182,0.6363636363636364,0.9090909090909091,0.2727272727272727,0.2727272727272727,0.09090909090909091,0.9090909090909091,0.09090909090909091,0.2727272727272727,0.18181818181818182,0.09090909090909091,0.09090909090909091,0.09090909090909091,0.0,0.09090909090909091
6a8e59e3822db9f668ec0420cf8beb5ad5ebf7e010691b12cb41707ac3f2bb11,120509991,-120511144#2,0.0,0.18181818181818182,1.0,0.09090909090909091,0.8181818181818182,0.2727272727272727,0.45454545454545453,0.18181818181818182,0.8181818181818182,0.0,0.18181818181818182,0.18181818181818182,0.18181818181818182,0.5454545454545454,0.0,0.6363636363636364,0.8181818181818182
8df0302be429893fff0bad02ecfd73272d13a011341fb29768661fbc1b9c1af0,120509991,-120511144#2,0.09090909090909091,0.0,0.6363636363636364,0.5454545454545454,1.0,0.2727272727272727,0.0,0.0,1.0,0.18181818181818182,0.0,0.18181818181818182,0.0,0.45454545454545453,0.18181818181818182,0.09090909090909091,0.22727272727272727
8dd822509a85e068dee2723a9836668b1589f6ca7a3c4486ff503072aa1c445b,120509991,-120511144#2,0.9090909090909091,0.9090909090909091,0.18181818181818182,0.8181818181818182,0.0,0.6363636363636364,0.8181818181818182,1.0,0.09090909090909091,1.0,1.0,1.0,0.9090909090909091,0.8181818181818182,0.9090909090909091,0.9090909090909091,0.7272727272727273
a5f0553f03f35d2047000fd45625a3f6cdd8911fa104141cccd137d6d9164a0b,120509991,-120511144#2,0.45454545454545453,0.45454545454545453,0.5454545454545454,0.18181818181818182,0.09090909090909091,0.8181818181818182,1.0,0.36363636363636365,0.5454545454545454,0.7272727272727273,0.5454545454545454,0.8181818181818182,0.5454545454545454,0.7272727272727273,1.0,1.0,0.9545454545454546
f32a77d6d19eb14474f7737d131bbed3ba9415bfcdca646a6cbe1811f453c1fb,120509991,-120511144#2,0.2727272727272727,0.6363636363636364,0.7272727272727273,0.36363636363636365,0.5454545454545454,1.0,0.18181818181818182,0.7272727272727273,0.36363636363636365,0.6363636363636364,0.36363636363636365,0.6363636363636364,0.6363636363636364,0.36363636363636365,0.8181818181818182,0.45454545454545453,0.45454545454545453
581cb4a6fa8442263809e952cf55373544b0010c26fb52d2d3c30803912f416c,120509991,-120511144#2,0.7272727272727273,0.36363636363636365,0.2727272727272727,1.0,0.7272727272727273,0.2727272727272727,0.09090909090909091,0.5454545454545454,0.6363636363636364,0.8181818181818182,0.6363636363636364,0.9090909090909091,0.2727272727272727,1.0,0.36363636363636365,0.2727272727272727,0.5909090909090909
0f5c7a3aa1de1a59d81ce323f3c58b7c7e3d3ac9ade0a0b4d72d625d2af50a0b,120509991,-120511144#2,0.8181818181818182,0.5454545454545454,0.0,0.9090909090909091,0.45454545454545453,0.2727272727272727,0.36363636363636365,0.8181818181818182,0.45454545454545453,0.9090909090909091,0.45454545454545453,0.7272727272727273,0.36363636363636365,0.9090909090909091,0.6363636363636364,0.5454545454545454,0.5909090909090909
0caef0942089f5dc9d057437a1cb1f943ab716486b2b95308eccbac236fd3cfb,120509991,-120511144#2,0.5454545454545454,0.2727272727272727,0.45454545454545453,0.2727272727272727,0.6363636363636364,0.2727272727272727,0.6363636363636364,0.2727272727272727,0.7272727272727273,0.45454545454545453,0.7272727272727273,0.18181818181818182,0.45454545454545453,0.0,0.2727272727272727,0.18181818181818182,0.0
05d6a7046fe0d5f7e7f417d46638f01848d7a4ad57a7cbba510d5223ecb99370,120509991,-120511144#2,0.36363636363636365,0.7272727272727273,0.9090909090909091,0.45454545454545453,0.2727272727272727,0.9090909090909091,0.5454545454545454,0.9090909090909091,0.2727272727272727,0.5454545454545454,0.9090909090909091,0.5454545454545454,0.7272727272727273,0.18181818181818182,0.5454545454545454,0.36363636363636365,0.36363636363636365
c34a11021c288be837aec1ed9e7ce71f4ae85d14de8c39f7cae364196e7bdf12,120509991,-120511144#2,0.6363636363636364,0.8181818181818182,0.36363636363636365,0.0,0.36363636363636365,0.7272727272727273,0.9090909090909091,0.45454545454545453,0.18181818181818182,0.36363636363636365,0.8181818181818182,0.45454545454545453,0.8181818181818182,0.6363636363636364,0.45454545454545453,0.7272727272727273,0.22727272727272727
ea27a11b2ecb328875b96a1ed6101fcd7b4654053e838e4e12f5bfd3d3912c81,120509991,-120511144#2,1.0,1.0,0.09090909090909091,0.7272727272727273,0.18181818181818182,0.2727272727272727,0.7272727272727273,0.6363636363636364,0.0,0.2727272727272727,0.09090909090909091,0.18181818181818182,1.0,0.2727272727272727,0.7272727272727273,0.8181818181818182,0.9545454545454546
caa19cebd01d950376a289d4e16170b4b9f2cd19dbe79844751dc614eba5d8bd,-282689975#2,-101752970#2,0.0,0.0,0.45454545454545453,0.0,0.36363636363636365,0.45454545454545453,0.7272727272727273,0.2727272727272727,0.36363636363636365,0.45454545454545453,0.45454545454545453,0.36363636363636365,0.0,0.8181818181818182,0.0,0.18181818181818182,0.5454545454545454
2284ea5fe88bd72f5f0002085e43ff973aaf2523bbb881843a9b6a9d5dd83ff0,-282689975#2,-101752970#2,0.2727272727272727,0.5454545454545454,0.5909090909090909,0.13636363636363635,0.0,1.0,0.6363636363636364,0.36363636363636365,0.36363636363636365,0.5454545454545454,0.2727272727272727,0.36363636363636365,0.5454545454545454,0.36363636363636365,0.18181818181818182,0.9090909090909091,0.9545454545454546
b4d3c3dd4942deee1349a2fd9b78fc67dd835bb07a140b068debd30dca42df4e,-282689975#2,-101752970#2,0.9090909090909091,0.9090909090909091,0.5909090909090909,0.13636363636363635,0.09090909090909091,0.45454545454545453,1.0,0.0,0.36363636363636365,0.0,0.0,0.36363636363636365,0.9090909090909091,0.0,0.3181818181818182,0.45454545454545453,0.7272727272727273
69415530a431bf3f5af687c1cfe9db8ba73ee40d2247fc5f2be361ef3435112e,-282689975#2,-101752970#2,0.09090909090909091,0.09090909090909091,0.7272727272727273,0.2727272727272727,0.2727272727272727,0.45454545454545453,0.8181818181818182,0.18181818181818182,0.36363636363636365,0.36363636363636365,0.36363636363636365,0.36363636363636365,0.09090909090909091,0.9090909090909091,0.09090909090909091,0.2727272727272727,0.7272727272727273
1179dac2019a80aaf2a7f6a8601da27fc83790847bf4c679310adb13723d5614,-282689975#2,-101752970#2,0.5454545454545454,0.6363636363636364,0.8181818181818182,0.4090909090909091,1.0,0.45454545454545453,0.0,0.5454545454545454,1.0,0.2727272727272727,0.18181818181818182,0.36363636363636365,0.6363636363636364,0.2727272727272727,0.7727272727272727,0.7272727272727273,0.3181818181818182
b97f0c6013762616c21ce3ee9025779829fecd1103d824c4268482a997e6fea6,-282689975#2,-101752970#2,0.6363636363636364,0.2727272727272727,0.2727272727272727,0.6363636363636364,0.6363636363636364,0.45454545454545453,0.2727272727272727,0.7272727272727273,0.36363636363636365,0.7272727272727273,0.7272727272727273,0.36363636363636365,0.2727272727272727,0.45454545454545453,0.3181818181818182,0.0,0.0
70e5d3bae7f57b2b71ea2b2ecaaa8c03c8c3daa739cabe4956ac90bd81952fb2,-282689975#2,-101752970#2,0.8181818181818182,0.36363636363636365,0.36363636363636365,0.7272727272727273,0.5454545454545454,0.45454545454545453,0.45454545454545453,0.6363636363636364,0.36363636363636365,0.6363636363636364,0.6363636363636364,0.36363636363636365,0.45454545454545453,0.7272727272727273,0.45454545454545453,0.09090909090909091,0.09090909090909091
7ea5175b3d44005a624a4f593775e531398a88cbdc7d28def13f20e1c56d8573,-282689975#2,-101752970#2,0.7272727272727273,0.7272727272727273,1.0,0.5454545454545454,0.9090909090909091,0.45454545454545453,0.36363636363636365,0.45454545454545453,0.9090909090909091,0.18181818181818182,0.5454545454545454,0.36363636363636365,0.7272727272727273,0.09090909090909091,0.6363636363636364,0.6363636363636364,0.18181818181818182
fe6b822131da0cb2fd2e81336360d34e85f8d8a97a64731542fbbca62be58156,-282689975#2,-101752970#2,0.18181818181818182,0.18181818181818182,0.18181818181818182,1.0,0.7272727272727273,0.45454545454545453,0.09090909090909091,1.0,0.36363636363636365,0.8181818181818182,0.8181818181818182,0.8181818181818182,0.18181818181818182,0.6363636363636364,0.7727272727272727,0.5454545454545454,0.3181818181818182
026c037e05feeff57e18cbdca1cadf0e7a9ef801c137b3a5e3545149c030d616,-282689975#2,-101752970#2,0.45454545454545453,0.8181818181818182,0.9090909090909091,0.4090909090909091,0.18181818181818182,0.45454545454545453,0.9090909090909091,0.09090909090909091,0.36363636363636365,0.09090909090909091,0.09090909090909091,0.36363636363636365,0.8181818181818182,0.18181818181818182,0.5454545454545454,0.36363636363636365,0.7272727272727273
1b21809728734d0135e2e01c5e075cad6e908ae5a174554e86902774e5784d53,-282689975#2,-101752970#2,0.36363636363636365,0.45454545454545453,0.09090909090909091,0.9090909090909091,0.45454545454545453,0.45454545454545453,0.5454545454545454,0.8181818181818182,0.36363636363636365,0.9090909090909091,1.0,1.0,0.36363636363636365,0.5454545454545454,0.9090909090909091,0.8181818181818182,0.45454545454545453
9de92b6d93db2d2df7ecc324093b278df11e43424bfc793495ad955bd4728ba8,-282689975#2,-101752970#2,1.0,1.0,0.0,0.8181818181818182,0.8181818181818182,0.45454545454545453,0.18181818181818182,0.9090909090909091,0.8181818181818182,1.0,0.9090909090909091,0.9090909090909091,1.0,1.0,1.0,1.0,0.9545454545454546
ed9ad6e5ec3404e544c41235911888793a0eff8bf79f914ca0677ee763d3852e,-282689986,-282690560#0,1.0,1.0,0.0,1.0,0.5,0.5,0.5,0.0,0.5,0.0,0.5,0.5,1.0,0.0,1.0,0.5,0.5
263a19d8a925bb34a0de6fba564068368fc981a5dbc4fba3d91a919b98c55bc0,-282689986,-282690560#0,0.0,0.0,1.0,0.0,0.5,0.5,0.5,1.0,0.5,1.0,0.5,0.5,0.0,1.0,0.0,0.5,0.5
e1375b841f8c16d940444d947e5028da20dc7bb18fa38e5232e4408f6ba97bd6,-619184994,-101746498#2,0.6363636363636364,0.6363636363636364,0.36363636363636365,0.36363636363636365,0.18181818181818182,0.36363636363636365,0.8181818181818182,0.18181818181818182,0.13636363636363635,0.36363636363636365,0.09090909090909091,0.13636363636363635,0.45454545454545453,0.5454545454545454,0.2727272727272727,0.6363636363636364,0.36363636363636365
db55c1e23ad688c110bb1f50a3e4c98c00c6ce729bf6f3acf3ac3c55bc1671ba,-619184994,-101746498#2,0.36363636363636365,0.2727272727272727,0.45454545454545453,0.45454545454545453,0.36363636363636365,0.7272727272727273,0.7272727272727273,0.2727272727272727,0.13636363636363635,0.7272727272727273,0.36363636363636365,0.13636363636363635,0.2727272727272727,0.6363636363636364,0.09090909090909091,0.5454545454545454,0.2727272727272727
9e08c94f74a1a6cd0ee4ceb3abe2dd1a7646e061cb00472385758a391ce22b6c,-619184994,-101746498#2,1.0,0.18181818181818182,0.0,0.2727272727272727,0.45454545454545453,0.8181818181818182,0.0,1.0,0.9090909090909091,1.0,1.0,0.9090909090909091,0.18181818181818182,1.0,0.45454545454545453,1.0,0.0
d83c99436e9f572efa70423a27829421867a227de540b7f242261bd69cd100c0,-619184994,-101746498#2,0.5454545454545454,0.7272727272727273,0.5909090909090909,0.5909090909090909,0.7272727272727273,0.2727272727272727,0.36363636363636365,0.6363636363636364,0.6363636363636364,0.2727272727272727,0.8181818181818182,0.6363636363636364,0.9090909090909091,0.2727272727272727,0.8636363636363636,0.22727272727272727,0.8181818181818182
93d566a0b3e29a7d19bd7eab980d2a59cc4f3d6c351478b07fe00da944019058,-619184994,-101746498#2,0.09090909090909091,0.0,0.7727272727272727,0.7727272727272727,0.2727272727272727,1.0,0.6363636363636364,0.36363636363636365,0.13636363636363635,0.9090909090909091,0.5454545454545454,0.13636363636363635,0.0,0.7272727272727273,0.18181818181818182,0.7272727272727273,0.18181818181818182
4d9ca197b3ddf4c162f5ab6eb95c48b9be16f46e2a594fafab56e6d6c4fd6f28,-619184994,-101746498#2,0.18181818181818182,0.36363636363636365,0.5909090909090909,0.5909090909090909,1.0,0.6363636363636364,0.09090909090909091,0.9090909090909091,0.8181818181818182,0.6363636363636364,0.2727272727272727,0.8181818181818182,0.5454545454545454,0.45454545454545453,0.8636363636363636,0.4090909090909091,0.8181818181818182
745a20b4722f65a0f67ae309ee1838738b0afd5431ac17901602ac9b3ad9efcf,-619184994,-101746498#2,0.0,0.09090909090909091,0.9090909090909091,0.9090909090909091,0.0,0.9090909090909091,1.0,0.0,1.0,0.8181818181818182,0.45454545454545453,1.0,0.09090909090909091,0.9090909090909091,0.0,0.8181818181818182,0.09090909090909091
45f61721a833969d28f868fab9582b5789edfbc2fd90093d53826fe01767bc66,-619184994,-101746498#2,0.7272727272727273,0.8181818181818182,0.13636363636363635,0.045454545454545456,0.9090909090909091,0.18181818181818182,0.18181818181818182,0.8181818181818182,0.5454545454545454,0.18181818181818182,0.0,0.5454545454545454,0.7272727272727273,0.18181818181818182,0.8636363636363636,0.4090909090909091,0.8181818181818182
573de1cfdad0f5e82514c3e2c7053646e9b25414ca47325d2a250088b1e41cbd,-619184994,-101746498#2,0.8181818181818182,0.9090909090909091,0.2727272727272727,0.18181818181818182,0.6363636363636364,0.09090909090909091,0.45454545454545453,0.5454545454545454,0.45454545454545453,0.09090909090909091,0.7272727272727273,0.45454545454545453,0.8181818181818182,0.0,0.5909090909090909,0.045454545454545456,0.5
60e5c8919dbe2dda65c8dabb2a5968a8b00c5bbccd096093689d01e64e34db62,-619184994,-101746498#2,0.45454545454545453,0.5454545454545454,1.0,1.0,0.09090909090909091,0.45454545454545453,0.9090909090909091,0.09090909090909091,0.13636363636363635,0.45454545454545453,0.18181818181818182,0.13636363636363635,0.36363636363636365,0.8181818181818182,0.36363636363636365,0.9090909090909091,0.8181818181818182
9c313c9ab4414e979f518484e6099b7a54311f03c40875138fc3f1b73a937059,-619184994,-101746498#2,0.2727272727272727,0.45454545454545453,0.7727272727272727,0.7727272727272727,0.8181818181818182,0.5454545454545454,0.2727272727272727,0.7272727272727273,0.7272727272727273,0.5454545454545454,0.9090909090909091,0.7272727272727273,0.6363636363636364,0.36363636363636365,0.5909090909090909,0.045454545454545456,0.5
b9142cf83cf22557006f2b7410bd0e6cd743277d67ebabc20785e77f7992e303,-619184994,-101746498#2,0.9090909090909091,1.0,0.13636363636363635,0.045454545454545456,0.5454545454545454,0.0,0.5454545454545454,0.45454545454545453,0.36363636363636365,0.0,0.6363636363636364,0.36363636363636365,1.0,0.09090909090909091,0.8636363636363636,0.22727272727272727,0.8181818181818182
8bf26c9e76ec71e89a2b53af92f1dfc972e247a837c45c3af8cc27b259561f9e,-1323419247,282479125#1,0.2727272727272727,0.18181818181818182,0.4090909090909091,0.4090909090909091,0.13636363636363635,0.7272727272727273,0.9090909090909091,0.09090909090909091,0.22727272727272727,0.09090909090909091,0.13636363636363635,0.22727272727272727,0.45454545454545453,0.18181818181818182,0.09090909090909091,0.0,0.36363636363636365
28ed66364ad876942957b01928a0d2f890e3e3cd79c88bb62b65b3d8d8dfb3cd,-1323419247,282479125#1,0.18181818181818182,0.45454545454545453,0.4090909090909091,0.4090909090909091,1.0,0.45454545454545453,0.0,1.0,0.9090909090909091,0.7272727272727273,0.8181818181818182,0.9090909090909091,0.18181818181818182,1.0,0.9090909090909091,0.9090909090909091,0.5909090909090909
cb4b03c487bb1d83a131fb77a871f988eb4f15fc11a361134a028818595e6c76,-1323419247,282479125#1,0.0,0.0,0.4090909090909091,0.4090909090909091,0.13636363636363635,0.9090909090909091,0.7272727272727273,0.2727272727272727,0.22727272727272727,0.2727272727272727,0.13636363636363635,0.22727272727272727,0.0,0.09090909090909091,0.0,0.2727272727272727,0.9545454545454546
4b64fb9b9eb00f3d6053d243442e607ec3626cb79b820d1a92172a565b57b1b2,-1323419247,282479125#1,1.0,1.0,1.0,1.0,0.36363636363636365,0.0,0.6363636363636364,0.36363636363636365,0.22727272727272727,0.36363636363636365,0.36363636363636365,0.22727272727272727,1.0,0.0,0.45454545454545453,0.7272727272727273,0.8181818181818182
e1880f97928fda7c1241eda49d4a835a8b9594fa0079650f6e5004939c6cbce5,-1323419247,282479125#1,0.5454545454545454,0.5454545454545454,0.4090909090909091,0.4090909090909091,0.6363636363636364,0.36363636363636365,0.45454545454545453,0.5454545454545454,0.8181818181818182,0.6363636363636364,0.7272727272727273,0.8181818181818182,0.8181818181818182,0.7272727272727273,0.8181818181818182,0.6363636363636364,0.5909090909090909
ea731780bcebed89bfad591920b8341bf5060e985240fa668abe2c0587e651b0,-1323419247,282479125#1,0.8181818181818182,0.7272727272727273,0.4090909090909091,0.4090909090909091,0.45454545454545453,0.2727272727272727,0.5454545454545454,0.45454545454545453,0.7272727272727273,0.5454545454545454,0.5454545454545454,0.6363636363636364,0.36363636363636365,0.6363636363636364,0.5454545454545454,0.18181818181818182,0.0
347229200bb625ad7a103a1f01a69cbacfde330230a8283e0757eb6697a9a23c,-1323419247,282479125#1,0.36363636363636365,0.2727272727272727,0.4090909090909091,0.4090909090909091,0.7272727272727273,0.6363636363636364,0.36363636363636365,0.6363636363636364,1.0,0.8181818181818182,0.9090909090909091,1.0,0.6363636363636364,0.5454545454545454,0.7272727272727273,0.5454545454545454,0.18181818181818182
5df146465e93f0040418ff5c146514065a6097fc7a3c028090e98642bdeb62ed,-1323419247,282479125#1,0.09090909090909091,0.09090909090909091,0.4090909090909091,0.4090909090909091,0.13636363636363635,0.8181818181818182,0.8181818181818182,0.18181818181818182,0.22727272727272727,0.18181818181818182,0.13636363636363635,0.22727272727272727,0.09090909090909091,0.2727272727272727,0.18181818181818182,0.36363636363636365,0.5909090909090909
9e9a46e4dfd9c1c22a23c91c46c490de0ab0347e93c0157bd9f941599548cb39,-1323419247,282479125#1,0.7272727272727273,0.6363636363636364,0.4090909090909091,0.4090909090909091,0.5454545454545454,1.0,0.18181818181818182,0.7272727272727273,0.22727272727272727,0.9090909090909091,0.6363636363636364,0.7272727272727273,0.2727272727272727,0.8181818181818182,0.36363636363636365,0.8181818181818182,0.5909090909090909
67256d5149fc5bb69d206fcfb695d646c4c769364d9865b681b74be6fa863776,-1323419247,282479125#1,0.9090909090909091,0.9090909090909091,0.4090909090909091,0.4090909090909091,0.8181818181818182,0.09090909090909091,0.2727272727272727,0.8181818181818182,0.5454545454545454,0.45454545454545453,0.45454545454545453,0.22727272727272727,0.9090909090909091,0.45454545454545453,0.6363636363636364,0.45454545454545453,0.09090909090909091
9ba81fa99f6c42ac3c9d4d7c90acfec736426ad9a46bde1d19d55fa7c2d8b1f3,-1323419247,282479125#1,0.45454545454545453,0.36363636363636365,0.4090909090909091,0.4090909090909091,0.13636363636363635,0.5454545454545454,1.0,0.0,0.22727272727272727,0.0,0.13636363636363635,0.22727272727272727,0.7272727272727273,0.36363636363636365,0.2727272727272727,0.09090909090909091,0.2727272727272727
a80691f73ed5e499d16d013c2b07d1ebc055a3fba76eae21697a1444cc903e0c,-1323419247,282479125#1,0.6363636363636364,0.8181818181818182,0.9090909090909091,0.9090909090909091,0.9090909090909091,0.18181818181818182,0.09090909090909091,0.9090909090909091,0.6363636363636364,1.0,1.0,0.5454545454545454,0.5454545454545454,0.9090909090909091,1.0,1.0,0.9545454545454546
0e3c1227b0a30fe7d7d612754d0e68427a42747fb8795dd3965b8097204dc0a9,101611600,100475365#1,0.0,0.0,0.625,0.625,0.4375,0.75,0.375,0.625,0.5,0.375,0.875,1.0,0.0,1.0,0.0,0.125,0.3125
1294f25071a8e994a6ee9ec2dd53820ef76901586b6e17893c6529284a500985,101611600,100475365#1,0.5,0.375,0.25,0.25,0.4375,0.5,0.625,0.375,0.5,1.0,0.5,0.0625,0.625,0.375,0.625,0.875,0.8125
77f73a63725728fcaa836f384ba2e7c4675aa105cb1593d2af0ce2acf87e88cb,101611600,100475365#1,0.125,0.125,0.75,0.75,0.4375,0.625,0.5,0.5,0.5,0.25,0.75,0.875,0.125,0.75,0.125,0.0,0.3125
4fb273b92de016df4286ec867621a609f613c8ff248904a7d3cdfa3fd925c780,101611600,100475365#1,0.375,0.5,1.0,1.0,0.4375,0.875,0.125,0.75,0.5,0.0,0.375,0.625,0.25,0.625,0.375,0.25,0.8125
79b9a6ca2ad98c228ab1a0f1a5cabb77ad4f25eb7c8ab112befac025d3f0e7a0,101611600,100475365#1,0.25,0.25,0.875,0.875,0.4375,1.0,0.0,0.875,0.5,0.125,0.625,0.75,0.5,0.875,0.25,0.5,0.8125
51ef611035987fda1874af1c518c4742d8ef1cd22fbb887fab7fd76dd1966bcd,101611600,100475365#1,0.875,0.875,0.125,0.125,0.4375,0.0,1.0,0.0,0.5,0.5,0.0,0.375,0.75,0.0,1.0,0.375,0.3125
f0abcb26cfd406b98772bd0ea063f1afe739c31cb97eaf9548d5c8a259490c3a,101611600,100475365#1,0.75,0.75,0.0,0.0,0.4375,0.125,0.875,0.125,0.5,0.625,0.125,0.5,0.875,0.125,0.875,0.625,0.3125
266d654c8efd19872b2822c157e46c85d687b200d857faea5a29f4ac6394f3fe,101611600,100475365#1,0.625,0.625,0.375,0.375,0.4375,0.375,0.75,0.25,0.5,0.75,0.25,0.0625,0.375,0.25,0.75,0.75,0.8125
875c61de83f597a7873783d8e31d31c56746d5572f05a274039f9ef46567f63f,101611600,100475365#1,1.0,1.0,0.5,0.5,1.0,0.25,0.25,1.0,0.5,0.875,1.0,0.25,1.0,0.5,0.5,1.0,0.0
d5ad71baea778906fb73d3d5328c750dfaea1d061339f25be1e1132c81ad1e01,-101746498#0,-101600741#2,1.0,1.0,0.09090909090909091,0.9090909090909091,0.36363636363636365,0.0,0.9090909090909091,0.09090909090909091,0.13636363636363635,0.0,0.0,0.09090909090909091,1.0,0.0,1.0,1.0,0.9545454545454546
e36045183fb8ee0b9411f4ba6e4424d8309fa388b937b02b264ade585145ba02,-101746498#0,-101600741#2,0.9090909090909091,0.9090909090909091,0.0,0.6363636363636364,0.45454545454545453,0.09090909090909091,0.09090909090909091,0.9090909090909091,0.13636363636363635,0.8181818181818182,0.9090909090909091,0.18181818181818182,0.5454545454545454,0.09090909090909091,0.9090909090909091,0.8181818181818182,0.7727272727272727
23d89189b647d97455ff00449302c61a390f7fe7dc3751e15a751a6f7c861a38,-101746498#0,-101600741#2,0.45454545454545453,0.2727272727272727,0.45454545454545453,0.2727272727272727,0.2727272727272727,0.6363636363636364,0.7272727272727273,0.2727272727272727,0.8181818181818182,0.45454545454545453,0.5454545454545454,0.7272727272727273,0.2727272727272727,0.18181818181818182,0.5454545454545454,0.2727272727272727,0.18181818181818182
8f0820122cf7e130d63b9df244f9d5b0d0d1d9b79985309d11949813e38d7aec,-101746498#0,-101600741#2,0.2727272727272727,0.45454545454545453,0.5454545454545454,0.36363636363636365,0.7272727272727273,0.45454545454545453,0.2727272727272727,0.7272727272727273,0.6363636363636364,1.0,1.0,0.5454545454545454,0.45454545454545453,0.6363636363636364,0.2727272727272727,0.09090909090909091,0.5
02879ba783202e77f0f7d1e34a40e819707866250746a09e5e2cb4a7eeec05a0,-101746498#0,-101600741#2,0.09090909090909091,0.18181818181818182,0.7272727272727273,0.5454545454545454,0.5454545454545454,0.7272727272727273,0.6363636363636364,0.45454545454545453,0.13636363636363635,0.5454545454545454,0.6363636363636364,0.8181818181818182,0.18181818181818182,0.9090909090909091,0.45454545454545453,0.36363636363636365,0.5
fd8ae8f63f7cbffd01cb9b268754b8975d825e7523cf928e3b904082be852300,-101746498#0,-101600741#2,0.8181818181818182,0.8181818181818182,0.6363636363636364,0.45454545454545453,0.6363636363636364,0.18181818181818182,0.5454545454545454,0.5454545454545454,0.13636363636363635,0.09090909090909091,0.09090909090909091,0.2727272727272727,0.9090909090909091,0.2727272727272727,0.7272727272727273,0.6363636363636364,0.045454545454545456
6a5e3e349c4f09a851dd10a239ebb39ca9391ecc47aee4efa79c21fe3a741ff9,-101746498#0,-101600741#2,0.0,0.0,0.8181818181818182,0.7272727272727273,1.0,1.0,0.0,1.0,1.0,0.7272727272727273,0.8181818181818182,1.0,0.0,1.0,0.0,0.5454545454545454,0.9545454545454546
8ed817e474652edc235141f5a12e4dcbd49064a4a5f9045aa65ddd3d12fe7f53,-101746498#0,-101600741#2,0.18181818181818182,0.09090909090909091,0.2727272727272727,0.09090909090909091,0.9090909090909091,0.8181818181818182,0.18181818181818182,0.8181818181818182,0.9090909090909091,0.6363636363636364,0.7272727272727273,0.9090909090909091,0.09090909090909091,0.8181818181818182,0.09090909090909091,0.0,0.36363636363636365
362a22d2ecc4dbc7103fb14decafdfdc3367221d1d171a81e4e751ed3c225fe9,-101746498#0,-101600741#2,0.6363636363636364,0.7272727272727273,1.0,1.0,0.0,0.2727272727272727,1.0,0.0,0.36363636363636365,0.9090909090909091,0.18181818181818182,0.0,0.8181818181818182,0.7272727272727273,0.8181818181818182,0.9090909090909091,0.7727272727272727
eeec733ec0b3031c05648f9dc9346c8b05a1db6b44eac3d3ccddad63739ff444,-101746498#0,-101600741#2,0.7272727272727273,0.6363636363636364,0.18181818181818182,0.0,0.8181818181818182,0.36363636363636365,0.36363636363636365,0.6363636363636364,0.45454545454545453,0.18181818181818182,0.2727272727272727,0.36363636363636365,0.7272727272727273,0.5454545454545454,0.36363636363636365,0.18181818181818182,0.045454545454545456
e301d49d014bb51149379e5b75c1aae31ad81c449e22feafdde6239b6df11429,-101746498#0,-101600741#2,0.5454545454545454,0.36363636363636365,0.36363636363636365,0.18181818181818182,0.18181818181818182,0.5454545454545454,0.8181818181818182,0.18181818181818182,0.7272727272727273,0.36363636363636365,0.45454545454545453,0.6363636363636364,0.36363636363636365,0.36363636363636365,0.6363636363636364,0.45454545454545453,0.2727272727272727
59ad26c04de34defaff4464dc7079a77f001ae16c809668a302bba766fe775f5,-101746498#0,-101600741#2,0.36363636363636365,0.5454545454545454,0.9090909090909091,0.8181818181818182,0.09090909090909091,0.9090909090909091,0.45454545454545453,0.36363636363636365,0.5454545454545454,0.2727272727272727,0.36363636363636365,0.45454545454545453,0.6363636363636364,0.45454545454545453,0.18181818181818182,0.7272727272727273,0.6363636363636364
4c62d07f7a0ec4d5b9d2eaaf7d11212cd85e79ddef14a70eb33fe6cb699af344,659281081#1,-352797377,0.5454545454545454,0.45454545454545453,0.6818181818181818,0.5909090909090909,0.18181818181818182,0.9090909090909091,0.7272727272727273,0.36363636363636365,0.18181818181818182,0.9090909090909091,0.8181818181818182,0.8181818181818182,0.45454545454545453,0.09090909090909091,0.7272727272727273,0.5454545454545454,0.18181818181818182
2c23252dc7eec5cad4d1621230b3a8a4d47ba6d379d56cb2f3b4761f210de210,659281081#1,-352797377,0.2727272727272727,0.7272727272727273,1.0,1.0,0.2727272727272727,0.2727272727272727,0.9090909090909091,0.0,0.5454545454545454,0.6363636363636364,0.6363636363636364,0.6363636363636364,0.7272727272727273,0.5454545454545454,0.5454545454545454,0.18181818181818182,0.5
b9bc15d0394dd34feaefd531d1fb615101551c819220a215da9aa74ae03bf71a,659281081#1,-352797377,0.6363636363636364,0.5454545454545454,0.36363636363636365,0.2727272727272727,0.36363636363636365,0.8181818181818182,0.5454545454545454,0.6363636363636364,0.18181818181818182,0.8181818181818182,0.7272727272727273,0.7272727272727273,0.5454545454545454,0.18181818181818182,0.8181818181818182,0.7272727272727273,0.2727272727272727
eeefc929705b224fba6371cb1126858251ba4c32fb736342ef330a7a5cb10d54,659281081#1,-352797377,0.0,0.0,0.5454545454545454,0.45454545454545453,0.8181818181818182,0.2727272727272727,0.2727272727272727,0.7272727272727273,1.0,0.2727272727272727,0.36363636363636365,0.18181818181818182,0.0,0.8181818181818182,0.0,0.09090909090909091,0.5
f5ee53d678f057826a5ba1bc8b6c013c6c941f5cdcdd03b9bfc876895d0ea7ce,659281081#1,-352797377,0.7272727272727273,0.6363636363636364,0.2727272727272727,0.18181818181818182,1.0,0.2727272727272727,0.18181818181818182,0.8181818181818182,0.6363636363636364,0.09090909090909091,0.09090909090909091,0.18181818181818182,0.6363636363636364,0.36363636363636365,0.2727272727272727,0.6363636363636364,0.045454545454545456
3751879e7945f56028e13ea6083200369279626f08b05719acf6ad022564a17e,659281081#1,-352797377,0.18181818181818182,0.2727272727272727,0.8636363636363636,0.8636363636363636,0.45454545454545453,0.2727272727272727,0.8181818181818182,0.09090909090909091,0.8181818181818182,0.7272727272727273,1.0,1.0,0.2727272727272727,0.7272727272727273,0.4090909090909091,0.2727272727272727,0.36363636363636365
9227af6902af1e0532a3725033e96bb56c2d8269dea600b8e43f09f5eef563ed,659281081#1,-352797377,0.09090909090909091,0.09090909090909091,0.6818181818181818,0.5909090909090909,0.7272727272727273,0.2727272727272727,0.36363636363636365,0.5454545454545454,0.9090909090909091,0.18181818181818182,0.2727272727272727,0.18181818181818182,0.09090909090909091,0.45454545454545453,0.09090909090909091,0.0,0.7272727272727273
491be0557f2573127e1f24a28abb53be7f229d2f458ea2c714121ab030c92e7a,659281081#1,-352797377,0.9090909090909091,0.18181818181818182,0.0,0.7272727272727273,0.09090909090909091,0.2727272727272727,0.0,1.0,0.18181818181818182,0.36363636363636365,0.18181818181818182,0.18181818181818182,0.18181818181818182,1.0,0.6363636363636364,1.0,0.9545454545454546
589cb492e67b0724cf82704492509d9e3e3627cfe2ef17524a8dba58abbf0e9a,659281081#1,-352797377,0.8181818181818182,0.9090909090909091,0.45454545454545453,0.36363636363636365,0.5454545454545454,0.7272727272727273,0.6363636363636364,0.45454545454545453,0.18181818181818182,0.5454545454545454,0.5454545454545454,0.5454545454545454,0.9090909090909091,0.9090909090909091,0.9090909090909091,0.8181818181818182,0.6363636363636364
b22c751dc86e5ecb6f245456b577dc1078aff15126a435988d8d03a1f84aa7b0,659281081#1,-352797377,0.45454545454545453,0.36363636363636365,0.09090909090909091,0.0,0.9090909090909091,1.0,0.09090909090909091,0.9090909090909091,0.7272727272727273,1.0,0.9090909090909091,0.9090909090909091,0.36363636363636365,0.6363636363636364,0.4090909090909091,0.36363636363636365,0.045454545454545456
0bb008fdbc8f111064ebae0cc641707d5788e7e66c9bfa3efe6ffa724fa8cd54,659281081#1,-352797377,1.0,1.0,0.18181818181818182,0.09090909090909091,0.0,0.6363636363636364,1.0,0.18181818181818182,0.18181818181818182,0.45454545454545453,0.45454545454545453,0.45454545454545453,1.0,0.0,1.0,0.9090909090909091,0.9545454545454546
a478680ec384b64da70c80b7372f37fc7f111b151a7621274f290d7530083b53,659281081#1,-352797377,0.36363636363636365,0.8181818181818182,0.8636363636363636,0.8636363636363636,0.6363636363636364,0.2727272727272727,0.45454545454545453,0.2727272727272727,0.45454545454545453,0.0,0.0,0.18181818181818182,0.8181818181818182,0.2727272727272727,0.18181818181818182,0.45454545454545453,0.8181818181818182
9914e6f3dc4aa96a63c31f5a338e6ce1bda36b8f3c599a9ebc2c9796c75fd180,-101608960,-101752975#2,0.09090909090909091,0.18181818181818182,0.9090909090909091,0.5454545454545454,1.0,0.9090909090909091,0.0,0.45454545454545453,0.8181818181818182,0.18181818181818182,0.2727272727272727,0.6363636363636364,0.18181818181818182,0.45454545454545453,0.18181818181818182,0.18181818181818182,0.36363636363636365
f86b793911d22bc97073b433174d369d674dcf92324a0c5c2b7f0071243b261a,-101608960,-101752975#2,0.6363636363636364,0.5454545454545454,0.36363636363636365,0.2727272727272727,0.5454545454545454,0.5454545454545454,0.45454545454545453,0.7272727272727273,0.45454545454545453,0.5454545454545454,1.0,1.0,0.45454545454545453,0.2727272727272727,0.36363636363636365,0.45454545454545453,0.9545454545454546
e0bfe5fd6612ee7f7df766d37345aa458621739cc494b89d03be73cad6f72458,-101608960,-101752975#2,1.0,1.0,0.18181818181818182,0.09090909090909091,0.0,0.09090909090909091,1.0,0.0,0.0,0.36363636363636365,0.0,0.0,1.0,0.18181818181818182,1.0,1.0,0.9545454545454546
a7723bbb943662f26fefdc15fdf1521cbadc0b9d1ce8b78f7fb4f27c8284c480,-101608960,-101752975#2,0.18181818181818182,0.2727272727272727,0.8181818181818182,0.9090909090909091,0.9090909090909091,0.8181818181818182,0.09090909090909091,0.5454545454545454,0.7272727272727273,0.09090909090909091,0.18181818181818182,0.5454545454545454,0.2727272727272727,0.5454545454545454,0.2727272727272727,0.09090909090909091,0.2727272727272727
95b9f70287ef3a3dc21886b3feb1ad44eac903a7822d5c99cb3b33cd7342aea0,-101608960,-101752975#2,0.0,0.09090909090909091,1.0,0.36363636363636365,0.8181818181818182,1.0,0.18181818181818182,0.9090909090909091,0.9090909090909091,0.2727272727272727,0.5454545454545454,0.7272727272727273,0.09090909090909091,0.36363636363636365,0.0,0.0,0.5454545454545454
eda809d570f1ec2484dcaf3c54cc1871977a94f869c2c1cf47b9ea162255fe17,-101608960,-101752975#2,0.45454545454545453,0.45454545454545453,0.2727272727272727,0.18181818181818182,0.6363636363636364,0.36363636363636365,0.6363636363636364,0.36363636363636365,0.5454545454545454,0.45454545454545453,0.36363636363636365,0.36363636363636365,0.7272727272727273,0.8181818181818182,0.6363636363636364,0.5454545454545454,0.0
1d3d35eaca9da4ea1b628688e7760633e4e5062fdf1bfd4c1ac40a7c6f9c5fdc,-101608960,-101752975#2,0.8181818181818182,0.9090909090909091,0.09090909090909091,0.0,0.36363636363636365,0.0,0.8181818181818182,0.18181818181818182,0.09090909090909091,0.6363636363636364,0.09090909090909091,0.09090909090909091,0.9090909090909091,0.0,0.9090909090909091,0.9090909090909091,0.18181818181818182
4d2fddec2621735098de15ad032eacd6959fa6b4c405291de985491054777618,-101608960,-101752975#2,0.2727272727272727,0.0,0.45454545454545453,0.8181818181818182,0.45454545454545453,0.45454545454545453,0.5454545454545454,0.6363636363636364,1.0,0.7272727272727273,0.6363636363636364,0.8181818181818182,0.0,0.9090909090909091,0.45454545454545453,0.36363636363636365,0.45454545454545453
dcc3a2347c5be9c514681eabeb38a4449a950c3b8b5d6b9e2142632c247acba5,-101608960,-101752975#2,0.36363636363636365,0.36363636363636365,0.6363636363636364,0.7272727272727273,0.7272727272727273,0.7272727272727273,0.36363636363636365,0.8181818181818182,0.6363636363636364,0.0,0.45454545454545453,0.45454545454545453,0.36363636363636365,0.6363636363636364,0.09090909090909091,0.2727272727272727,0.09090909090909091
923c2d785804fc588edbd06a1b81fbef7dcccc4995fea2a751da74c511fc3420,-101608960,-101752975#2,0.5454545454545454,0.6363636363636364,0.5454545454545454,0.45454545454545453,0.18181818181818182,0.18181818181818182,0.9090909090909091,0.09090909090909091,0.36363636363636365,0.9090909090909091,0.9090909090909091,0.2727272727272727,0.5454545454545454,0.7272727272727273,0.8181818181818182,0.7272727272727273,0.6363636363636364
18d504af615a9aff9e5e7a114808d6ae2ccb3060a9aabae8428c7aaa464b6c1f,-101608960,-101752975#2,0.9090909090909091,0.7272727272727273,0.0,1.0,0.09090909090909091,0.6363636363636364,0.2727272727272727,1.0,0.2727272727272727,1.0,0.8181818181818182,0.9090909090909091,0.6363636363636364,1.0,0.5454545454545454,0.6363636363636364,0.8181818181818182
65cadcd0a165d0df81bb5f351eb95a4ad3582b30a3cfc713875a23850090588e,-101608960,-101752975#2,0.7272727272727273,0.8181818181818182,0.7272727272727273,0.6363636363636364,0.2727272727272727,0.2727272727272727,0.7272727272727273,0.2727272727272727,0.18181818181818182,0.8181818181818182,0.7272727272727273,0.18181818181818182,0.8181818181818182,0.09090909090909091,0.7272727272727273,0.8181818181818182,0.7272727272727273
d2b2dece09544bd759292e466a1c4f979e0457dd090316802ea6fa9306eabeb3,100475365#1,71324347#5,0.0,0.0,0.2727272727272727,0.45454545454545453,0.36363636363636365,0.18181818181818182,0.5454545454545454,0.18181818181818182,0.45454545454545453,0.36363636363636365,0.36363636363636365,0.22727272727272727,0.0,1.0,0.0,0.09090909090909091,0.13636363636363635
b52e7a36028cf4f0308d845ef2d42bb510a86f3012821384751d359e817d7cc5,100475365#1,71324347#5,0.09090909090909091,0.18181818181818182,0.5454545454545454,0.7272727272727273,0.18181818181818182,0.18181818181818182,0.7272727272727273,0.09090909090909091,0.45454545454545453,0.2727272727272727,0.18181818181818182,0.22727272727272727,0.18181818181818182,0.7272727272727273,0.09090909090909091,0.0,0.13636363636363635
08502b80302ef927dde7d6bbad63b030c9d8e79ae2e6d2295ff28f8d85cd812a,100475365#1,71324347#5,0.5454545454545454,0.45454545454545453,0.45454545454545453,0.36363636363636365,0.45454545454545453,0.18181818181818182,0.6363636363636364,0.36363636363636365,0.45454545454545453,0.7272727272727273,0.7272727272727273,0.7272727272727273,0.45454545454545453,0.6363636363636364,0.2727272727272727,0.18181818181818182,0.4090909090909091
d0e88bab672243ff019ce7e19a930b0de95df981b75f71252d3d2f35edd5ed66,100475365#1,71324347#5,0.6363636363636364,0.6363636363636364,1.0,0.6363636363636364,0.0,0.45454545454545453,1.0,0.0,0.45454545454545453,0.45454545454545453,0.5454545454545454,0.5454545454545454,0.6363636363636364,0.2727272727272727,0.9545454545454546,0.9545454545454546,0.9090909090909091
cbf02c484619ff51888bb0283d22ce87a42e5d9fd937b544bfc27e226ae500b3,100475365#1,71324347#5,0.18181818181818182,0.09090909090909091,0.7272727272727273,1.0,1.0,0.7272727272727273,0.0,0.7272727272727273,1.0,1.0,1.0,1.0,0.09090909090909091,0.9090909090909091,0.7272727272727273,0.7272727272727273,0.0
61917675502fa29598a8e87b974ef4b033694babb1cde939fcaca4a6e6f51ce1,100475365#1,71324347#5,0.7272727272727273,0.7272727272727273,0.36363636363636365,0.2727272727272727,0.9090909090909091,0.18181818181818182,0.36363636363636365,0.6363636363636364,0.45454545454545453,0.18181818181818182,0.45454545454545453,0.22727272727272727,0.7272727272727273,0.36363636363636365,0.36363636363636365,0.36363636363636365,0.6363636363636364
da71c248146d97fa4fb41f48182dcfbfe0d2d198ebc2563f8a8c86d2e3f462aa,100475365#1,71324347#5,0.9090909090909091,0.9090909090909091,0.13636363636363635,0.09090909090909091,0.7272727272727273,0.9090909090909091,0.2727272727272727,0.8181818181818182,0.45454545454545453,0.0,0.0,0.22727272727272727,0.9090909090909091,0.0,0.5454545454545454,0.5454545454545454,0.4090909090909091
dcae6f38e63d9d24d2cd66d06420c8b14fb0826a7209f2cd0e8bd61748f5635e,100475365#1,71324347#5,0.8181818181818182,0.8181818181818182,0.0,0.0,0.8181818181818182,1.0,0.09090909090909091,1.0,0.45454545454545453,0.09090909090909091,0.09090909090909091,0.22727272727272727,0.8181818181818182,0.18181818181818182,0.45454545454545453,0.45454545454545453,0.4090909090909091
7ffbcacb011c24aaf1d49a8a437e492132272e4cf1ccd407ad063fd83867b491,100475365#1,71324347#5,0.2727272727272727,0.36363636363636365,0.9090909090909091,0.8181818181818182,0.09090909090909091,0.6363636363636364,0.9090909090909091,0.2727272727272727,0.45454545454545453,0.8181818181818182,0.8181818181818182,0.8181818181818182,0.36363636363636365,0.45454545454545453,0.8181818181818182,0.8181818181818182,0.7272727272727273
8a4ab54819f0d9641a80e7e94c46b544a234d128c68f1b34173486aac1bda103,100475365#1,71324347#5,0.45454545454545453,0.2727272727272727,0.13636363636363635,0.18181818181818182,0.5454545454545454,0.18181818181818182,0.45454545454545453,0.5454545454545454,0.45454545454545453,0.9090909090909091,0.9090909090909091,0.9090909090909091,0.2727272727272727,0.8181818181818182,0.18181818181818182,0.2727272727272727,0.4090909090909091
80e0f61db6c41a7e2b0eac347ea085c711d5d3096ebd3943462097f91c611bc9,100475365#1,71324347#5,1.0,1.0,0.6363636363636364,0.9090909090909091,0.6363636363636364,0.8181818181818182,0.18181818181818182,0.9090909090909091,0.45454545454545453,0.5454545454545454,0.2727272727272727,0.22727272727272727,1.0,0.09090909090909091,0.6363636363636364,0.6363636363636364,0.9090909090909091
33ffa5c637a00c16dbedcfb4adfec9fbf2ae757e2d8a35b76213e241539afbf8,100475365#1,71324347#5,0.36363636363636365,0.5454545454545454,0.8181818181818182,0.5454545454545454,0.2727272727272727,0.5454545454545454,0.8181818181818182,0.45454545454545453,0.45454545454545453,0.6363636363636364,0.6363636363636364,0.6363636363636364,0.5454545454545454,0.5454545454545454,0.9545454545454546,0.9545454545454546,0.9090909090909091
22e58fd467624100cebe2194b5ecf384328b235d36c9ad5cc11630a567a13da1,-100468681#2,659281081#1,1.0,1.0,0.5454545454545454,0.2727272727272727,0.09090909090909091,0.0,1.0,0.18181818181818182,0.045454545454545456,0.36363636363636365,0.18181818181818182,0.3181818181818182,1.0,0.09090909090909091,1.0,1.0,0.9090909090909091
d57300dc4ebb0a2f8ddaf05bdce031db0009a213a384589580d5cc9c05e5685d,-100468681#2,659281081#1,0.0,0.0,0.8181818181818182,0.45454545454545453,1.0,0.9090909090909091,0.045454545454545456,0.0,1.0,0.09090909090909091,0.045454545454545456,0.3181818181818182,0.0,0.6363636363636364,0.0,0.09090909090909091,0.6363636363636364
1cfe423af6456a7c6408beaaaeb798d21890a14960cf6d350d200ab3fc08fa32,-100468681#2,659281081#1,0.2727272727272727,0.2727272727272727,0.45454545454545453,0.18181818181818182,0.5454545454545454,0.36363636363636365,0.5454545454545454,0.5454545454545454,0.7272727272727273,0.45454545454545453,0.45454545454545453,0.3181818181818182,0.2727272727272727,0.45454545454545453,0.45454545454545453,0.36363636363636365,0.045454545454545456
2d4e9e89e2363ed9931872f27bea9aae37486e0467571d246039625b1b8c60be,-100468681#2,659281081#1,0.45454545454545453,0.6363636363636364,0.9090909090909091,0.5454545454545454,0.7272727272727273,0.7272727272727273,0.36363636363636365,0.2727272727272727,0.36363636363636365,0.18181818181818182,0.2727272727272727,0.3181818181818182,0.6363636363636364,0.2727272727272727,0.2727272727272727,0.18181818181818182,0.2727272727272727
733147dd7f551a2ccafd3f5c647d3c158bb211be75534a882f4851429dd6731f,-100468681#2,659281081#1,0.6363636363636364,0.36363636363636365,0.09090909090909091,0.8181818181818182,0.36363636363636365,0.6363636363636364,0.2727272727272727,0.8181818181818182,0.6363636363636364,0.9090909090909091,0.9090909090909091,1.0,0.36363636363636365,0.9090909090909091,0.6363636363636364,0.7272727272727273,0.9090909090909091
734d3d94b0a973c2ca726870c179faa14852ba683b0f25cfeee9f4dee90388f9,-100468681#2,659281081#1,0.5454545454545454,0.8181818181818182,0.2727272727272727,0.0,0.45454545454545453,0.09090909090909091,0.8181818181818182,0.6363636363636364,0.18181818181818182,0.7272727272727273,0.7272727272727273,0.3181818181818182,0.8181818181818182,0.0,0.5454545454545454,0.5454545454545454,0.045454545454545456
b30fb93d086d12ec03c3c0142334f9d587547c4032a6147dd60b88b07c2712a6,-100468681#2,659281081#1,0.8181818181818182,0.5454545454545454,0.18181818181818182,1.0,0.2727272727272727,0.8181818181818182,0.18181818181818182,0.7272727272727273,0.45454545454545453,0.8181818181818182,0.8181818181818182,0.9090909090909091,0.5454545454545454,1.0,0.7272727272727273,0.6363636363636364,0.7272727272727273
780f7dd6acb2c0cbab7f18f03a8812fe8d49bccbf2fefe803b3924138598ce46,-100468681#2,659281081#1,0.09090909090909091,0.09090909090909091,1.0,0.6363636363636364,0.9090909090909091,1.0,0.045454545454545456,0.09090909090909091,0.9090909090909091,0.0,0.045454545454545456,0.3181818181818182,0.09090909090909091,0.7272727272727273,0.09090909090909091,0.0,0.5
82f642b3fff89510644373eb62e7242d57d1fa991f54b5ceae678f7d89916b26,-100468681#2,659281081#1,0.7272727272727273,0.9090909090909091,0.6363636363636364,0.9090909090909091,0.0,0.45454545454545453,0.9090909090909091,0.9090909090909091,0.045454545454545456,0.6363636363636364,0.6363636363636364,0.7272727272727273,0.9090909090909091,0.5454545454545454,0.8636363636363636,0.9090909090909091,0.9090909090909091
d15bff8b34303af28fb2b2acc55d0be762ebd7c32109fd1e096d0e22c983fb49,-100468681#2,659281081#1,0.9090909090909091,0.7272727272727273,0.0,0.7272727272727273,0.18181818181818182,0.18181818181818182,0.7272727272727273,1.0,0.2727272727272727,1.0,1.0,0.8181818181818182,0.7272727272727273,0.8181818181818182,0.8636363636363636,0.8181818181818182,0.36363636363636365
c4e0ed882184839222bc6f76087f02b08f9d77363908104c463490262371f3b7,-100468681#2,659281081#1,0.36363636363636365,0.45454545454545453,0.7272727272727273,0.36363636363636365,0.8181818181818182,0.5454545454545454,0.45454545454545453,0.36363636363636365,0.5454545454545454,0.2727272727272727,0.36363636363636365,0.3181818181818182,0.45454545454545453,0.18181818181818182,0.18181818181818182,0.2727272727272727,0.5
5a511443ca2ddbbcdf532a3070e53726452fa4016ac0d43093028bfdc5c12355,-100468681#2,659281081#1,0.18181818181818182,0.18181818181818182,0.36363636363636365,0.09090909090909091,0.6363636363636364,0.2727272727272727,0.6363636363636364,0.45454545454545453,0.8181818181818182,0.5454545454545454,0.5454545454545454,0.3181818181818182,0.18181818181818182,0.36363636363636365,0.36363636363636365,0.45454545454545453,0.18181818181818182
946cd98011aaaf1a99c4ace4f34d81f29d2844a656e78d8c75153fe95de284e2,-100488715#4,-619184994,0.0,0.0,0.5454545454545454,0.6363636363636364,0.22727272727272727,0.5,0.7727272727272727,0.22727272727272727,0.22727272727272727,0.22727272727272727,0.22727272727272727,0.22727272727272727,0.09090909090909091,0.2727272727272727,0.0,0.45454545454545453,0.2727272727272727
fd21eb8652e19c945ed8c2afe365bb3b0547cc6d62e7ac8b4e73144d3357fac8,-100488715#4,-619184994,0.09090909090909091,0.09090909090909091,0.45454545454545453,0.45454545454545453,0.22727272727272727,0.5,0.7727272727272727,0.22727272727272727,0.22727272727272727,0.22727272727272727,0.22727272727272727,0.22727272727272727,0.0,0.45454545454545453,0.09090909090909091,0.2727272727272727,0.0
0488c4c4ce9ce73f59391c6738b86a82fd137763e383cc645ca775c1a61a0bc9,-100488715#4,-619184994,0.7272727272727273,0.7272727272727273,0.22727272727272727,0.22727272727272727,0.9090909090909091,0.5,0.09090909090909091,0.9090909090909091,0.8181818181818182,0.7272727272727273,0.6363636363636364,0.8181818181818182,0.8181818181818182,0.7272727272727273,0.4090909090909091,0.36363636363636365,0.5454545454545454
1c7eb483950df9629bdc985a9da79946812a433c9badddd237de9be9749bfa6d,-100488715#4,-619184994,0.2727272727272727,0.2727272727272727,0.7272727272727273,0.8636363636363636,0.22727272727272727,0.5,0.7727272727272727,0.22727272727272727,0.22727272727272727,0.22727272727272727,0.22727272727272727,0.22727272727272727,0.2727272727272727,0.6363636363636364,0.7727272727272727,0.5909090909090909,0.6818181818181818
84c5ed5a37c4f63d7d66a9cc738c3eca62d6c10b555011915a728d76f0604bab,-100488715#4,-619184994,0.5454545454545454,0.5454545454545454,0.36363636363636365,0.36363636363636365,0.6363636363636364,0.5,0.36363636363636365,0.6363636363636364,1.0,0.9090909090909091,0.8181818181818182,1.0,0.6363636363636364,0.5454545454545454,0.18181818181818182,0.09090909090909091,0.45454545454545453
b3f3f9fe0cf0f248afb8d63914733e73b3e052b0610669b22ac30a6cc22650b8,-100488715#4,-619184994,0.8181818181818182,0.8181818181818182,0.09090909090909091,0.09090909090909091,0.8181818181818182,0.5,0.18181818181818182,0.8181818181818182,0.7272727272727273,0.6363636363636364,0.5454545454545454,0.7272727272727273,0.7272727272727273,1.0,0.5454545454545454,0.18181818181818182,0.18181818181818182
de52130eb7c5d00cbfcd99a8f5b4481d722d899ee85022c6ed68e6cb0d4e52cb,-100488715#4,-619184994,0.18181818181818182,0.18181818181818182,0.8181818181818182,1.0,0.22727272727272727,0.5,0.7727272727272727,0.22727272727272727,0.22727272727272727,0.22727272727272727,0.22727272727272727,0.22727272727272727,0.18181818181818182,0.36363636363636365,0.9545454545454546,0.8636363636363636,0.9090909090909091
8efe603a068b9d1fedba1fe39a570b4fdba5cba5d6ffd721d09e0b9805a14ef9,-100488715#4,-619184994,0.36363636363636365,0.36363636363636365,1.0,0.7272727272727273,0.22727272727272727,0.5,0.7727272727272727,0.22727272727272727,0.22727272727272727,0.22727272727272727,0.22727272727272727,0.22727272727272727,0.36363636363636365,0.0,0.9545454545454546,0.8636363636363636,0.9090909090909091
534c180d4209a3d34e8328eaa81cc350a42c4ec27deefc010b3c75e04eb64399,-100488715#4,-619184994,0.45454545454545453,0.45454545454545453,0.9090909090909091,0.8636363636363636,0.22727272727272727,0.5,0.7727272727272727,0.22727272727272727,0.22727272727272727,0.22727272727272727,0.22727272727272727,0.22727272727272727,0.45454545454545453,0.18181818181818182,0.7727272727272727,0.5909090909090909,0.6818181818181818
c707fb10124984e0f584e675e2cd699ac5d95af26d91492d4d5758eb8dd24663,-100488715#4,-619184994,0.6363636363636364,0.6363636363636364,0.22727272727272727,0.22727272727272727,0.5454545454545454,0.5,0.45454545454545453,0.5454545454545454,0.9090909090909091,0.8181818181818182,0.7272727272727273,0.9090909090909091,0.5454545454545454,0.8181818181818182,0.2727272727272727,0.0,0.09090909090909091
52a75246e39639b4f9b108bf472e195bb071e8a5d825bf284b34e7007eefe045,-100488715#4,-619184994,0.9090909090909091,0.9090909090909091,0.6363636363636364,0.5454545454545454,0.7272727272727273,0.5,0.2727272727272727,0.7272727272727273,0.6363636363636364,1.0,1.0,0.6363636363636364,0.9090909090909091,0.9090909090909091,0.4090909090909091,1.0,0.9090909090909091
13b002e0c80f844e16cb02739b6cad59f30e6367b8aa36d418484174bf6b4e75,-100488715#4,-619184994,1.0,1.0,0.0,0.0,1.0,0.5,0.0,1.0,0.5454545454545454,0.5454545454545454,0.9090909090909091,0.5454545454545454,1.0,0.09090909090909091,0.6363636363636364,0.7272727272727273,0.36363636363636365
557f7366a95fc9cb4c527cf1def6b6faa485e81d62798982feb9f7550f11da16,-100488715#6,-372606529#4,0.0,0.09090909090909091,1.0,1.0,0.18181818181818182,0.2727272727272727,0.8181818181818182,0.18181818181818182,0.4090909090909091,0.18181818181818182,0.18181818181818182,0.18181818181818182,0.0,0.5454545454545454,0.0,0.2727272727272727,0.5454545454545454
8b79b1820ddcf03b3f530f3d94d4c8f78e8a8b497f879d943f83ce78ac1338ef,-100488715#6,-372606529#4,0.09090909090909091,0.0,0.5454545454545454,0.6363636363636364,0.18181818181818182,0.2727272727272727,0.8181818181818182,0.18181818181818182,0.4090909090909091,0.18181818181818182,0.18181818181818182,0.18181818181818182,0.2727272727272727,0.8181818181818182,0.18181818181818182,0.45454545454545453,0.9545454545454546
0bbc05dd467d57542d0cdc292afdc78d18fd7c58027ba3d37cde1d021e695594,-100488715#6,-372606529#4,0.7272727272727273,0.6363636363636364,0.0,0.0,0.9090909090909091,0.2727272727272727,0.36363636363636365,0.45454545454545453,1.0,0.5454545454545454,0.6363636363636364,0.6363636363636364,0.8181818181818182,1.0,0.9090909090909091,0.9090909090909091,0.7272727272727273
0228a5010c2cd831669f7f8d554e25546b3d056134287eacccf333f29d2d4682,-100488715#6,-372606529#4,0.18181818181818182,0.18181818181818182,0.6363636363636364,0.5454545454545454,0.5454545454545454,1.0,0.45454545454545453,0.7272727272727273,0.4090909090909091,1.0,1.0,1.0,0.09090909090909091,0.9090909090909091,0.2727272727272727,0.18181818181818182,0.0
1a35a7f595aa70af218f0f2771ea375fc0dd40c539457394ff15815770a0fa4f,-100488715#6,-372606529#4,0.6363636363636364,0.7272727272727273,0.7272727272727273,0.7272727272727273,0.6363636363636364,0.6363636363636364,0.2727272727272727,0.8181818181818182,0.4090909090909091,0.6363636363636364,0.5454545454545454,0.5454545454545454,0.9090909090909091,0.09090909090909091,0.5454545454545454,0.36363636363636365,0.2727272727272727
d653471c04ee76921585e534b256f99f84f73ee7e73aae5917f49032fcf918fb,-100488715#6,-372606529#4,0.36363636363636365,0.45454545454545453,0.8181818181818182,0.8181818181818182,0.7272727272727273,0.8181818181818182,0.09090909090909091,0.9090909090909091,0.4090909090909091,0.8181818181818182,0.8181818181818182,0.8181818181818182,0.18181818181818182,0.45454545454545453,0.45454545454545453,0.5454545454545454,0.7272727272727273
2469352ee186139bd5d41751f38ee72f53df019f909b9cc236e93c232b9c9c20,-100488715#6,-372606529#4,0.45454545454545453,0.5454545454545454,0.45454545454545453,0.45454545454545453,0.45454545454545453,0.7272727272727273,0.5454545454545454,0.6363636363636364,0.4090909090909091,0.7272727272727273,0.7272727272727273,0.7272727272727273,0.7272727272727273,0.7272727272727273,0.36363636363636365,0.0,0.09090909090909091
01527f351c38feb9bd5aba9359ccb2b3ccd20a123b694eb34fdd3ad8934417e0,-100488715#6,-372606529#4,0.9090909090909091,0.9090909090909091,0.2727272727272727,0.2727272727272727,0.18181818181818182,0.2727272727272727,0.8181818181818182,0.18181818181818182,0.4090909090909091,0.18181818181818182,0.18181818181818182,0.18181818181818182,0.6363636363636364,0.0,0.7727272727272727,0.8181818181818182,0.4090909090909091
373847974616e3828b1fc12f4b51970008be25dac4243cdf6d86f8f94feea0bd,-100488715#6,-372606529#4,0.5454545454545454,0.36363636363636365,0.36363636363636365,0.36363636363636365,0.8181818181818182,0.9090909090909091,0.0,1.0,0.4090909090909091,0.9090909090909091,0.9090909090909091,0.9090909090909091,0.5454545454545454,0.6363636363636364,0.6363636363636364,0.6363636363636364,0.4090909090909091
c9330cf8e4c810445aa80af78277fbe07c52d9385c1d3a5be24d7e4c4e920795,-100488715#6,-372606529#4,1.0,1.0,0.18181818181818182,0.18181818181818182,1.0,0.2727272727272727,0.18181818181818182,0.5454545454545454,0.9090909090909091,0.45454545454545453,0.45454545454545453,0.45454545454545453,1.0,0.2727272727272727,1.0,1.0,0.9545454545454546
59d33d801a9dd649c327f788292c4ef113c4d70ce9c869ffa68f4b9050246a78,-100488715#6,-372606529#4,0.2727272727272727,0.2727272727272727,0.9090909090909091,0.9090909090909091,0.18181818181818182,0.2727272727272727,0.8181818181818182,0.18181818181818182,0.4090909090909091,0.18181818181818182,0.18181818181818182,0.18181818181818182,0.45454545454545453,0.36363636363636365,0.09090909090909091,0.09090909090909091,0.7272727272727273
860031620416b217c037472efddbf6ca87ea690b304fa35ccb8dab6c2fa109a8,-100488715#6,-372606529#4,0.8181818181818182,0.8181818181818182,0.09090909090909091,0.09090909090909091,0.18181818181818182,0.2727272727272727,0.8181818181818182,0.18181818181818182,0.4090909090909091,0.18181818181818182,0.18181818181818182,0.18181818181818182,0.36363636363636365,0.18181818181818182,0.7727272727272727,0.7272727272727273,0.18181818181818182
3849538268aedc77ff276bf4d001dfb6e2ff6416f0cbaa88d98af7a9e002339e,-659278038#0,100475365#1,0.0,0.0,1.0,1.0,0.5,0.5,0.5,0.5,0.5,0.5,0.5,0.5,0.0,0.0,0.0,0.5,0.5
6603a395ab2c3d3b6603efbffbd647e35e7d650c5f8c6c8d29feb0f5b8b7daa8,-659278038#0,100475365#1,1.0,1.0,0.0,0.0,0.5,0.5,0.5,0.5,0.5,0.5,0.5,0.5,1.0,1.0,1.0,0.5,0.5
ab2bc54c1b475fa8591baf27bd871735b814b2c654e3f2887adbdf1324fa848b,-100488715#3,-101609498#0,0.45454545454545453,0.45454545454545453,0.2727272727272727,0.2727272727272727,0.3181818181818182,0.4090909090909091,0.8181818181818182,0.18181818181818182,0.3181818181818182,0.18181818181818182,0.18181818181818182,0.36363636363636365,0.7272727272727273,0.18181818181818182,0.36363636363636365,0.18181818181818182,0.7272727272727273
80f3b46ed3f76a1f93a3f35f4679affc61ac3c68cf7cb8765fcbd1b018b2bc26,-100488715#3,-101609498#0,0.0,0.0,0.5,0.45454545454545453,0.3181818181818182,0.4090909090909091,0.8181818181818182,0.18181818181818182,0.3181818181818182,0.18181818181818182,0.18181818181818182,0.36363636363636365,0.0,0.6363636363636364,0.0,0.0,0.2727272727272727
bcb2888d6db6460c65c4a7db4f64700475350f9f443561b18b4b4422c89ac701,-100488715#3,-101609498#0,0.2727272727272727,0.18181818181818182,0.5,0.45454545454545453,0.3181818181818182,0.4090909090909091,0.8181818181818182,0.18181818181818182,0.3181818181818182,0.18181818181818182,0.18181818181818182,0.36363636363636365,0.2727272727272727,0.2727272727272727,0.22727272727272727,0.5454545454545454,0.45454545454545453
fd13b1d07a520040bd75d49df411dc194ac670f631e6708cb7fa038d4d9177ba,-100488715#3,-101609498#0,0.18181818181818182,0.2727272727272727,0.7272727272727273,0.7272727272727273,0.3181818181818182,0.4090909090909091,0.8181818181818182,0.18181818181818182,0.3181818181818182,0.18181818181818182,0.18181818181818182,0.36363636363636365,0.18181818181818182,0.8181818181818182,0.09090909090909091,0.2727272727272727,0.5454545454545454
50f8911037b03175dec62cadfcd10c439b63d052503882d3e0e6f9ea6daf7056,-100488715#3,-101609498#0,0.09090909090909091,0.09090909090909091,0.36363636363636365,0.45454545454545453,0.3181818181818182,0.4090909090909091,0.8181818181818182,0.18181818181818182,0.3181818181818182,0.18181818181818182,0.18181818181818182,0.36363636363636365,0.09090909090909091,0.36363636363636365,0.22727272727272727,0.09090909090909091,0.8181818181818182
d24554338997e87a6d6a29c70dd1f640fe1d3ea1084a6988e66a86be0a245755,-100488715#3,-101609498#0,0.7272727272727273,0.5454545454545454,0.18181818181818182,0.18181818181818182,0.7272727272727273,0.4090909090909091,0.45454545454545453,0.5454545454545454,0.9090909090909091,0.7272727272727273,0.7272727272727273,0.9090909090909091,0.6363636363636364,0.7272727272727273,0.6363636363636364,0.6363636363636364,0.6363636363636364
cf4877fd17e2d71640aa2475103165c3c8fd2e3acbbf8705680f7234ec2c9df5,-100488715#3,-101609498#0,0.5454545454545454,0.7272727272727273,0.6363636363636364,0.6363636363636364,1.0,0.4090909090909091,0.0,1.0,0.8181818181818182,1.0,1.0,0.8181818181818182,0.5454545454545454,1.0,0.7272727272727273,0.7272727272727273,0.9545454545454546
bee83a6fb5b782980fe6768d30fce50017cd075e97312e21d153d85f817f5b92,-100488715#3,-101609498#0,1.0,0.9090909090909091,1.0,0.9545454545454546,0.3181818181818182,0.9090909090909091,0.36363636363636365,0.6363636363636364,0.3181818181818182,0.9090909090909091,0.9090909090909091,0.36363636363636365,1.0,0.09090909090909091,1.0,1.0,0.9545454545454546
b34d08577dc382f98cb6e9c20d0b90cc24cd477ca6c3f24837e979f8efa4a65f,-100488715#3,-101609498#0,0.8181818181818182,0.8181818181818182,0.0,0.0,0.9090909090909091,0.4090909090909091,0.09090909090909091,0.9090909090909091,0.7272727272727273,0.6363636363636364,0.5454545454545454,0.36363636363636365,0.9090909090909091,0.5454545454545454,0.5454545454545454,0.45454545454545453,0.18181818181818182
6c68d36a5bf4f38265faf461bf850814db2c1d3e88704028173ce3281f1ecbf2,-100488715#3,-101609498#0,0.36363636363636365,0.36363636363636365,0.09090909090909091,0.09090909090909091,0.8181818181818182,0.4090909090909091,0.18181818181818182,0.8181818181818182,1.0,0.8181818181818182,0.8181818181818182,1.0,0.36363636363636365,0.9090909090909091,0.45454545454545453,0.36363636363636365,0.36363636363636365
1c8d29eb1cb768d038802db0f1329f81d0248627b6b71ae30af16dc442650b70,-100488715#3,-101609498#0,0.6363636363636364,0.6363636363636364,0.8181818181818182,0.8181818181818182,0.3181818181818182,1.0,0.2727272727272727,0.7272727272727273,0.3181818181818182,0.45454545454545453,0.6363636363636364,0.36363636363636365,0.45454545454545453,0.45454545454545453,0.9090909090909091,0.9090909090909091,0.09090909090909091
466a262738237783d917faa458f0cce45826e76c18dd52e1538a14ceacd67301,-100488715#3,-101609498#0,0.9090909090909091,1.0,0.9090909090909091,0.9545454545454546,0.3181818181818182,0.4090909090909091,0.5454545454545454,0.45454545454545453,0.3181818181818182,0.5454545454545454,0.45454545454545453,0.36363636363636365,0.8181818181818182,0.0,0.8181818181818182,0.8181818181818182,0.0
a3f8ac798bf1a74c3477409814db831b3addc309bfbfd330bb110a4e8aa36185,100525438#0,-100468681#0,0.125,0.25,0.875,0.375,0.5,0.875,0.125,0.375,0.5,0.625,0.4375,0.5,0.25,0.5,0.125,0.125,0.25
591361560737b17aae2fb8f202ba95e08ef1a0ed8ca67342d22f2fcf291ea4b4,100525438#0,-100468681#0,0.0,0.0,1.0,0.0,0.5,1.0,0.0,0.125,0.5,0.875,0.4375,0.5,0.0,0.375,0.0,0.625,0.8125
d1f4a8887ddb7f8db1b090240af6545bfcd15b4b19cf0fa8c4041e4ed57fb420,100525438#0,-100468681#0,0.25,0.125,0.5,0.75,0.5,0.75,0.25,0.75,0.5,0.75,0.4375,0.5,0.125,0.0,0.5,0.25,0.0
07ddeeff097db28ec74d64e24e1bfd1ebb5547f722941919d520740c40a60ddb,100525438#0,-100468681#0,0.375,0.5,0.3125,0.625,0.5,0.625,0.375,0.875,0.5,0.375,0.4375,0.5,0.375,0.125,0.375,0.0,0.125
10328bc7d69269d345c7c1598b3b9674545b1a608973d8d407963c97b2534550,100525438#0,-100468681#0,0.875,0.875,0.0625,0.1875,0.5,0.375,0.625,0.625,0.5,0.125,0.4375,0.5,0.75,0.625,0.6875,0.375,0.4375
d9055445a99f614a16d6e3c9afd5def82a3ffd0fe7f7c3982cd0e74ba5e23735,100525438#0,-100468681#0,0.625,0.625,0.6875,0.9375,0.5,0.0,1.0,0.0,0.5,0.25,0.4375,0.5,0.625,0.875,0.9375,1.0,0.8125
9dc4a1240b1c0c6a8eda82ff51aab3a287c90a20e60383a38b585c88e2c425ee,100525438#0,-100468681#0,0.5,0.375,0.6875,0.9375,0.5,0.125,0.875,0.25,0.5,0.5,0.4375,0.5,0.5,1.0,0.9375,0.875,0.8125
0ed15622f7c9ade18b6835aba799158cd08225801fbee451450dc74c4211725f,100525438#0,-100468681#0,1.0,1.0,0.0625,0.1875,0.5,0.25,0.75,0.5,0.5,0.0,0.4375,0.5,1.0,0.25,0.6875,0.5,0.4375
9023f30330df06ff2306ff355816a0eef46c287f51faa3194c737effa66a5e4f,100525438#0,-100468681#0,0.75,0.75,0.3125,0.5,0.5,0.5,0.5,1.0,0.5,1.0,1.0,0.5,0.875,0.75,0.25,0.75,0.8125
324390d75040540aa16fdf10af8390ef0906f86110d606696c5592b25cc47d9b,100475365#1,-101604513#1,0.0,0.0,1.0,0.0,0.2222222222222222,0.4444444444444444,0.8888888888888888,0.1111111111111111,0.2222222222222222,0.1111111111111111,0.1111111111111111,0.2222222222222222,0.0,1.0,0.0,1.0,0.9444444444444444
553bfd4308eaec27a3b16c8b58e994637ab074815c8c42b72b531acec21bb706,100475365#1,-101604513#1,0.1111111111111111,0.1111111111111111,0.5555555555555556,0.7777777777777778,0.2222222222222222,0.4444444444444444,0.8888888888888888,0.1111111111111111,0.2222222222222222,0.1111111111111111,0.1111111111111111,0.2222222222222222,0.1111111111111111,0.6666666666666666,0.16666666666666666,0.2222222222222222,0.05555555555555555
b3b92159c70f57961c7bdf21c099388fc1c25c8363d989ac4e1acccd9d516e13,100475365#1,-101604513#1,0.8888888888888888,0.7777777777777778,0.6666666666666666,1.0,0.2222222222222222,0.4444444444444444,0.4444444444444444,0.5555555555555556,0.2222222222222222,0.4444444444444444,0.4444444444444444,0.2222222222222222,0.7777777777777778,0.1111111111111111,0.7222222222222222,0.5555555555555556,0.6111111111111112
0e3a9c10796cd8b9cbf837ff020fd2755e631693da904c19a647ce2a9d55c310,100475365#1,-101604513#1,0.2222222222222222,0.2222222222222222,0.7777777777777778,0.2222222222222222,0.2222222222222222,0.4444444444444444,0.8888888888888888,0.1111111111111111,0.2222222222222222,0.1111111111111111,0.1111111111111111,0.2222222222222222,0.2222222222222222,0.2222222222222222,0.16666666666666666,0.0,0.05555555555555555
235f5e305eff25433fe4847a0fc16cc2b7d9dce3a03513cb39901a11925ba5e7,100475365#1,-101604513#1,0.7777777777777778,1.0,0.0,0.1111111111111111,0.7777777777777778,1.0,0.0,1.0,0.5555555555555556,1.0,1.0,1.0,1.0,0.3333333333333333,1.0,0.8888888888888888,0.9444444444444444
e40c11bfefa887f6562eb32197b9560b18b432f5089a8e351a108721dcb7117d,100475365#1,-101604513#1,0.5555555555555556,0.5555555555555556,0.4444444444444444,0.6666666666666666,0.5555555555555556,0.4444444444444444,0.5555555555555556,0.4444444444444444,0.7777777777777778,0.6666666666666666,0.6666666666666666,0.6666666666666666,0.5555555555555556,0.4444444444444444,0.3888888888888889,0.1111111111111111,0.2777777777777778
798a83d10ccef719d0e066cb6f4180f388a1c692bd22d35a472c90712b962084,100475365#1,-101604513#1,0.6666666666666666,0.6666666666666666,0.3333333333333333,0.5555555555555556,0.8888888888888888,0.4444444444444444,0.2222222222222222,0.7777777777777778,0.6666666666666666,0.5555555555555556,0.5555555555555556,0.5555555555555556,0.6666666666666666,0.5555555555555556,0.7222222222222222,0.6666666666666666,0.6111111111111112
47bb3b135b07e13b00f1bd964bf0dea7d87692cb4a07ef29a697a89cb2594b77,100475365#1,-101604513#1,0.3333333333333333,0.3333333333333333,0.2222222222222222,0.4444444444444444,0.6666666666666666,0.4444444444444444,0.3333333333333333,0.6666666666666666,1.0,0.8888888888888888,0.8888888888888888,0.8888888888888888,0.3333333333333333,0.7777777777777778,0.3888888888888889,0.3333333333333333,0.2777777777777778
6249d65ae7bd9630e70182e357d9f7b63225a3f634cad5dad116a3f35e5caca4,100475365#1,-101604513#1,0.4444444444444444,0.4444444444444444,0.1111111111111111,0.3333333333333333,1.0,0.4444444444444444,0.1111111111111111,0.8888888888888888,0.8888888888888888,0.7777777777777778,0.7777777777777778,0.7777777777777778,0.4444444444444444,0.8888888888888888,0.7222222222222222,0.7777777777777778,0.6111111111111112
4c7963b06169ff8bf82b6efecdbe1c55a386335045ef527fe46452d95eb0bd76,100475365#1,-101604513#1,1.0,0.8888888888888888,0.8888888888888888,0.8888888888888888,0.2222222222222222,0.4444444444444444,0.6666666666666666,0.3333333333333333,0.2222222222222222,0.3333333333333333,0.3333333333333333,0.2222222222222222,0.8888888888888888,0.0,0.7222222222222222,0.4444444444444444,0.6111111111111112
bbf8004a42e52bd857fd3a1bd1e8024dfe6db6d58800168f1bd6cb4d6da586fd,-100488715#3,1164659926,0.0,0.0,0.6363636363636364,0.6363636363636364,0.18181818181818182,0.45454545454545453,0.8181818181818182,0.18181818181818182,0.18181818181818182,0.18181818181818182,0.18181818181818182,0.18181818181818182,0.0,0.2727272727272727,0.0,0.5454545454545454,0.045454545454545456
14cbbc626f63795e8af5d822b5ab4929786318f1e40b86fe7a499a672539bbfa,-100488715#3,1164659926,0.5454545454545454,0.5454545454545454,0.45454545454545453,0.45454545454545453,0.5454545454545454,0.45454545454545453,0.45454545454545453,0.5454545454545454,0.9090909090909091,0.7272727272727273,0.7272727272727273,0.8181818181818182,0.36363636363636365,0.6363636363636364,0.18181818181818182,0.2727272727272727,0.22727272727272727
3e8cb48fcbfb8028f3ec8ccbc7b07e605031549fcfbba5889ad5657702051685,-100488715#3,1164659926,0.7272727272727273,0.6363636363636364,0.3181818181818182,0.3181818181818182,0.7272727272727273,0.45454545454545453,0.2727272727272727,0.7272727272727273,0.8181818181818182,0.6363636363636364,0.6363636363636364,0.7272727272727273,0.45454545454545453,0.7272727272727273,0.36363636363636365,0.0,0.4090909090909091
17fc3ee2b2bd1930551cef7c703ba6d90ea082882e0d1e44fe439f836e6fc34d,-100488715#3,1164659926,0.36363636363636365,0.18181818181818182,0.5454545454545454,0.5454545454545454,0.18181818181818182,0.45454545454545453,0.8181818181818182,0.18181818181818182,0.18181818181818182,0.18181818181818182,0.18181818181818182,0.18181818181818182,0.6363636363636364,0.0,0.09090909090909091,0.45454545454545453,0.045454545454545456
c2945372082cc9a6cacaf2095587af9cb74b5abc9e7ef67681bb35508116789c,-100488715#3,1164659926,0.45454545454545453,0.7272727272727273,0.7272727272727273,0.7272727272727273,0.9090909090909091,0.45454545454545453,0.18181818181818182,0.8181818181818182,0.7272727272727273,0.9090909090909091,0.9090909090909091,0.6363636363636364,0.5454545454545454,0.9090909090909091,0.7272727272727273,0.7272727272727273,0.9545454545454546
eecdf73d573fd5b495b1af276cebb7f47624bee8c841ca3d28cfc570b3e006d8,-100488715#3,1164659926,1.0,1.0,0.0,0.0,0.8181818181818182,1.0,0.09090909090909091,1.0,0.45454545454545453,1.0,1.0,1.0,0.8181818181818182,0.8181818181818182,0.45454545454545453,0.36363636363636365,0.5454545454545454
3a4d3982b3c6595f13a4c1110e9e648ced6c6b78c9243f94b1b0e07a746b7df2,-100488715#3,1164659926,0.9090909090909091,0.9090909090909091,0.18181818181818182,0.18181818181818182,0.6363636363636364,0.45454545454545453,0.36363636363636365,0.6363636363636364,0.5454545454545454,0.45454545454545453,0.45454545454545453,0.45454545454545453,1.0,0.45454545454545453,0.5454545454545454,0.09090909090909091,0.4090909090909091
633551963b885657600cfab0da3243a430496463073c8aa3e2bc229946b822aa,-100488715#3,1164659926,0.6363636363636364,0.45454545454545453,0.8181818181818182,0.8181818181818182,0.18181818181818182,0.45454545454545453,0.8181818181818182,0.18181818181818182,0.18181818181818182,0.18181818181818182,0.18181818181818182,0.18181818181818182,0.7272727272727273,0.18181818181818182,1.0,0.8181818181818182,0.9545454545454546
c7b302b0456aa8ef7bef52ae2b1748fb222fd4c2a642a462820fd9e2129e1ad0,-100488715#3,1164659926,0.18181818181818182,0.36363636363636365,1.0,1.0,0.18181818181818182,0.45454545454545453,0.8181818181818182,0.18181818181818182,0.18181818181818182,0.18181818181818182,0.18181818181818182,0.18181818181818182,0.2727272727272727,0.09090909090909091,0.8636363636363636,1.0,0.7272727272727273
231ea2c4beb1fcb62d33cdf6a97b98a999e4eb01a3bb7508007abdeee350d159,-100488715#3,1164659926,0.09090909090909091,0.09090909090909091,0.9090909090909091,0.9090909090909091,0.18181818181818182,0.45454545454545453,0.8181818181818182,0.18181818181818182,0.18181818181818182,0.18181818181818182,0.18181818181818182,0.18181818181818182,0.09090909090909091,0.5454545454545454,0.8636363636363636,0.9090909090909091,0.7272727272727273
aaf7122efb3e59ebb09de87632681486a8444070b4b487c3f8466f9a744817a7,-100488715#3,1164659926,0.2727272727272727,0.2727272727272727,0.09090909090909091,0.09090909090909091,1.0,0.45454545454545453,0.0,0.9090909090909091,1.0,0.8181818181818182,0.8181818181818182,0.9090909090909091,0.18181818181818182,1.0,0.6363636363636364,0.6363636363636364,0.7272727272727273
1351e9ecb41629e4148149aeb72d75715d2b54c6e86e4f9bd4299f7a973552e3,-100488715#3,1164659926,0.8181818181818182,0.8181818181818182,0.3181818181818182,0.3181818181818182,0.45454545454545453,0.45454545454545453,0.5454545454545454,0.45454545454545453,0.6363636363636364,0.5454545454545454,0.5454545454545454,0.5454545454545454,0.9090909090909091,0.36363636363636365,0.2727272727272727,0.18181818181818182,0.22727272727272727
6d775d81676af66b528d3420178cec041229b1ea1e67da4b69c003fdf6495dd9,101607969#1,-100468681#0,0.0,0.0,1.0,0.0,0.5,1.0,0.0,0.0,0.5,0.0,0.0,0.4,0.0,0.0,0.0,0.8,0.1
9549620d45fa4cae707419f89e4185ff83eeb41c39ff307ab9128d9ee66edd75,101607969#1,-100468681#0,0.4,0.4,0.4,0.6,0.5,0.8,0.2,0.6,0.5,0.8,0.8,0.4,0.4,0.2,0.2,0.4,0.4
df1fb2db2c99b093aaa7855e930f7c0e87868a9bc53933eed32e934e56583797,101607969#1,-100468681#0,0.6,0.6,0.6,0.8,0.5,0.2,0.8,0.4,0.5,0.6,0.6,0.4,0.6,0.8,1.0,0.6,0.1
8c0c4c89b4b2786ef1b0a4abc701f6d7d8f984deb85baf737f3ac08712b10fd3,101607969#1,-100468681#0,0.8,0.8,0.1,0.3,0.5,0.6,0.4,1.0,0.5,0.4,0.4,0.4,0.8,0.6,0.5,0.1,0.8
35e8511b59a339089f1859746badad25a541adbca3301b517c486612a59c394a,101607969#1,-100468681#0,1.0,1.0,0.1,0.3,0.5,0.4,0.6,0.8,0.5,0.2,0.2,0.4,1.0,0.4,0.5,0.1,0.8
c4fedf67537a50d6e85ffe40a69094d6db281002ad1ce07abf296f9f16060586,101607969#1,-100468681#0,0.2,0.2,0.8,1.0,0.5,0.0,1.0,0.2,0.5,1.0,1.0,1.0,0.2,1.0,0.8,1.0,0.8
84fc7a65c45a23ee978f5dca683a0e28b84299d4097821b6ff39445c0dc7fb33,-100468681#0,-101608828,0.6363636363636364,0.6363636363636364,0.6818181818181818,0.8636363636363636,0.5,0.7272727272727273,0.2727272727272727,0.7272727272727273,0.5,0.18181818181818182,0.18181818181818182,0.36363636363636365,0.9090909090909091,0.18181818181818182,0.9090909090909091,0.6363636363636364,0.8636363636363636
825a6fbe799bb06dfc70a2e1e6711b20b357f27f3fe0047ccfaf099a6b825e28,-100468681#0,-101608828,0.18181818181818182,0.18181818181818182,0.4090909090909091,0.5909090909090909,0.5,0.45454545454545453,0.5454545454545454,0.45454545454545453,0.5,0.6363636363636364,0.6363636363636364,0.8181818181818182,0.18181818181818182,0.09090909090909091,0.6363636363636364,0.36363636363636365,0.045454545454545456
d53345996d23176ab352c57e7399b5ce85bf6aa4f887de6905523efc44fbd48b,-100468681#0,-101608828,0.2727272727272727,0.2727272727272727,0.4090909090909091,0.5909090909090909,0.5,0.36363636363636365,0.6363636363636364,0.36363636363636365,0.5,0.5454545454545454,0.5454545454545454,0.7272727272727273,0.2727272727272727,0.0,0.8181818181818182,0.5454545454545454,0.5454545454545454
2786b6cd8fd8690ae040675f1b51647acb3efed7d090beb1d0d3f5a097ecc106,-100468681#0,-101608828,0.5454545454545454,0.5454545454545454,0.6818181818181818,0.8636363636363636,0.5,0.8181818181818182,0.18181818181818182,0.8181818181818182,0.5,0.2727272727272727,0.2727272727272727,0.45454545454545453,0.8181818181818182,0.2727272727272727,0.7272727272727273,0.45454545454545453,0.22727272727272727
5d93438adcdfe3bd4da6bc7e56c109ebe760a7843a001061e2d96a348bd8b470,-100468681#0,-101608828,0.09090909090909091,0.09090909090909091,0.6818181818181818,0.8636363636363636,0.5,0.5454545454545454,0.45454545454545453,0.5454545454545454,0.5,0.7272727272727273,0.7272727272727273,0.9090909090909091,0.09090909090909091,0.45454545454545453,0.18181818181818182,0.18181818181818182,0.5454545454545454
93cb8b68fbcaab4931249968717b1a4a4d4dfb1f9fba441a8227e110e8c05393,-100468681#0,-101608828,0.9090909090909091,0.9090909090909091,0.0,0.0,0.5,0.0,1.0,0.0,0.5,0.9090909090909091,0.9090909090909091,0.045454545454545456,0.7272727272727273,0.36363636363636365,1.0,1.0,0.8636363636363636
36b2a95e29997f9c2efbc2d9d23e64147c0f11121b80d1a27031eee4dbbf32f4,-100468681#0,-101608828,0.7272727272727273,0.7272727272727273,0.2727272727272727,0.2727272727272727,0.5,0.2727272727272727,0.7272727272727273,0.2727272727272727,0.5,0.09090909090909091,0.09090909090909091,0.2727272727272727,0.36363636363636365,1.0,0.36363636363636365,0.7272727272727273,0.36363636363636365
4686839857e8c9d44bb3de43bae30299336b220034022cc12d5b513757774d22,-100468681#0,-101608828,0.0,0.0,0.6818181818181818,0.8636363636363636,0.5,0.6363636363636364,0.36363636363636365,0.6363636363636364,0.5,0.8181818181818182,0.8181818181818182,1.0,0.0,0.5454545454545454,0.0,0.0,0.045454545454545456
50dfec8d94efab3501e5208b4e06566a78ceee92e291ed8d6fd9b7c78159b8ac,-100468681#0,-101608828,0.8181818181818182,0.8181818181818182,0.18181818181818182,0.18181818181818182,0.5,0.18181818181818182,0.8181818181818182,0.18181818181818182,0.5,1.0,1.0,0.045454545454545456,0.45454545454545453,0.9090909090909091,0.45454545454545453,0.9090909090909091,0.8636363636363636
6f66da342bb1887c18a96484fc59cc264a82982b92071c78f72df437b2ae54d3,-100468681#0,-101608828,1.0,1.0,0.09090909090909091,0.09090909090909091,0.5,0.09090909090909091,0.9090909090909091,0.09090909090909091,0.5,0.0,0.0,0.18181818181818182,1.0,0.8181818181818182,0.5454545454545454,0.8181818181818182,0.5454545454545454
57650702aab1cecd63f98ae710d9c396c4207b4f2c752f803515438d87b8397e,-100468681#0,-101608828,0.36363636363636365,0.36363636363636365,0.9545454545454546,0.4090909090909091,0.5,1.0,0.0,1.0,0.5,0.45454545454545453,0.45454545454545453,0.6363636363636364,0.5454545454545454,0.7272727272727273,0.09090909090909091,0.09090909090909091,0.22727272727272727
6f40c2a66af84d6a12e01e49038ac0d5f60faef13a639a92bd1b6298c6d49ea2,-100468681#0,-101608828,0.45454545454545453,0.45454545454545453,0.9545454545454546,0.4090909090909091,0.5,0.9090909090909091,0.09090909090909091,0.9090909090909091,0.5,0.36363636363636365,0.36363636363636365,0.5454545454545454,0.6363636363636364,0.6363636363636364,0.2727272727272727,0.2727272727272727,0.8636363636363636
a7ae14d2dc01231e07347aa7a5b739d398d694de6867460af3f7dab60c614949,-101604497,-1323419243,0.18181818181818182,0.5454545454545454,0.9090909090909091,0.6363636363636364,0.09090909090909091,0.2727272727272727,0.9090909090909091,0.09090909090909091,0.13636363636363635,0.09090909090909091,0.22727272727272727,0.36363636363636365,0.6363636363636364,0.2727272727272727,0.18181818181818182,0.7727272727272727,0.7727272727272727
78adb08628917aa6076ba1277679a0afad8f2f1df8333370025233247da720f8,-101604497,-1323419243,0.6363636363636364,0.45454545454545453,0.6363636363636364,0.36363636363636365,0.6363636363636364,0.7272727272727273,0.45454545454545453,0.6363636363636364,0.7272727272727273,0.18181818181818182,0.6363636363636364,0.36363636363636365,0.09090909090909091,0.18181818181818182,0.5,0.18181818181818182,0.045454545454545456
e3cad7b15d41c25e7b467a59c7144bab72e4dff66d68f076a00d4244db848a5c,-101604497,-1323419243,0.5454545454545454,0.2727272727272727,0.36363636363636365,0.09090909090909091,0.7272727272727273,0.9090909090909091,0.36363636363636365,0.8181818181818182,0.9090909090909091,0.36363636363636365,0.7272727272727273,0.36363636363636365,0.36363636363636365,0.0,0.36363636363636365,0.2727272727272727,0.045454545454545456
e5ebc4f8db63c6f311944e63318238a61664fb4c808cf6be9ab2db05f0ab3904,-101604497,-1323419243,0.8181818181818182,0.8181818181818182,0.0,0.8181818181818182,0.5454545454545454,0.6363636363636364,0.0,0.9090909090909091,0.5454545454545454,1.0,1.0,0.9090909090909091,0.9090909090909091,0.9090909090909091,0.9090909090909091,0.45454545454545453,0.7727272727272727
ec37d6f6b429dc076be17ba2f65fa5e110cbf1225478d69be0728bd4c4761df6,-101604497,-1323419243,0.36363636363636365,0.09090909090909091,0.2727272727272727,0.0,1.0,1.0,0.18181818181818182,0.45454545454545453,1.0,0.5454545454545454,0.22727272727272727,0.36363636363636365,0.2727272727272727,0.36363636363636365,0.5,0.09090909090909091,0.2727272727272727
89ddda373e2ca097fc7576285c0e1c5a16a97dba2347f46d1eaf1afac540cfad,-101604497,-1323419243,0.45454545454545453,0.36363636363636365,0.45454545454545453,0.18181818181818182,0.9090909090909091,0.8181818181818182,0.2727272727272727,0.5454545454545454,0.8181818181818182,0.2727272727272727,0.22727272727272727,0.36363636363636365,0.0,0.5454545454545454,0.6818181818181818,0.0,0.2727272727272727
287f3d699a1e03d9c173e839f8286799858884352fc0f81e3781f8d6a3f105e3,-101604497,-1323419243,0.2727272727272727,0.6363636363636364,1.0,0.7272727272727273,0.0,0.18181818181818182,1.0,0.0,0.13636363636363635,0.0,0.22727272727272727,0.36363636363636365,0.5454545454545454,0.45454545454545453,0.2727272727272727,0.5909090909090909,0.7727272727272727
13dbd9df7811f8e5577a761101c9d50eacc362b6544f739facb690e08d0d19b4,-101604497,-1323419243,0.0,0.0,0.7272727272727273,0.45454545454545453,0.2727272727272727,0.45454545454545453,0.7272727272727273,0.2727272727272727,0.13636363636363635,0.6363636363636364,0.22727272727272727,0.36363636363636365,0.45454545454545453,0.7272727272727273,0.0,0.7727272727272727,0.7727272727272727
4707350c68355e38bcd21a68cede4342b9ad7f7ab8f74acee19d4a958c099b1a,-101604497,-1323419243,1.0,1.0,0.18181818181818182,1.0,0.36363636363636365,0.09090909090909091,0.6363636363636364,0.7272727272727273,0.36363636363636365,0.8181818181818182,0.8181818181818182,1.0,1.0,0.6363636363636364,0.6818181818181818,1.0,0.2727272727272727
5c1b5e09156cfab5fd1b0c091a92cf9e01dbed6a07c2d6260ad8cf0431ff93dc,-101604497,-1323419243,0.7272727272727273,0.7272727272727273,0.5454545454545454,0.2727272727272727,0.8181818181818182,0.0,0.5454545454545454,0.36363636363636365,0.6363636363636364,0.7272727272727273,0.5454545454545454,0.36363636363636365,0.7272727272727273,0.09090909090909091,0.8181818181818182,0.9090909090909091,0.45454545454545453
47ea21949170788bcd6e712a834999c92c8848ff6eb929b26a20afd7b8d4fc18,-101604497,-1323419243,0.09090909090909091,0.18181818181818182,0.8181818181818182,0.5454545454545454,0.18181818181818182,0.36363636363636365,0.8181818181818182,0.18181818181818182,0.13636363636363635,0.45454545454545453,0.22727272727272727,0.36363636363636365,0.18181818181818182,0.8181818181818182,0.09090909090909091,0.5909090909090909,0.7727272727272727
3cf22ed1e44ac062ea1da8c73434eebeee3cd7cdc1cdfbac72f096f5d68f21e1,-101604497,-1323419243,0.9090909090909091,0.9090909090909091,0.09090909090909091,0.9090909090909091,0.45454545454545453,0.5454545454545454,0.09090909090909091,1.0,0.45454545454545453,0.9090909090909091,0.9090909090909091,0.8181818181818182,0.8181818181818182,1.0,1.0,0.36363636363636365,0.7727272727272727
aeb0d9442e9bd1212d9eadce291f43cd6cbf0f3100cf51e3805e3739647e9de7,101606547#1,-101604518,0.45454545454545453,0.18181818181818182,0.36363636363636365,1.0,0.45454545454545453,0.36363636363636365,0.18181818181818182,0.8181818181818182,0.45454545454545453,0.9090909090909091,0.8181818181818182,0.36363636363636365,0.18181818181818182,0.5454545454545454,0.36363636363636365,0.5909090909090909,0.13636363636363635
af65f3db28329d84624296890f5aab14833e8833e60ffaaa9d79ed38bd759168,101606547#1,-101604518,0.0,0.0,0.2727272727272727,0.45454545454545453,0.45454545454545453,0.36363636363636365,0.8181818181818182,0.18181818181818182,0.45454545454545453,0.18181818181818182,0.18181818181818182,0.36363636363636365,0.0,0.7272727272727273,0.0,0.4090909090909091,0.9090909090909091
b7c8f49ea0023c70639f0d13444a91d85eb3c2ac035548847ba14c1d24df028f,101606547#1,-101604518,0.6363636363636364,0.5454545454545454,0.8181818181818182,0.9090909090909091,0.45454545454545453,0.36363636363636365,0.36363636363636365,0.6363636363636364,0.45454545454545453,0.6363636363636364,0.6363636363636364,0.36363636363636365,0.5454545454545454,0.09090909090909091,0.5454545454545454,0.5909090909090909,0.13636363636363635
a55d55bf6e8f3d5c2a19083c39742759a29d94537542e77f727780ea22b7488b,101606547#1,-101604518,0.18181818181818182,0.36363636363636365,0.7272727272727273,0.09090909090909091,0.45454545454545453,0.36363636363636365,0.8181818181818182,0.18181818181818182,0.45454545454545453,0.18181818181818182,0.18181818181818182,0.36363636363636365,0.36363636363636365,0.18181818181818182,0.18181818181818182,0.4090909090909091,0.9090909090909091
397b32fbaabef07ced4f826456e53b453055d3f995528673b5331876b708b1fa,101606547#1,-101604518,0.2727272727272727,0.45454545454545453,0.9090909090909091,0.0,0.45454545454545453,0.36363636363636365,0.8181818181818182,0.18181818181818182,0.45454545454545453,0.18181818181818182,0.18181818181818182,0.36363636363636365,0.45454545454545453,0.45454545454545453,0.2727272727272727,0.045454545454545456,0.3181818181818182
611ef7195bbbbcee001a971b46409076b9aef225f99282f828c1f3b75c2c985b,101606547#1,-101604518,0.09090909090909091,0.09090909090909091,0.5454545454545454,0.2727272727272727,0.45454545454545453,0.36363636363636365,0.8181818181818182,0.18181818181818182,0.45454545454545453,0.18181818181818182,0.18181818181818182,0.36363636363636365,0.09090909090909091,1.0,0.09090909090909091,0.045454545454545456,0.3181818181818182
80b08252b37f3af9838055de5b049f9b6272fa8784fd762c2a9bdd8b9ed16f29,101606547#1,-101604518,0.9090909090909091,0.9090909090909091,0.09090909090909091,0.6363636363636364,0.45454545454545453,0.9090909090909091,0.09090909090909091,0.9090909090909091,0.45454545454545453,0.7272727272727273,0.9090909090909091,0.8181818181818182,0.9090909090909091,0.36363636363636365,0.9090909090909091,0.8181818181818182,0.7272727272727273
d39e96836a0c7af9f2c8250334014784fd2d55aa97714f11325ce53547553260,101606547#1,-101604518,0.36363636363636365,0.7272727272727273,0.45454545454545453,0.18181818181818182,0.45454545454545453,0.36363636363636365,0.8181818181818182,0.18181818181818182,0.45454545454545453,0.18181818181818182,0.18181818181818182,0.36363636363636365,0.7272727272727273,0.9090909090909091,0.7272727272727273,0.7272727272727273,0.0
207c7a32ffbb8185edc3e38f33cf51eeefea256ea063149c50065e1add3854f3,101606547#1,-101604518,0.5454545454545454,0.2727272727272727,0.6363636363636364,0.8181818181818182,0.45454545454545453,0.36363636363636365,0.2727272727272727,0.7272727272727273,0.45454545454545453,0.8181818181818182,0.7272727272727273,0.36363636363636365,0.2727272727272727,0.8181818181818182,0.45454545454545453,0.22727272727272727,0.5454545454545454
ef6d0bd39c4450430db07ac75b6da296efdfd260f89d9a02de3c7e390bf8645a,101606547#1,-101604518,0.7272727272727273,0.6363636363636364,1.0,0.7272727272727273,0.45454545454545453,0.36363636363636365,0.45454545454545453,0.5454545454545454,0.45454545454545453,0.5454545454545454,0.5454545454545454,0.36363636363636365,0.6363636363636364,0.2727272727272727,0.6363636363636364,0.22727272727272727,0.5454545454545454
444c3309f89474502e2e7ed26393392e12045d07ae102201cca6ac7127055816,101606547#1,-101604518,1.0,1.0,0.0,0.5454545454545454,1.0,0.8181818181818182,0.0,1.0,1.0,1.0,1.0,1.0,1.0,0.6363636363636364,1.0,1.0,0.9090909090909091
8b2736f513ac37b010d3372c8cd1b8ff3a2d1e53da5e2d19782e54b808ce9696,101606547#1,-101604518,0.8181818181818182,0.8181818181818182,0.18181818181818182,0.36363636363636365,0.45454545454545453,1.0,0.5454545454545454,0.45454545454545453,0.45454545454545453,0.45454545454545453,0.45454545454545453,0.9090909090909091,0.8181818181818182,0.0,0.8181818181818182,0.9090909090909091,0.5454545454545454
122fd4b9dbbeff2902890dcc092522de0defe924cab1e3fd183cb7e80d37ec50,-1323419243,-1323419242#1,0.0,0.0,1.0,0.0,0.0,1.0,0.045454545454545456,0.0,0.5,0.2727272727272727,0.9090909090909091,0.22727272727272727,0.0,0.18181818181818182,0.0,1.0,0.9545454545454546
32d01e5d192982fe340285b208e0ccf639955fedb2305fbf1abc8e6a83f0c824,-1323419243,-1323419242#1,0.09090909090909091,0.09090909090909091,0.7272727272727273,0.7272727272727273,0.09090909090909091,0.9090909090909091,0.045454545454545456,0.09090909090909091,0.5,0.18181818181818182,0.6363636363636364,0.22727272727272727,0.09090909090909091,0.9090909090909091,0.09090909090909091,0.9090909090909091,0.7727272727272727
acd74f1455cb269bda6ff45ef2e9d5c3ecb70f42451536eab5b1aa93da2cb46f,-1323419243,-1323419242#1,0.45454545454545453,0.6363636363636364,0.45454545454545453,0.7272727272727273,0.8181818181818182,0.0,0.36363636363636365,0.36363636363636365,0.5,0.7272727272727273,0.2727272727272727,0.8181818181818182,0.6363636363636364,1.0,0.6363636363636364,0.18181818181818182,0.4090909090909091
5adac5882890aafd99e13b27953caae4ab59b9b3d97842d7159d3d77b96ab059,-1323419243,-1323419242#1,0.18181818181818182,0.36363636363636365,0.9090909090909091,0.09090909090909091,0.9090909090909091,0.2727272727272727,0.2727272727272727,0.2727272727272727,0.5,0.09090909090909091,0.09090909090909091,0.22727272727272727,0.2727272727272727,0.09090909090909091,0.22727272727272727,0.09090909090909091,0.13636363636363635
f14d155ebfa8b30905911b45d9fb413a0ddbb793cfcef8dae19fe8eaf8d26ef0,-1323419243,-1323419242#1,0.9090909090909091,0.9090909090909091,0.0,0.2727272727272727,0.18181818181818182,0.5454545454545454,1.0,0.7272727272727273,0.5,0.6363636363636364,1.0,1.0,0.9090909090909091,0.6363636363636364,1.0,0.7272727272727273,0.9545454545454546
1a44d10a32c86d435adae5ca66e0427fac74921295e69b85a54af2c67f8c20ff,-1323419243,-1323419242#1,1.0,1.0,0.5454545454545454,0.36363636363636365,0.2727272727272727,0.8181818181818182,0.5454545454545454,1.0,0.5,0.36363636363636365,0.18181818181818182,0.5454545454545454,1.0,0.0,0.9090909090909091,0.8181818181818182,0.7727272727272727
7659d8f96f12e08033286b88ce09176ae5d8b69ec74d55066c711aa368405f86,-1323419243,-1323419242#1,0.5454545454545454,0.18181818181818182,0.3181818181818182,1.0,0.5454545454545454,0.45454545454545453,0.9090909090909091,0.5454545454545454,0.5,1.0,0.5454545454545454,0.22727272727272727,0.18181818181818182,0.2727272727272727,0.22727272727272727,0.45454545454545453,0.13636363636363635
72e039d21385b87b1bcd45a261bb49abc23050d4eceaf40c9c306a577b15856a,-1323419243,-1323419242#1,0.7272727272727273,0.7272727272727273,0.3181818181818182,0.7272727272727273,0.36363636363636365,0.7272727272727273,0.7272727272727273,0.8181818181818182,0.5,0.5454545454545454,0.8181818181818182,0.7272727272727273,0.7272727272727273,0.36363636363636365,0.7272727272727273,0.6363636363636364,0.5909090909090909
b1518611da2b99fa476617213700e7d4f9704217050e0e6b1a9980872f840ee1,-1323419243,-1323419242#1,0.36363636363636365,0.5454545454545454,0.6363636363636364,0.45454545454545453,0.7272727272727273,0.09090909090909091,0.45454545454545453,0.45454545454545453,0.5,0.8181818181818182,0.36363636363636365,0.9090909090909091,0.5454545454545454,0.8181818181818182,0.5454545454545454,0.2727272727272727,0.4090909090909091
814bf0b5e4de60a3c17235d08de4bd0d207c5d2e8e8193413c581ead68487ab3,-1323419243,-1323419242#1,0.2727272727272727,0.45454545454545453,0.8181818181818182,0.18181818181818182,1.0,0.18181818181818182,0.18181818181818182,0.18181818181818182,0.5,0.0,0.0,0.22727272727272727,0.45454545454545453,0.45454545454545453,0.4090909090909091,0.0,0.13636363636363635
59c3a3a0ef09e295084ae17dff891c9d67e85cd16118784ba8268f703f065790,-1323419243,-1323419242#1,0.8181818181818182,0.8181818181818182,0.18181818181818182,0.5454545454545454,0.45454545454545453,0.6363636363636364,0.6363636363636364,0.9090909090909091,0.5,0.45454545454545453,0.7272727272727273,0.6363636363636364,0.8181818181818182,0.7272727272727273,0.8181818181818182,0.5454545454545454,0.5909090909090909
a754eb79bfc0e910492218a7bf2e0549403f092cd3c7bc8a45f82745ab338816,-1323419243,-1323419242#1,0.6363636363636364,0.2727272727272727,0.09090909090909091,0.9090909090909091,0.6363636363636364,0.36363636363636365,0.8181818181818182,0.6363636363636364,0.5,0.9090909090909091,0.45454545454545453,0.22727272727272727,0.36363636363636365,0.5454545454545454,0.4090909090909091,0.36363636363636365,0.13636363636363635
c0d6c015c054e693e6e9a4b385851ba63a0cd154c60c91311ad21cc5cc598c93,-336860316#0,101608824,0.36363636363636365,0.45454545454545453,0.6363636363636364,0.6363636363636364,0.7272727272727273,0.22727272727272727,0.2727272727272727,0.2727272727272727,0.22727272727272727,0.5454545454545454,0.45454545454545453,0.2727272727272727,0.45454545454545453,0.36363636363636365,0.5454545454545454,0.18181818181818182,0.45454545454545453
4470254daa241dda356ff29393bdaf89b4b5facf197c3bf707759d5f1c314cc5,-336860316#0,101608824,0.45454545454545453,0.5454545454545454,0.36363636363636365,0.2727272727272727,0.9090909090909091,0.22727272727272727,0.09090909090909091,0.6363636363636364,0.7272727272727273,0.9090909090909091,0.8181818181818182,0.18181818181818182,0.5454545454545454,0.8181818181818182,0.09090909090909091,0.6363636363636364,0.5454545454545454
7129a6c964ad1ce8bbf8813b51164917a32f5641a51c5cd265f3ca12128e578b,-336860316#0,101608824,0.2727272727272727,0.2727272727272727,0.45454545454545453,0.36363636363636365,0.5454545454545454,0.22727272727272727,0.5454545454545454,0.09090909090909091,0.22727272727272727,0.0,0.0,0.36363636363636365,0.2727272727272727,0.45454545454545453,0.36363636363636365,0.0,0.09090909090909091
e07244bed764651b866c7416eed2b10d857d7663ec642c7e4a788626d1788fa1,-336860316#0,101608824,0.6363636363636364,0.6363636363636364,0.7272727272727273,0.7272727272727273,0.2727272727272727,0.8181818181818182,0.9090909090909091,0.7272727272727273,0.22727272727272727,0.36363636363636365,0.36363636363636365,0.09090909090909091,0.6363636363636364,0.18181818181818182,0.7272727272727273,0.45454545454545453,0.3181818181818182
2076f8dc1ab963610bb039ece00b03c2610c79cd9074c222e57fe27a6281d3e5,-336860316#0,101608824,0.8181818181818182,0.8181818181818182,0.0,0.45454545454545453,0.36363636363636365,0.5454545454545454,0.45454545454545453,1.0,0.22727272727272727,1.0,1.0,1.0,0.7272727272727273,0.2727272727272727,0.6363636363636364,0.7272727272727273,0.6818181818181818
0b7bd787dcff5879dfb06130ad288655317babb724fb81f8f41c4e963addffd4,-336860316#0,101608824,0.18181818181818182,0.18181818181818182,0.5454545454545454,0.5454545454545454,0.6363636363636364,0.22727272727272727,0.36363636363636365,0.18181818181818182,0.22727272727272727,0.09090909090909091,0.09090909090909091,0.45454545454545453,0.18181818181818182,0.6363636363636364,0.2727272727272727,0.09090909090909091,0.0
5f787ee898af1b9063d0ed13b3e53fc36bd64b8e2068984ef0f7aaee14140eaf,-336860316#0,101608824,1.0,1.0,0.9090909090909091,0.8181818181818182,0.0,0.7272727272727273,1.0,0.0,0.5454545454545454,0.45454545454545453,0.6363636363636364,0.7272727272727273,1.0,0.0,1.0,1.0,0.9545454545454546
774ef403a6d735eaa8bd6b547ed84db9a15bfa2084bb241ca8123b1adb3fddd0,-336860316#0,101608824,0.09090909090909091,0.09090909090909091,0.18181818181818182,0.09090909090909091,0.8181818181818182,0.22727272727272727,0.18181818181818182,0.5454545454545454,0.9090909090909091,0.18181818181818182,0.18181818181818182,0.5454545454545454,0.09090909090909091,0.9090909090909091,0.18181818181818182,0.2727272727272727,0.18181818181818182
95e08b080aee1ae71982a2709223c0fd77fe448e07bf4d55068fd6907b87e2b3,-336860316#0,101608824,0.0,0.0,0.09090909090909091,0.0,1.0,0.22727272727272727,0.0,0.45454545454545453,1.0,0.2727272727272727,0.2727272727272727,0.6363636363636364,0.0,1.0,0.0,0.5454545454545454,0.3181818181818182
b8973dd5345871fa32846ed7fcfc582300b0992695a9dba3c08023ce69a69e53,-336860316#0,101608824,0.5454545454545454,0.36363636363636365,0.2727272727272727,0.18181818181818182,0.45454545454545453,0.6363636363636364,0.6363636363636364,0.36363636363636365,0.8181818181818182,0.6363636363636364,0.5454545454545454,0.9090909090909091,0.36363636363636365,0.7272727272727273,0.45454545454545453,0.36363636363636365,0.8181818181818182
f10e43986764a2f36687b79585eadde96aac93f5321f6606272c75cb23338577,-336860316#0,101608824,0.9090909090909091,0.9090909090909091,0.8181818181818182,0.9090909090909091,0.09090909090909091,0.9090909090909091,0.8181818181818182,0.9090909090909091,0.6363636363636364,0.8181818181818182,0.9090909090909091,0.8181818181818182,0.9090909090909091,0.5454545454545454,0.8181818181818182,0.8181818181818182,0.9545454545454546
b0e1d42a28ff38c649bb3238ba376bc8b573b4351ec17e29bc0c36d516edc888,-336860316#0,101608824,0.7272727272727273,0.7272727272727273,1.0,1.0,0.18181818181818182,1.0,0.7272727272727273,0.8181818181818182,0.22727272727272727,0.7272727272727273,0.7272727272727273,0.0,0.8181818181818182,0.09090909090909091,0.9090909090909091,0.9090909090909091,0.6818181818181818
e3f9481e4701e6d38472c44651b12b089043c37b62b3f03213a2495d25aaffa3,526439431#0,101754278#1,0.2727272727272727,0.36363636363636365,1.0,0.45454545454545453,0.6363636363636364,0.9090909090909091,0.18181818181818182,0.5454545454545454,0.6363636363636364,0.36363636363636365,0.9090909090909091,0.6363636363636364,0.36363636363636365,0.2727272727272727,0.2727272727272727,0.2727272727272727,0.6363636363636364
51b5965ba78860c613a0ff4dfbd2f572748fd46f0caa7c29d37d54e4dc5c9e12,526439431#0,101754278#1,0.18181818181818182,0.18181818181818182,0.9090909090909091,0.6363636363636364,0.7272727272727273,0.7272727272727273,0.2727272727272727,0.6363636363636364,0.8181818181818182,0.0,1.0,0.8181818181818182,0.18181818181818182,0.0,0.18181818181818182,0.09090909090909091,0.2727272727272727
bede1bc8c9c6e372fa9767a7e4071420114e300787988207a7d8068ce9a98373,526439431#0,101754278#1,0.5454545454545454,0.8181818181818182,0.45454545454545453,0.18181818181818182,0.09090909090909091,0.09090909090909091,0.9090909090909091,0.18181818181818182,0.18181818181818182,0.7272727272727273,0.45454545454545453,0.13636363636363635,0.8181818181818182,0.7272727272727273,0.9545454545454546,0.9090909090909091,0.9090909090909091
69211be5f952864909f86dff89607464e37a266d9ded96af35d716b6064e93a2,526439431#0,101754278#1,0.09090909090909091,0.2727272727272727,0.8181818181818182,0.5454545454545454,0.9090909090909091,1.0,0.0,0.09090909090909091,0.7272727272727273,0.45454545454545453,0.2727272727272727,0.7272727272727273,0.2727272727272727,0.5454545454545454,0.09090909090909091,0.18181818181818182,0.7272727272727273
bd3844f4da09dfc198dba14498fe258d65c6c8a21f72f2532c0cdc972e67354f,526439431#0,101754278#1,0.45454545454545453,0.5454545454545454,0.2727272727272727,0.0,0.5454545454545454,0.36363636363636365,0.8181818181818182,0.45454545454545453,0.45454545454545453,0.2727272727272727,0.18181818181818182,0.45454545454545453,0.5454545454545454,0.09090909090909091,0.4090909090909091,0.36363636363636365,0.045454545454545456
3b0f6fb65815e263e8c1620736ff300d0bdfd19f815fd12744d11fa977c14508,526439431#0,101754278#1,0.8181818181818182,0.6363636363636364,0.18181818181818182,1.0,0.18181818181818182,0.2727272727272727,0.7272727272727273,0.9090909090909091,0.36363636363636365,0.9090909090909091,0.7272727272727273,0.36363636363636365,0.6363636363636364,0.9090909090909091,0.7272727272727273,0.7272727272727273,0.45454545454545453
44952f974860f4f834700472dfbf55bf902108bea1f60918ab3059a2cef56ae5,526439431#0,101754278#1,0.0,0.09090909090909091,0.7272727272727273,0.7272727272727273,1.0,0.8181818181818182,0.09090909090909091,0.2727272727272727,0.9090909090909091,0.09090909090909091,0.36363636363636365,0.9090909090909091,0.09090909090909091,0.36363636363636365,0.0,0.0,0.36363636363636365
f4d70b40525b20fd13ecbb450003407d120b70f655891607621addd50bc37dbb,526439431#0,101754278#1,0.7272727272727273,0.45454545454545453,0.09090909090909091,0.9090909090909091,0.2727272727272727,0.45454545454545453,0.5454545454545454,1.0,0.5454545454545454,1.0,0.8181818181818182,0.5454545454545454,0.45454545454545453,1.0,0.8181818181818182,0.6363636363636364,0.5454545454545454
ec98224f19784cad217982c7a54ad0bb58a93b84ee74c446c9df35dfb0f21dc5,526439431#0,101754278#1,1.0,0.7272727272727273,0.0,0.8181818181818182,0.36363636363636365,0.18181818181818182,0.36363636363636365,0.8181818181818182,0.2727272727272727,0.6363636363636364,0.09090909090909091,0.13636363636363635,0.7272727272727273,0.8181818181818182,0.6363636363636364,0.5454545454545454,0.18181818181818182
f9d6380d20cf7cf83a9a11d2255c03e25c8d90f691755680bc466dbb0bb4f210,526439431#0,101754278#1,0.9090909090909091,1.0,0.36363636363636365,0.09090909090909091,0.0,0.0,1.0,0.0,0.0,0.18181818181818182,0.0,0.13636363636363635,1.0,0.45454545454545453,0.9545454545454546,1.0,0.9090909090909091
61b477646d052aa2f7ad4aac5bc5b2b3c1b19cbc7da9315cfb86ba97c7b7863b,526439431#0,101754278#1,0.36363636363636365,0.0,0.5454545454545454,0.36363636363636365,0.8181818181818182,0.5454545454545454,0.45454545454545453,0.36363636363636365,1.0,0.5454545454545454,0.5454545454545454,1.0,0.0,0.6363636363636364,0.4090909090909091,0.45454545454545453,0.045454545454545456
43c1450645d8813b83dfdca0f8929dea922770b4a1b9d6768a0422a6e6386d72,526439431#0,101754278#1,0.6363636363636364,0.9090909090909091,0.6363636363636364,0.2727272727272727,0.45454545454545453,0.6363636363636364,0.6363636363636364,0.7272727272727273,0.09090909090909091,0.8181818181818182,0.6363636363636364,0.13636363636363635,0.9090909090909091,0.18181818181818182,0.5454545454545454,0.8181818181818182,0.9090909090909091
a7e3714d794f23cf95937dbfbc40a6e4f5b8e72a90b2af5eda0705df3d308eb2,-100468681#0,-23887076#2,0.0,0.0,1.0,0.0,0.5,1.0,0.0,0.0,0.5,0.0,0.0,0.5,0.0,0.0,0.0,1.0,0.75
96e6d2184e20fc2e2b3715f5f09b1fff2018d4400c1ec58e8b25f14b5fdb96cc,-100468681#0,-23887076#2,0.75,0.75,0.375,0.625,0.5,0.0,1.0,1.0,0.5,0.5,0.5,0.5,1.0,0.5,0.875,0.0,0.75
72aab00036c010341a53c83130a59aa30fb213f10a3ccae5a086de405f8bc940,-100468681#0,-23887076#2,0.25,0.25,0.75,1.0,0.5,0.75,0.25,0.25,0.5,1.0,1.0,0.5,0.25,0.25,0.25,0.5,0.0
4b03c2d63677e915cb6f6790cda8432c0012bbb30702e950d52d28b71126d58d,-100468681#0,-23887076#2,1.0,1.0,0.0,0.25,0.5,0.25,0.75,0.75,0.5,0.25,0.25,0.5,0.5,0.75,0.5,0.25,0.25
9cda090183a473463fb07d9fe87aa92c1a5c08defb7b4c746f313a5c1f3225dd,-100468681#0,-23887076#2,0.5,0.5,0.375,0.625,0.5,0.5,0.5,0.5,0.5,0.75,0.75,0.5,0.75,1.0,0.875,0.75,0.75
fa38b621c68059906de77e3083e4eda511517fbce1d564da49118f0a0426cd6e,120829754,526438862#0,0.0,0.0,0.45454545454545453,0.5454545454545454,0.2727272727272727,0.3181818181818182,0.7272727272727273,0.18181818181818182,0.36363636363636365,0.8181818181818182,0.18181818181818182,0.22727272727272727,0.0,1.0,0.0,0.18181818181818182,0.22727272727272727
c0ef4a506243b702f7476110ba026f9c36ea18f0ab010f0cbb8a47de7567bf60,120829754,526438862#0,0.45454545454545453,0.6363636363636364,0.7272727272727273,0.36363636363636365,0.9090909090909091,0.9090909090909091,0.45454545454545453,0.8181818181818182,1.0,0.7272727272727273,0.7272727272727273,0.8181818181818182,0.45454545454545453,0.5454545454545454,0.8636363636363636,0.8181818181818182,0.5454545454545454
ee008b340c338b6cd63d95b0b2327622235445865c7090247718739685e34000,120829754,526438862#0,0.2727272727272727,0.09090909090909091,0.18181818181818182,0.9090909090909091,0.18181818181818182,0.3181818181818182,0.36363636363636365,0.2727272727272727,0.36363636363636365,0.45454545454545453,0.18181818181818182,0.22727272727272727,0.18181818181818182,0.8181818181818182,0.09090909090909091,0.0,0.22727272727272727
0a58037d46a73228f41cda682cf1a713f07d6c02748216ee0677cc817e84006f,120829754,526438862#0,0.8181818181818182,0.45454545454545453,0.9090909090909091,1.0,0.0,0.3181818181818182,0.9090909090909091,0.09090909090909091,0.36363636363636365,0.0,0.18181818181818182,0.22727272727272727,0.2727272727272727,0.2727272727272727,0.45454545454545453,0.36363636363636365,0.36363636363636365
19d855db0ba63c761ce1f2bc045991c795f51e578158ebe94e4775105ec38dce,120829754,526438862#0,0.36363636363636365,0.5454545454545454,0.2727272727272727,0.09090909090909091,1.0,0.3181818181818182,0.09090909090909091,0.5454545454545454,0.36363636363636365,0.2727272727272727,0.8181818181818182,0.22727272727272727,0.36363636363636365,0.09090909090909091,0.3181818181818182,0.6363636363636364,0.7727272727272727
77ace12e742f87de24b509bb522a4c71789982ae634590d0eed787eb03f24d47,120829754,526438862#0,0.7272727272727273,0.7272727272727273,0.0,0.0,0.8181818181818182,1.0,0.0,1.0,0.36363636363636365,0.18181818181818182,0.18181818181818182,0.22727272727272727,0.5454545454545454,0.0,0.7272727272727273,1.0,0.9545454545454546
89c27246ee200514d355de428e943e9361ffe7080995c62e000b1e0781ebcd06,120829754,526438862#0,0.09090909090909091,0.18181818181818182,0.36363636363636365,0.18181818181818182,0.5454545454545454,0.3181818181818182,0.6363636363636364,0.45454545454545453,0.36363636363636365,1.0,1.0,1.0,0.09090909090909091,0.9090909090909091,0.18181818181818182,0.2727272727272727,0.0
d02fd1ae208f8766ad9cc340d6bdcc76d6c0484bc385e13a32f7571dce3cd751,120829754,526438862#0,0.5454545454545454,0.9090909090909091,0.8181818181818182,0.45454545454545453,0.6363636363636364,0.7272727272727273,0.5454545454545454,0.7272727272727273,0.8181818181818182,0.5454545454545454,0.5454545454545454,0.6363636363636364,0.6363636363636364,0.18181818181818182,0.8636363636363636,0.9090909090909091,0.5454545454545454
ee1f79c83407ce5b7ab457de4009edc7007953fc5b030c478d52f0cfe3c18681,120829754,526438862#0,0.18181818181818182,0.36363636363636365,1.0,0.7272727272727273,0.09090909090909091,0.3181818181818182,1.0,0.0,0.36363636363636365,0.09090909090909091,0.18181818181818182,0.22727272727272727,0.9090909090909091,0.6363636363636364,0.5454545454545454,0.5454545454545454,0.9545454545454546
65bccd09653e4365cc248f406af9cfbe8e46846dabafab0eaea7ff4c3a86bd0f,120829754,526438862#0,0.6363636363636364,0.2727272727272727,0.09090909090909091,0.2727272727272727,0.45454545454545453,0.3181818181818182,0.2727272727272727,0.6363636363636364,0.36363636363636365,0.9090909090909091,0.9090909090909091,0.9090909090909091,0.8181818181818182,0.7272727272727273,0.3181818181818182,0.09090909090909091,0.09090909090909091
4a07854394ce57584e78350e00b6947af293fa69516f56cfa38ca0b6d5e04b74,120829754,526438862#0,1.0,0.8181818181818182,0.5454545454545454,0.6363636363636364,0.7272727272727273,0.8181818181818182,0.18181818181818182,0.9090909090909091,0.9090909090909091,0.6363636363636364,0.6363636363636364,0.7272727272727273,1.0,0.45454545454545453,1.0,0.7272727272727273,0.7727272727272727
a99d43b9d181171fc617f412fed1f1c31ec0f4ce582c2313df6401fd48921366,120829754,526438862#0,0.9090909090909091,1.0,0.6363636363636364,0.8181818181818182,0.36363636363636365,0.3181818181818182,0.8181818181818182,0.36363636363636365,0.36363636363636365,0.36363636363636365,0.45454545454545453,0.5454545454545454,0.7272727272727273,0.36363636363636365,0.6363636363636364,0.45454545454545453,0.5454545454545454
078770596d4fce3423710594d26c698c488c2a0317bef22d44c3a3db837c63cb,526438862#0,120829754,0.0,0.0,0.5454545454545454,0.18181818181818182,1.0,0.3181818181818182,0.0,0.2727272727272727,1.0,0.6363636363636364,0.7272727272727273,0.7272727272727273,0.0,0.6363636363636364,0.0,0.18181818181818182,0.0
bd12f168ce1ad3827ebd034f0d3c7f53b4bbc5c7f22136eff0dd5b8a87640067,526438862#0,120829754,0.36363636363636365,0.18181818181818182,0.18181818181818182,0.45454545454545453,0.18181818181818182,0.3181818181818182,0.18181818181818182,0.5454545454545454,0.13636363636363635,1.0,1.0,1.0,0.18181818181818182,0.9090909090909091,0.36363636363636365,0.6363636363636364,0.2727272727272727
99aabb30efa92ec83ec6c0c257d4351b974fd91844ad5e24040018cf01e37b44,526438862#0,120829754,0.2727272727272727,0.36363636363636365,0.6363636363636364,0.6363636363636364,0.8181818181818182,0.3181818181818182,0.6363636363636364,0.36363636363636365,0.7272727272727273,0.18181818181818182,0.18181818181818182,0.09090909090909091,1.0,0.36363636363636365,0.09090909090909091,0.9090909090909091,0.9545454545454546
486e1625ff7bc4b3eecad4efa65a121532e5ec7724fdaf3201e2b2c3518bbe5e,526438862#0,120829754,0.6363636363636364,0.9090909090909091,0.36363636363636365,0.0,0.9090909090909091,0.8181818181818182,0.09090909090909091,0.7272727272727273,0.45454545454545453,0.36363636363636365,0.2727272727272727,0.36363636363636365,0.8181818181818182,0.09090909090909091,0.2727272727272727,0.5454545454545454,0.18181818181818182
0f9f19edc3d4b553df52744eebe5b14d34593bbc765e2a82f5cc408b79a7b503,526438862#0,120829754,0.7272727272727273,1.0,0.45454545454545453,0.09090909090909091,0.7272727272727273,0.7272727272727273,0.45454545454545453,0.8181818181818182,0.36363636363636365,0.2727272727272727,0.6363636363636364,0.2727272727272727,0.9090909090909091,0.0,0.18181818181818182,0.45454545454545453,0.09090909090909091
acf753b41c74c5523cb65670034687ec4598eb882efb20f86a603d6ade1e5c6e,526438862#0,120829754,0.5454545454545454,0.6363636363636364,0.9090909090909091,0.8181818181818182,0.5454545454545454,0.3181818181818182,0.9090909090909091,0.09090909090909091,0.5454545454545454,0.0,0.0,0.09090909090909091,0.5454545454545454,0.45454545454545453,0.5,0.045454545454545456,0.5454545454545454
bb83a89d4c757e5d28ac87660cc5a8df750a6bb3ae94673f133b4eff62c34fbc,526438862#0,120829754,0.8181818181818182,0.5454545454545454,0.0,0.2727272727272727,0.09090909090909091,1.0,0.2727272727272727,1.0,0.13636363636363635,0.8181818181818182,0.9090909090909091,0.45454545454545453,0.45454545454545453,0.2727272727272727,0.9090909090909091,0.7272727272727273,0.8181818181818182
a61aa27a50d52a632ecae6ba22f7ef2337047056faa6b55fd33f570c24031f70,526438862#0,120829754,0.45454545454545453,0.45454545454545453,0.7272727272727273,0.7272727272727273,0.6363636363636364,0.3181818181818182,0.7272727272727273,0.18181818181818182,0.6363636363636364,0.09090909090909091,0.09090909090909091,0.09090909090909091,0.36363636363636365,0.7272727272727273,0.5,0.045454545454545456,0.5454545454545454
6869fd19aa2d1c9538a723ece9a1c44e87e21a94862e82c42ec8f06cf20c4018,526438862#0,120829754,0.18181818181818182,0.2727272727272727,1.0,1.0,0.2727272727272727,0.3181818181818182,1.0,0.0,0.8181818181818182,0.45454545454545453,0.36363636363636365,0.5454545454545454,0.2727272727272727,0.8181818181818182,0.7727272727272727,0.3181818181818182,0.5454545454545454
410cab0bab2ddcc29a6d427440da49c86c103be82b68fbc725cd958bce4307d0,526438862#0,120829754,0.09090909090909091,0.09090909090909091,0.8181818181818182,0.9090909090909091,0.36363636363636365,0.3181818181818182,0.8181818181818182,0.45454545454545453,0.9090909090909091,0.5454545454545454,0.5454545454545454,0.6363636363636364,0.09090909090909091,1.0,0.7727272727272727,0.3181818181818182,0.5454545454545454
d591b75aa2cf331d9a2564a30050e58da32148db0e2545bb50ae0a9e0b7d79d2,526438862#0,120829754,0.9090909090909091,0.7272727272727273,0.2727272727272727,0.36363636363636365,0.45454545454545453,0.3181818181818182,0.36363636363636365,0.6363636363636364,0.13636363636363635,0.7272727272727273,0.45454545454545453,0.9090909090909091,0.6363636363636364,0.5454545454545454,0.6363636363636364,1.0,0.5454545454545454
9f5af96be4ebf3c34e783c0a099f13751ba125a427c449fe9057b987d6c2fb66,526438862#0,120829754,1.0,0.8181818181818182,0.09090909090909091,0.5454545454545454,0.0,0.9090909090909091,0.5454545454545454,0.9090909090909091,0.13636363636363635,0.9090909090909091,0.8181818181818182,0.8181818181818182,0.7272727272727273,0.18181818181818182,1.0,0.8181818181818182,0.9545454545454546
cd90db8c742d4437e18e011fff27567d4e69290985024c3795e556730fa68044,-1323419243,-101746498#2,0.0,0.09090909090909091,0.9545454545454546,1.0,0.2727272727272727,0.2727272727272727,0.7272727272727273,0.2727272727272727,0.5,0.45454545454545453,0.45454545454545453,0.5454545454545454,0.2727272727272727,0.36363636363636365,0.0,0.45454545454545453,0.7727272727272727
cc194d73bd48a301c29f05cf53f4c20d7776ac26aa22a7065033ecf044bb945f,-1323419243,-101746498#2,0.09090909090909091,0.2727272727272727,0.7272727272727273,0.9090909090909091,0.45454545454545453,0.2727272727272727,0.5454545454545454,0.45454545454545453,0.5,0.2727272727272727,0.2727272727272727,0.36363636363636365,0.36363636363636365,0.5454545454545454,0.09090909090909091,0.2727272727272727,0.5
cbdb44cbc8858798c058a689ea13af0922ce973c2a5fac3835ffec387f22fcf0,-1323419243,-101746498#2,0.45454545454545453,0.45454545454545453,0.45454545454545453,0.5454545454545454,0.0,0.2727272727272727,1.0,0.0,0.5,0.09090909090909091,0.09090909090909091,0.18181818181818182,0.5454545454545454,0.0,0.18181818181818182,0.36363636363636365,0.7727272727272727
ebc8a9b9304d81e3f331ff1e54b877fc091ed70ddf9216a8f3e8890838b8465a,-1323419243,-101746498#2,0.9090909090909091,0.9090909090909091,0.6363636363636364,0.6363636363636364,0.6363636363636364,0.7272727272727273,0.36363636363636365,0.6363636363636364,0.5,0.6363636363636364,0.7272727272727273,0.7272727272727273,0.7272727272727273,0.6363636363636364,0.9090909090909091,0.5454545454545454,0.36363636363636365
4e4d9b2a659cee76f8e39256dceccb925f5c428e0545f5764578a7022406e21c,-1323419243,-101746498#2,0.5454545454545454,0.5454545454545454,0.2727272727272727,0.2727272727272727,0.09090909090909091,0.2727272727272727,0.9090909090909091,0.09090909090909091,0.5,0.0,0.0,0.09090909090909091,0.6363636363636364,0.18181818181818182,0.2727272727272727,0.18181818181818182,0.5
c5dcecacf82da1fe24633e319a1f8a8e654b41b663f80b7d42e53cc72cf4d698,-1323419243,-101746498#2,0.6363636363636364,0.6363636363636364,0.9545454545454546,0.8181818181818182,0.8181818181818182,1.0,0.18181818181818182,0.8181818181818182,0.5,0.9090909090909091,1.0,1.0,0.8181818181818182,0.09090909090909091,0.36363636363636365,0.9090909090909091,0.9545454545454546
d7c521dfeda9f23d4e7327ff64d4ae722b3ff0025785cdae705d272aff51cae9,-1323419243,-101746498#2,0.8181818181818182,0.8181818181818182,0.5454545454545454,0.45454545454545453,0.7272727272727273,0.8181818181818182,0.2727272727272727,0.7272727272727273,0.5,0.7272727272727273,0.8181818181818182,0.8181818181818182,0.45454545454545453,0.45454545454545453,0.8181818181818182,0.8181818181818182,0.22727272727272727
11163799d2435f8ebfb5bfb753d3e229a9a9d2f47479f4d28103d9da38122bb8,-1323419243,-101746498#2,0.18181818181818182,0.0,0.18181818181818182,0.09090909090909091,0.36363636363636365,0.2727272727272727,0.6363636363636364,0.36363636363636365,0.5,0.5454545454545454,0.5454545454545454,0.6363636363636364,0.0,0.8181818181818182,0.6363636363636364,0.09090909090909091,0.045454545454545456
022a5b7d1b3d1063cf6682c31e90339cd5f02ccaa6184ae510a6b1225d6e627c,-1323419243,-101746498#2,0.36363636363636365,0.36363636363636365,0.36363636363636365,0.18181818181818182,0.18181818181818182,0.2727272727272727,0.8181818181818182,0.18181818181818182,0.5,0.18181818181818182,0.18181818181818182,0.2727272727272727,0.18181818181818182,0.7272727272727273,0.5454545454545454,0.7272727272727273,0.22727272727272727
2a6473736825d25ababacff5d2f8a30a819f7d4c01127eef8917a6209aae8363,-1323419243,-101746498#2,0.2727272727272727,0.18181818181818182,0.09090909090909091,0.0,0.5454545454545454,0.2727272727272727,0.45454545454545453,0.5454545454545454,0.5,0.36363636363636365,0.36363636363636365,0.45454545454545453,0.09090909090909091,0.9090909090909091,0.7272727272727273,0.0,0.045454545454545456
8beb60fc1e056806e18d0fc2e01441bb60dbf984491dd50a78190fea9ef3f5a0,-1323419243,-101746498#2,0.7272727272727273,0.7272727272727273,0.8181818181818182,0.7272727272727273,0.9090909090909091,0.9090909090909091,0.09090909090909091,0.9090909090909091,0.5,0.8181818181818182,0.9090909090909091,0.9090909090909091,0.9090909090909091,0.2727272727272727,0.45454545454545453,0.6363636363636364,0.6363636363636364
3d48e42862b2ef63d80eba5ab2d9872821e92249ecc544141df2bbaaf509fb69,-1323419243,-101746498#2,1.0,1.0,0.0,0.36363636363636365,1.0,0.6363636363636364,0.0,1.0,0.5,1.0,0.6363636363636364,0.0,1.0,1.0,1.0,1.0,0.9545454545454546
fc4e82bf0ca1c8bce32910bc297bb959d1cf426e81d75277aa12eb49424022f9,1200809292,101606547#1,0.0,0.0,0.8181818181818182,0.18181818181818182,0.9090909090909091,0.13636363636363635,0.8181818181818182,0.09090909090909091,1.0,0.09090909090909091,0.09090909090909091,0.18181818181818182,0.0,0.7272727272727273,0.0,0.7272727272727273,0.18181818181818182
dac03e661a9882e88c0bbe4639e65e4910a25fe35388981e048614635e862980,1200809292,101606547#1,0.2727272727272727,0.18181818181818182,0.5454545454545454,0.0,1.0,1.0,0.09090909090909091,0.36363636363636365,0.8181818181818182,0.2727272727272727,0.2727272727272727,0.18181818181818182,0.18181818181818182,0.09090909090909091,0.2727272727272727,0.45454545454545453,0.09090909090909091
ea02a27b8c3a0e8e6d82868577c37329b818a40597997e53d268219f2f342f14,1200809292,101606547#1,0.36363636363636365,0.2727272727272727,0.6363636363636364,0.09090909090909091,0.6363636363636364,0.9090909090909091,0.5454545454545454,0.45454545454545453,0.7272727272727273,0.18181818181818182,0.5454545454545454,0.18181818181818182,0.2727272727272727,0.0,0.18181818181818182,0.2727272727272727,0.0
8d7c8e96acc8fd9f9e741d447548db6ded5d28d03246216ca01eab695c1024f5,1200809292,101606547#1,0.09090909090909091,0.09090909090909091,0.7272727272727273,1.0,0.8181818181818182,0.13636363636363635,0.6363636363636364,0.2727272727272727,0.9090909090909091,0.6363636363636364,0.6363636363636364,0.8181818181818182,0.09090909090909091,0.9090909090909091,0.09090909090909091,0.8181818181818182,0.5454545454545454
bad78693f4cf024404dfc1a18ab069a1a452369402e5eb80abf91e94a1d4197e,1200809292,101606547#1,0.18181818181818182,0.45454545454545453,1.0,0.2727272727272727,0.0,0.13636363636363635,1.0,0.0,0.5454545454545454,0.0,0.0,0.18181818181818182,0.45454545454545453,0.8181818181818182,0.36363636363636365,0.9090909090909091,0.7727272727272727
015017155271966457825f25d08569bf257bc5a0acfe7897ba5c331da3226a27,1200809292,101606547#1,0.5454545454545454,0.5454545454545454,0.18181818181818182,0.5454545454545454,0.5454545454545454,0.8181818181818182,0.0,1.0,0.45454545454545453,0.7272727272727273,0.7272727272727273,0.5454545454545454,0.5454545454545454,0.5454545454545454,0.45454545454545453,0.0,0.2727272727272727
5debdba893cf734c4e653ded337188660af824c50276018df2c5c81c7dffc855,1200809292,101606547#1,0.9090909090909091,0.8181818181818182,0.36363636363636365,0.36363636363636365,0.7272727272727273,0.5454545454545454,0.2727272727272727,0.6363636363636364,0.18181818181818182,0.45454545454545453,0.36363636363636365,0.45454545454545453,0.8181818181818182,0.2727272727272727,0.7272727272727273,0.36363636363636365,0.6363636363636364
97d79c7966ab32516cf6c90f14504c6e03caa748eb667eb939777aafbdf1371f,1200809292,101606547#1,1.0,1.0,0.2727272727272727,0.6363636363636364,0.45454545454545453,0.45454545454545453,0.36363636363636365,0.7272727272727273,0.0,0.5454545454545454,0.45454545454545453,0.6363636363636364,1.0,0.18181818181818182,1.0,0.5454545454545454,0.7727272727272727
845aec253ac1c63a1bc590afda7d31256e484a81dce0a642c0cbbeaf754b19fa,1200809292,101606547#1,0.7272727272727273,0.7272727272727273,0.0,0.8181818181818182,0.2727272727272727,0.6363636363636364,0.18181818181818182,0.9090909090909091,0.2727272727272727,0.9090909090909091,0.8181818181818182,0.7272727272727273,0.7272727272727273,0.36363636363636365,0.8181818181818182,0.18181818181818182,0.45454545454545453
d05b85109b7304fa2a481dfbb43d538dadb0b1b78f8b073b6ad97343e6871d02,1200809292,101606547#1,0.8181818181818182,0.9090909090909091,0.45454545454545453,0.7272727272727273,0.36363636363636365,0.36363636363636365,0.7272727272727273,0.5454545454545454,0.09090909090909091,1.0,0.9090909090909091,1.0,0.9090909090909091,0.6363636363636364,0.9090909090909091,0.6363636363636364,0.9545454545454546
6d53df4d13184649f44bddd7b8e7dd706e90629eb17faf9f963f58fde95db6bc,1200809292,101606547#1,0.45454545454545453,0.36363636363636365,0.9090909090909091,0.9090909090909091,0.09090909090909091,0.13636363636363635,0.9090909090909091,0.18181818181818182,0.6363636363636364,0.36363636363636365,0.18181818181818182,0.18181818181818182,0.36363636363636365,1.0,0.6363636363636364,1.0,0.9545454545454546
73bc4eb3e3dcea27cd77da2031ba766af53e66bc0a2a44bc87b967f8f4623310,1200809292,101606547#1,0.6363636363636364,0.6363636363636364,0.09090909090909091,0.45454545454545453,0.18181818181818182,0.7272727272727273,0.45454545454545453,0.8181818181818182,0.36363636363636365,0.8181818181818182,1.0,0.9090909090909091,0.6363636363636364,0.45454545454545453,0.5454545454545454,0.09090909090909091,0.36363636363636365
88f680c02b697d01e87005952e52c5cf963e06ccd5152781e23abf62c9734862,659278036#2,-100468681#0,0.5,0.5,0.0,0.0,0.5,1.0,0.0,1.0,0.5,0.5,0.5,0.5,0.5,0.0,0.5,0.0,0.0
683b65cc7475bc383e83afe85d446b9b6eb57d41b147a8820b48335766a0b42c,659278036#2,-100468681#0,0.0,0.0,1.0,1.0,0.5,0.0,1.0,0.0,0.5,1.0,0.5,0.5,0.0,1.0,0.0,1.0,0.75
6f7d34e4e3b0a37305fd01bf0c501bfba5a9cbd738abaab9c9b79370027abea9,659278036#2,-100468681#0,1.0,1.0,0.5,0.5,0.5,0.5,0.5,0.5,0.5,0.0,0.5,0.5,1.0,0.5,1.0,0.5,0.75
f3b3d72a7d1fa553a235c205a659a60a474755a5879ddc681f72ba38248d32e7,-100488715#4,-101605951#5,0.25,0.0,0.125,1.0,0.1875,0.1875,0.0,0.25,0.5,1.0,1.0,1.0,0.0,0.5,1.0,1.0,0.9375
1e708209c39a4e2612a13be8336ce666c4a4fffc6abdb876e6c7de74a85fde37,-100488715#4,-101605951#5,0.375,0.125,0.0,0.875,0.1875,0.1875,0.125,0.375,0.5,0.875,0.875,0.875,0.125,1.0,0.875,0.875,0.375
afc62d18f80d3e3cfd76065b846ffb300eb6687c6c8ee1d259336b8bab80e401,-100488715#4,-101605951#5,0.125,0.375,0.875,0.375,0.1875,0.1875,0.9375,0.0625,0.5,0.0625,0.0625,0.375,0.25,0.875,0.125,0.625,0.0
37db973116200ad49f5d74d0121a4882be37c6b267a4f643b0ea3c52c4dfcd21,-100488715#4,-101605951#5,0.0,0.25,1.0,0.0,0.1875,0.1875,0.9375,0.0625,0.5,0.0625,0.0625,0.375,0.375,0.75,0.0,0.75,0.125
64f894da68dae3c0c3213dde9c9a8477891172a19a6d2662d40c9806f948ed6d,-100488715#4,-101605951#5,0.75,0.75,0.5625,0.5625,0.5,0.75,0.75,0.5,0.5,0.5,0.625,0.375,0.5,0.25,0.4375,0.0,0.25
9adc62fa2c8c9ad8318f1e4af4a3643f5870e7c5331f449ed7657ffb9871c7e7,-100488715#4,-101605951#5,0.875,0.875,0.25,0.125,1.0,0.625,0.25,0.875,0.5,0.375,0.25,0.375,0.875,0.625,0.75,0.5,0.9375
28320ba777ba9dc75154a8f2d8d7676e8f0f4b0cb6e10ba947265c037a3bcc90,-100488715#4,-101605951#5,0.5,0.5,0.5625,0.5625,0.875,1.0,0.375,1.0,0.5,0.75,0.375,0.375,0.625,0.375,0.4375,0.25,0.625
2b13c82c3968b38e016b5e13d3dfb980905b585c68107ea3f8fac0bcd970b0fc,-100488715#4,-101605951#5,1.0,1.0,0.375,0.25,0.75,0.5,0.5,0.75,0.5,0.25,0.5,0.375,1.0,0.125,0.625,0.375,0.75
cd9a01f9dd38271a829e1056da9aa80450e425d51ecb38e168e796ad7ccd7fa0,-100488715#4,-101605951#5,0.625,0.625,0.75,0.75,0.625,0.875,0.625,0.625,0.5,0.625,0.75,0.375,0.75,0.0,0.25,0.125,0.5
a505ce1e16e89fc5da0d83c6966c8d1e52b988b46eea8c56d8b83889a1c4f365,71223800#6,-416409192#7,0.8181818181818182,0.7272727272727273,0.0,0.6363636363636364,0.0,0.2727272727272727,0.9090909090909091,0.36363636363636365,0.36363636363636365,0.8181818181818182,0.9090909090909091,0.8181818181818182,0.7272727272727273,0.45454545454545453,0.7272727272727273,0.2727272727272727,0.6363636363636364
9c422ebe04ef0ff204ad1b3351079b0339a299d3be84acde739903d7309633ec,71223800#6,-416409192#7,1.0,1.0,0.8181818181818182,0.2727272727272727,0.8181818181818182,0.0,0.7272727272727273,0.09090909090909091,0.8181818181818182,0.0,0.09090909090909091,0.18181818181818182,1.0,0.09090909090909091,0.6363636363636364,0.7272727272727273,0.45454545454545453
fa7028f0e12ec1fcc77c4028e55d80f9b25f027df84556e67375809c29ea8a88,71223800#6,-416409192#7,0.2727272727272727,0.18181818181818182,0.6363636363636364,0.36363636363636365,0.5454545454545454,0.8181818181818182,0.36363636363636365,0.7272727272727273,0.36363636363636365,0.5454545454545454,0.6363636363636364,0.18181818181818182,0.09090909090909091,0.5454545454545454,0.18181818181818182,0.5454545454545454,0.3181818181818182
bb0a98e0517fc1a8f70c009100c23024e9d00c48991e56bdad87b7efb75ceba5,71223800#6,-416409192#7,0.0,0.2727272727272727,0.7272727272727273,0.18181818181818182,0.2727272727272727,0.7272727272727273,1.0,0.0,0.36363636363636365,0.2727272727272727,0.0,0.5454545454545454,0.2727272727272727,0.9090909090909091,0.0,0.9090909090909091,0.9545454545454546
5b898d7a09310a64d68169b281ca2469dc5d9c4246d96c35be053dba6f8d96e7,71223800#6,-416409192#7,0.7272727272727273,0.6363636363636364,0.09090909090909091,0.5454545454545454,0.09090909090909091,0.36363636363636365,0.8181818181818182,0.45454545454545453,0.36363636363636365,0.9090909090909091,1.0,0.9090909090909091,0.6363636363636364,0.18181818181818182,1.0,0.36363636363636365,0.9545454545454546
20d249d08490e83448511f3d00f29fadd4f4ed0caef22137e7e3ff11e6ef7e9b,71223800#6,-416409192#7,0.18181818181818182,0.09090909090909091,0.2727272727272727,0.9090909090909091,0.6363636363636364,0.9090909090909091,0.09090909090909091,0.9090909090909091,0.36363636363636365,0.6363636363636364,0.7272727272727273,0.6363636363636364,0.18181818181818182,1.0,0.36363636363636365,0.0,0.045454545454545456
062308f137e72b4af7c4090e3dced69b8e7321ee1deff6183557a52b60025f23,71223800#6,-416409192#7,0.45454545454545453,0.8181818181818182,1.0,0.09090909090909091,1.0,0.18181818181818182,0.5454545454545454,0.2727272727272727,1.0,0.18181818181818182,0.2727272727272727,0.18181818181818182,0.9090909090909091,0.36363636363636365,0.5454545454545454,1.0,0.18181818181818182
6970ffe8a55806ce309bc0da9c4ac8f70b2a993db5eaf7dfff67fd7c2d1f0f14,71223800#6,-416409192#7,0.9090909090909091,0.9090909090909091,0.9090909090909091,0.0,0.9090909090909091,0.09090909090909091,0.6363636363636364,0.18181818181818182,0.9090909090909091,0.09090909090909091,0.18181818181818182,0.18181818181818182,0.8181818181818182,0.0,0.8181818181818182,0.8181818181818182,0.7272727272727273
a9d45971e63af0aa46bc43f45a1fbf5de2c214c5ec31a33f64b88655430b8802,71223800#6,-416409192#7,0.36363636363636365,0.36363636363636365,0.5454545454545454,0.45454545454545453,0.45454545454545453,0.6363636363636364,0.45454545454545453,0.5454545454545454,0.36363636363636365,0.45454545454545453,0.5454545454545454,0.18181818181818182,0.36363636363636365,0.8181818181818182,0.09090909090909091,0.45454545454545453,0.3181818181818182
b4cb4515ee6c66e3d416d85bd337e0b4875a44ec4f6fc72884852d8da2435f68,71223800#6,-416409192#7,0.5454545454545454,0.45454545454545453,0.36363636363636365,0.7272727272727273,0.36363636363636365,0.5454545454545454,0.18181818181818182,0.8181818181818182,0.36363636363636365,0.36363636363636365,0.45454545454545453,0.45454545454545453,0.45454545454545453,0.2727272727272727,0.9090909090909091,0.18181818181818182,0.8181818181818182
cdea2523b8376e76610c8627c2c661b34a8b4f55576d739e7d325f3e58ef3950,71223800#6,-416409192#7,0.09090909090909091,0.0,0.45454545454545453,0.8181818181818182,0.7272727272727273,1.0,0.0,1.0,0.36363636363636365,0.7272727272727273,0.8181818181818182,0.7272727272727273,0.0,0.7272727272727273,0.45454545454545453,0.09090909090909091,0.045454545454545456
0fe6ef788b46fceb29cdf7eaa0a6b35f67a0f304658c21a4118340d2f7917f2c,71223800#6,-416409192#7,0.6363636363636364,0.5454545454545454,0.18181818181818182,1.0,0.18181818181818182,0.45454545454545453,0.2727272727272727,0.6363636363636364,0.36363636363636365,1.0,0.36363636363636365,1.0,0.5454545454545454,0.6363636363636364,0.2727272727272727,0.6363636363636364,0.5454545454545454
793d3336dff280680f2da3e470ad4106d308e9fe5202acd0e67f55c5b62bff0b,526438862#1,-101752975#1,0.6363636363636364,0.0,0.13636363636363635,0.7272727272727273,0.2727272727272727,0.09090909090909091,0.8181818181818182,0.9090909090909091,0.22727272727272727,0.5454545454545454,0.6363636363636364,0.09090909090909091,0.0,0.7272727272727273,0.7272727272727273,0.5454545454545454,0.5454545454545454
604d9373b70e4f5a7ffbc4aa196d41d253ff5f105e6860a03f199c0165decd73,526438862#1,-101752975#1,0.7272727272727273,0.09090909090909091,0.2727272727272727,0.8181818181818182,0.18181818181818182,0.2727272727272727,0.7272727272727273,1.0,0.22727272727272727,0.9090909090909091,0.5454545454545454,0.09090909090909091,0.09090909090909091,0.8181818181818182,0.8181818181818182,0.2727272727272727,0.6363636363636364
51f201bf4ec9e88be8b4d5f1d27f5801b05311ccda5875b907719e73ca8856c9,526438862#1,-101752975#1,0.09090909090909091,0.6363636363636364,0.8181818181818182,0.2727272727272727,0.9090909090909091,0.7272727272727273,0.09090909090909091,0.18181818181818182,0.8181818181818182,0.0,0.18181818181818182,0.6363636363636364,0.45454545454545453,0.36363636363636365,0.2727272727272727,0.09090909090909091,0.0
fe2665dc32dd71c5ed48e10792d947a2f5c927f2c62b15a953a8e3a565049576,526438862#1,-101752975#1,0.18181818181818182,0.7272727272727273,0.9090909090909091,0.4090909090909091,0.8181818181818182,0.9090909090909091,0.0,0.09090909090909091,0.7272727272727273,0.18181818181818182,0.09090909090909091,0.5454545454545454,0.5454545454545454,0.45454545454545453,0.36363636363636365,0.0,0.36363636363636365
22c931f4ef9c371e8e0b34e57cafa4a4ce0d5aff4bb34b25eabedbcb42300413,526438862#1,-101752975#1,0.9090909090909091,0.9090909090909091,0.45454545454545453,0.0,0.5454545454545454,0.0,0.6363636363636364,0.0,0.5454545454545454,0.45454545454545453,0.0,0.36363636363636365,0.9090909090909091,0.09090909090909091,0.18181818181818182,0.8181818181818182,0.45454545454545453
49d62ac17e81023dfda4f1fbd98b20dffef37049768e793592211bd40495468c,526438862#1,-101752975#1,0.2727272727272727,0.5454545454545454,0.7272727272727273,0.18181818181818182,0.7272727272727273,0.45454545454545453,0.45454545454545453,0.36363636363636365,0.9090909090909091,0.2727272727272727,0.8181818181818182,0.7272727272727273,0.8181818181818182,0.0,0.09090909090909091,0.7272727272727273,0.8181818181818182
3e3082bf16c129ed18398f7f318cff1045e5dbb2bbff19d2b6039db2f76b33ef,526438862#1,-101752975#1,0.8181818181818182,0.18181818181818182,0.36363636363636365,1.0,0.09090909090909091,0.18181818181818182,0.9090909090909091,0.8181818181818182,0.22727272727272727,0.8181818181818182,0.36363636363636365,0.09090909090909091,0.18181818181818182,1.0,0.9090909090909091,0.6363636363636364,0.7272727272727273
25f31249acb07bebeace00e8dfc43f0e65ae694bac51d1d25296fdded339012b,526438862#1,-101752975#1,1.0,1.0,0.0,0.5454545454545454,0.0,0.36363636363636365,1.0,0.5454545454545454,0.22727272727272727,0.6363636363636364,0.45454545454545453,0.2727272727272727,1.0,0.6363636363636364,1.0,1.0,0.9545454545454546
4dc1cecf2197a02e67e3526ae88fc56254ca7abe5572cdd536301bf4df54a259,526438862#1,-101752975#1,0.45454545454545453,0.36363636363636365,0.5454545454545454,0.9090909090909091,0.45454545454545453,1.0,0.18181818181818182,0.6363636363636364,0.22727272727272727,0.7272727272727273,0.9090909090909091,0.9090909090909091,0.2727272727272727,0.9090909090909091,0.6363636363636364,0.36363636363636365,0.18181818181818182
503c4ea61c63cbb27d5c7c4d5afd28f3205d1e3a3c8beefd31ae12e09075b8af,526438862#1,-101752975#1,0.36363636363636365,0.8181818181818182,1.0,0.4090909090909091,0.6363636363636364,0.8181818181818182,0.36363636363636365,0.45454545454545453,0.6363636363636364,0.09090909090909091,0.7272727272727273,0.45454545454545453,0.6363636363636364,0.2727272727272727,0.45454545454545453,0.18181818181818182,0.2727272727272727
5afbd11706d57a86397a78069533a2ae37625e2d185d8f551c674764585b584f,526438862#1,-101752975#1,0.0,0.45454545454545453,0.6363636363636364,0.09090909090909091,1.0,0.5454545454545454,0.2727272727272727,0.2727272727272727,1.0,0.36363636363636365,0.2727272727272727,0.8181818181818182,0.7272727272727273,0.18181818181818182,0.0,0.45454545454545453,0.9545454545454546
6d74b828a8de0af6fe7b5aa4c21472cc6b2e3b86bf38638eb1f26bf743399710,526438862#1,-101752975#1,0.5454545454545454,0.2727272727272727,0.13636363636363635,0.6363636363636364,0.36363636363636365,0.6363636363636364,0.5454545454545454,0.7272727272727273,0.22727272727272727,1.0,1.0,1.0,0.36363636363636365,0.5454545454545454,0.5454545454545454,0.9090909090909091,0.09090909090909091
a8c63f63e959178930a1ab0b0af415bdf07f43aae7d6187de724b9e27184346b,-101752975#1,101606547#1,0.0,0.18181818181818182,1.0,0.0,0.36363636363636365,0.9090909090909091,0.18181818181818182,0.2727272727272727,0.5,0.36363636363636365,0.36363636363636365,0.45454545454545453,0.18181818181818182,0.09090909090909091,0.0,0.0,0.0
bfadf36a25e8c58082316f1e6ba24c02d86bceb8f7ad1522fc9e24357af138da,-101752975#1,101606547#1,0.45454545454545453,0.36363636363636365,0.2727272727272727,0.6363636363636364,0.0,0.09090909090909091,1.0,0.0,0.5,0.5454545454545454,0.7272727272727273,0.2727272727272727,0.36363636363636365,0.0,0.3181818181818182,0.18181818181818182,0.4090909090909091
60ad202370683d05e9faa2074e21dc105cfe77982414d71d24b73be8a5c81334,-101752975#1,101606547#1,0.7272727272727273,1.0,0.5454545454545454,0.18181818181818182,1.0,0.7272727272727273,0.0,0.7272727272727273,0.5,0.09090909090909091,0.0,0.0,1.0,0.6363636363636364,1.0,0.9090909090909091,0.9545454545454546
64f8e74b1cc3e58e36580af366c107f2377d26a061f220e4b7cbfbf0e96546b3,-101752975#1,101606547#1,0.09090909090909091,0.09090909090909091,0.6363636363636364,0.36363636363636365,0.45454545454545453,1.0,0.09090909090909091,0.36363636363636365,0.5,0.45454545454545453,0.45454545454545453,0.5454545454545454,0.09090909090909091,0.8181818181818182,0.09090909090909091,0.09090909090909091,0.09090909090909091
219f9d8e16c4f18e166bca15651e2ac1fce7e7937bc18a5d750f7e5443e2e2c9,-101752975#1,101606547#1,0.36363636363636365,0.5454545454545454,0.9090909090909091,0.09090909090909091,0.8181818181818182,0.45454545454545453,0.5454545454545454,0.45454545454545453,0.5,0.2727272727272727,0.18181818181818182,0.18181818181818182,0.5454545454545454,0.5454545454545454,0.5454545454545454,0.45454545454545453,0.5454545454545454
dac6b38b7eb268a2bd2c99574207262b4505e96fdee49cba4bfe13715150e439,-101752975#1,101606547#1,0.2727272727272727,0.2727272727272727,0.36363636363636365,0.5454545454545454,0.9090909090909091,0.18181818181818182,0.45454545454545453,0.5454545454545454,0.5,0.0,0.09090909090909091,0.36363636363636365,0.2727272727272727,1.0,0.7272727272727273,0.8181818181818182,0.6363636363636364
4213e02a6f60aac3519baa95598a50a709b9c4083b12b1e4892870727e885e61,-101752975#1,101606547#1,0.9090909090909091,0.7272727272727273,0.09090909090909091,1.0,0.2727272727272727,0.6363636363636364,0.36363636363636365,1.0,0.5,0.8181818181818182,0.8181818181818182,0.09090909090909091,0.7272727272727273,0.2727272727272727,0.45454545454545453,0.5454545454545454,0.18181818181818182
84f4e5290525db8f6a78ea42083b66f1477251024b8dbbf44ab173cc9c5c6072,-101752975#1,101606547#1,1.0,0.9090909090909091,0.0,0.7272727272727273,0.5454545454545454,0.0,0.8181818181818182,0.6363636363636364,0.5,0.6363636363636364,1.0,0.7272727272727273,0.9090909090909091,0.9090909090909091,0.9090909090909091,1.0,0.9545454545454546
a3bdad7b47e16e685d72e10a9ad2c57d0c50f125771cf8ac3f1fe8eca945d5f8,-101752975#1,101606547#1,0.6363636363636364,0.45454545454545453,0.18181818181818182,0.9090909090909091,0.18181818181818182,0.8181818181818182,0.2727272727272727,0.9090909090909091,0.5,0.9090909090909091,0.6363636363636364,1.0,0.45454545454545453,0.7272727272727273,0.6363636363636364,0.6363636363636364,0.7272727272727273
ecbbd4766181f91980add946d930b14ec10d9be3b2aeaf76166413fcf514b4f7,-101752975#1,101606547#1,0.5454545454545454,0.6363636363636364,0.45454545454545453,0.45454545454545453,0.6363636363636364,0.5454545454545454,0.7272727272727273,0.18181818181818182,0.5,0.18181818181818182,0.5454545454545454,0.9090909090909091,0.6363636363636364,0.18181818181818182,0.18181818181818182,0.2727272727272727,0.2727272727272727
6a37ad526d594ff86e35d18305ed01850d745ea4d0f34d44ba9ca8a55eef1a5d,-101752975#1,101606547#1,0.8181818181818182,0.8181818181818182,0.8181818181818182,0.8181818181818182,0.7272727272727273,0.2727272727272727,0.6363636363636364,0.8181818181818182,0.5,0.7272727272727273,0.2727272727272727,0.8181818181818182,0.8181818181818182,0.45454545454545453,0.8181818181818182,0.7272727272727273,0.8181818181818182
8150b72e8f9112d6563e0d206b1c19d616e06d95bb257b4827a887b9e2afb03e,-101752975#1,101606547#1,0.18181818181818182,0.0,0.7272727272727273,0.2727272727272727,0.09090909090909091,0.36363636363636365,0.9090909090909091,0.09090909090909091,0.5,1.0,0.9090909090909091,0.6363636363636364,0.0,0.36363636363636365,0.3181818181818182,0.36363636363636365,0.4090909090909091
b4a30d12c0742ff454feb21874756b1590745e4d58cc98d3d852afeb9e4d213d,-100468681#0,101417074,0.36363636363636365,0.2727272727272727,0.6363636363636364,0.9090909090909091,0.9090909090909091,0.8181818181818182,0.09090909090909091,0.7272727272727273,0.45454545454545453,0.18181818181818182,0.18181818181818182,0.45454545454545453,0.2727272727272727,0.8181818181818182,0.4090909090909091,0.09090909090909091,0.3181818181818182
28990ea65f36dc2d56da2abd921a9b7a937b9bae595fa476c4be7f17a4b709cd,-100468681#0,101417074,0.8181818181818182,0.9090909090909091,0.45454545454545453,0.5,0.09090909090909091,0.0,1.0,0.09090909090909091,0.45454545454545453,1.0,1.0,0.45454545454545453,0.9090909090909091,0.18181818181818182,0.9545454545454546,0.9090909090909091,0.9090909090909091
b553fe9e7a67fd85fbfa3f0bf3fc1cd63fe0ae6d3b84827608c73ca6d6665f99,-100468681#0,101417074,0.2727272727272727,0.09090909090909091,0.7272727272727273,1.0,0.5454545454545454,1.0,0.18181818181818182,0.2727272727272727,0.45454545454545453,0.36363636363636365,0.36363636363636365,0.45454545454545453,0.09090909090909091,0.6363636363636364,0.2727272727272727,0.18181818181818182,0.18181818181818182
d86d0306d5f3240bea397bd0981ae53ff235e748326a2041b4f746d684024f82,-100468681#0,101417074,0.5454545454545454,0.6363636363636364,0.8181818181818182,0.8181818181818182,0.2727272727272727,0.6363636363636364,0.36363636363636365,0.45454545454545453,0.45454545454545453,0.0,0.0,0.45454545454545453,0.5454545454545454,0.2727272727272727,0.4090909090909091,0.5454545454545454,0.3181818181818182
b799ce27c101cb2ff6a741a3051d7f4eb18252a63d4bc465bb851e8c6b692c84,-100468681#0,101417074,0.0,0.0,0.0,0.0,0.0,0.09090909090909091,0.9090909090909091,0.0,1.0,0.5454545454545454,0.9090909090909091,1.0,0.0,1.0,0.0,1.0,0.9090909090909091
7d86e8d1372d4d7cdd52be54a2b08066d4d170c6c8f6d61295f0190c58a87788,-100468681#0,101417074,0.9090909090909091,0.8181818181818182,0.2727272727272727,0.36363636363636365,0.18181818181818182,0.18181818181818182,0.8181818181818182,0.18181818181818182,0.45454545454545453,0.6363636363636364,0.5454545454545454,0.45454545454545453,0.8181818181818182,0.0,0.7272727272727273,0.45454545454545453,0.6363636363636364
20d0fa2cc58f3b8cbba2bd8679921f56cbcad935e1a25dca535ff5e3513eb2f7,-100468681#0,101417074,0.7272727272727273,0.5454545454545454,0.09090909090909091,0.09090909090909091,0.7272727272727273,0.5454545454545454,0.45454545454545453,0.9090909090909091,0.45454545454545453,0.8181818181818182,0.7272727272727273,0.45454545454545453,0.7272727272727273,0.36363636363636365,0.8181818181818182,0.0,0.7272727272727273
be3ae0acf4d97c212f670d370dd4519d1d127f3b352304aeb53ad435446d8f26,-100468681#0,101417074,1.0,1.0,0.18181818181818182,0.18181818181818182,0.45454545454545453,0.2727272727272727,0.7272727272727273,0.5454545454545454,0.45454545454545453,0.45454545454545453,0.45454545454545453,0.45454545454545453,1.0,0.09090909090909091,0.9545454545454546,0.2727272727272727,0.9090909090909091
437011782b4390dacc490d1ab410e8a88ff7afbeb463673dee348b4aa057f919,-100468681#0,101417074,0.6363636363636364,0.7272727272727273,0.36363636363636365,0.5,0.6363636363636364,0.36363636363636365,0.6363636363636364,0.8181818181818182,0.45454545454545453,0.7272727272727273,0.6363636363636364,0.45454545454545453,0.6363636363636364,0.45454545454545453,0.6363636363636364,0.36363636363636365,0.5454545454545454
3b34898917e790853cc2e50943fffd0b7cb9140e586bb459341a32b31701546a,-100468681#0,101417074,0.18181818181818182,0.36363636363636365,1.0,0.2727272727272727,0.36363636363636365,0.7272727272727273,0.2727272727272727,0.36363636363636365,0.45454545454545453,0.09090909090909091,0.09090909090909091,0.45454545454545453,0.36363636363636365,0.7272727272727273,0.13636363636363635,0.7272727272727273,0.045454545454545456
b5b51423c8bea6bc3958a7a5f6432a7fc35710b000c500fbf3d80dcd49eb6649,-100468681#0,101417074,0.45454545454545453,0.45454545454545453,0.5454545454545454,0.6363636363636364,0.8181818181818182,0.45454545454545453,0.5454545454545454,1.0,0.45454545454545453,0.9090909090909091,0.8181818181818182,0.45454545454545453,0.45454545454545453,0.5454545454545454,0.5454545454545454,0.6363636363636364,0.45454545454545453
77046e8d41e509836964a76f7a156019f7ecfb479ad23099f7a3476f7fa489a6,-100468681#0,101417074,0.09090909090909091,0.18181818181818182,0.9090909090909091,0.7272727272727273,1.0,0.9090909090909091,0.0,0.6363636363636364,0.45454545454545453,0.2727272727272727,0.2727272727272727,0.45454545454545453,0.18181818181818182,0.9090909090909091,0.13636363636363635,0.8181818181818182,0.045454545454545456
89a40a1d109c33ba59fff237da775dea4ba7a61f8974e1f7d2e0b2fb67d4efa0,-101601559,-100468681#0,0.4,0.4,0.0,0.3,0.5,1.0,0.0,1.0,0.5,0.6,0.5,0.5,0.4,0.0,0.4,0.4,0.1
f1eea244e73fb98e0a80e5da9186b2fb78161be909065742f24d6abfdcd1738c,-101601559,-100468681#0,0.6,0.6,0.2,0.6,0.5,0.6,0.4,0.6,0.5,0.4,0.5,0.5,0.6,0.2,0.6,0.0,0.1
63b33f38b3aa82515c2240612447ce399821f7ad21de3c96c4668c757e0da4ba,-101601559,-100468681#0,0.2,0.2,1.0,0.8,0.5,0.0,1.0,0.0,0.5,0.8,0.5,0.5,0.2,0.8,0.2,0.8,0.7
a522a04977f2b951b74e41c6faf2d90c2d6acda417def59b37713a148a73ad07,-101601559,-100468681#0,0.0,0.0,0.8,1.0,0.5,0.2,0.8,0.2,0.5,1.0,0.5,0.5,0.0,1.0,0.0,1.0,0.7
bf852d33b7f80d45cd474bb22249fcfcedcabbae7e8dfb1ee75ebcd5f6d80890,-101601559,-100468681#0,0.8,0.8,0.4,0.3,0.5,0.8,0.2,0.8,0.5,0.2,0.5,0.5,0.8,0.6,0.8,0.6,0.7
3a3c0b3872051d1c2384b2078934da234d1dede6f2ce78af8af0d153f2fbd2b4,-101601559,-100468681#0,1.0,1.0,0.6,0.0,0.5,0.4,0.6,0.4,0.5,0.0,0.5,0.5,1.0,0.4,1.0,0.2,0.7
479b3b9b4c9c08d470a719f0a0af62af9879c70a3b9bbbd8c61aa3a1cf204e02,416409192#0,101606547#1,0.0,0.0,0.7272727272727273,0.36363636363636365,0.2727272727272727,0.5454545454545454,0.7272727272727273,0.2727272727272727,0.5,0.2727272727272727,0.36363636363636365,0.45454545454545453,0.0,0.8181818181818182,0.0,0.09090909090909091,0.09090909090909091
922830c11f029001130b7c01ce332737e31ff61740639ac520410c46045c59b2,416409192#0,101606547#1,0.09090909090909091,0.09090909090909091,0.8181818181818182,0.18181818181818182,0.2727272727272727,0.45454545454545453,0.8181818181818182,0.18181818181818182,0.5,0.18181818181818182,0.2727272727272727,0.36363636363636365,0.09090909090909091,1.0,0.09090909090909091,0.0,0.0
b84eadb601b7e0a38178199d8479fffbeeef481c36a314bf3f89c5f3801db11f,416409192#0,101606547#1,0.7272727272727273,0.8181818181818182,0.6363636363636364,0.2727272727272727,1.0,0.7272727272727273,0.0,0.9090909090909091,0.5,0.5454545454545454,0.8181818181818182,0.0,0.8181818181818182,0.18181818181818182,0.7272727272727273,0.7272727272727273,0.5454545454545454
c6ff6c4cffea7290147e4ea99b18ce9821c1a076b79174c2e0c78338ce56fe24,416409192#0,101606547#1,0.18181818181818182,0.18181818181818182,0.9090909090909091,0.09090909090909091,0.2727272727272727,0.36363636363636365,0.9090909090909091,0.09090909090909091,0.5,0.09090909090909091,0.18181818181818182,0.2727272727272727,0.18181818181818182,0.5454545454545454,0.18181818181818182,0.2727272727272727,0.2727272727272727
03422f513887db43d77a48d5ec9408e4e7862280cf09ccde504a43a15a36114f,416409192#0,101606547#1,0.45454545454545453,0.36363636363636365,0.18181818181818182,0.9090909090909091,0.2727272727272727,0.18181818181818182,0.45454545454545453,0.5454545454545454,0.5,0.7272727272727273,0.6363636363636364,0.9090909090909091,0.36363636363636365,0.36363636363636365,0.36363636363636365,0.45454545454545453,0.45454545454545453
3d786412fe0ada3285c6c8987aa85cc6fc8af3607970163ab0d1926a81dd0a04,416409192#0,101606547#1,0.5454545454545454,0.45454545454545453,0.36363636363636365,0.8181818181818182,0.2727272727272727,0.09090909090909091,0.5454545454545454,0.45454545454545453,0.5,0.6363636363636364,0.5454545454545454,0.8181818181818182,0.45454545454545453,0.6363636363636364,0.45454545454545453,0.36363636363636365,0.36363636363636365
6326afa2a70514952d5ff48c1fe900f7f8627c31da799bf65a53c99381d4113f,416409192#0,101606547#1,0.2727272727272727,0.2727272727272727,1.0,0.0,0.2727272727272727,0.2727272727272727,1.0,0.0,0.5,0.0,0.09090909090909091,0.18181818181818182,0.2727272727272727,0.7272727272727273,0.2727272727272727,0.18181818181818182,0.18181818181818182
e9ee6060f2a66cf1ebf89915d111e94bad4281c439330682d9390a48a793ca37,416409192#0,101606547#1,0.6363636363636364,0.5454545454545454,0.45454545454545453,0.7272727272727273,0.2727272727272727,0.0,0.6363636363636364,0.36363636363636365,0.5,0.45454545454545453,0.45454545454545453,0.7272727272727273,0.5454545454545454,0.2727272727272727,0.5454545454545454,0.5454545454545454,0.8181818181818182
91e919858c230920116b7a54388a510de537904c5524d9cdcbe7f797d8346006,416409192#0,101606547#1,1.0,0.9090909090909091,0.0,1.0,0.6363636363636364,0.9090909090909091,0.18181818181818182,1.0,0.5,0.8181818181818182,0.7272727272727273,1.0,1.0,0.45454545454545453,1.0,1.0,0.9545454545454546
406e25f9765ad9b9500468e70c045c15641e5fddb202a54fba809af21213133b,416409192#0,101606547#1,0.9090909090909091,1.0,0.5454545454545454,0.45454545454545453,0.8181818181818182,0.6363636363636364,0.36363636363636365,0.6363636363636364,0.5,0.9090909090909091,0.9090909090909091,0.5454545454545454,0.9090909090909091,0.0,0.8636363636363636,0.8181818181818182,0.9545454545454546
a839679fb3e47b3626269b5b438bb3558faa1fa8929d34fdb803ac7b8abdbdde,416409192#0,101606547#1,0.8181818181818182,0.7272727272727273,0.2727272727272727,0.5454545454545454,0.9090909090909091,0.8181818181818182,0.2727272727272727,0.7272727272727273,0.5,1.0,1.0,0.6363636363636364,0.7272727272727273,0.09090909090909091,0.6363636363636364,0.6363636363636364,0.6363636363636364
25344050b61c72a6f49b6107bce91eff3a03c8c3f3378cb2db464edc9721307c,416409192#0,101606547#1,0.36363636363636365,0.6363636363636364,0.09090909090909091,0.6363636363636364,0.7272727272727273,1.0,0.09090909090909091,0.8181818181818182,0.5,0.36363636363636365,0.0,0.09090909090909091,0.6363636363636364,0.9090909090909091,0.8636363636363636,0.9090909090909091,0.7272727272727273
41beef267de096321136ddc12a8fd10bedd694f370074e481b9c22f4a9bd020c,336863927#3,-619184994,0.0,0.0,0.9090909090909091,1.0,0.5,1.0,0.0,1.0,0.5,0.9090909090909091,0.9090909090909091,0.9090909090909091,0.0,0.9090909090909091,0.0,0.09090909090909091,0.36363636363636365
22182519aed31cea1e6f397b565abea348fd7904870684105de029e642771fff,336863927#3,-619184994,0.36363636363636365,0.45454545454545453,1.0,0.5,0.5,0.09090909090909091,0.9090909090909091,0.09090909090909091,0.5,0.5454545454545454,0.5454545454545454,0.045454545454545456,0.45454545454545453,0.7272727272727273,0.9090909090909091,0.9090909090909091,0.6818181818181818
4a8bc2027320163415c5b3afca4b789a18d67cfd3c7683d62ed5dc7f1d52c7aa,336863927#3,-619184994,0.2727272727272727,0.2727272727272727,0.7727272727272727,0.8636363636363636,0.5,0.7272727272727273,0.2727272727272727,0.7272727272727273,0.5,0.6363636363636364,0.6363636363636364,0.6363636363636364,0.2727272727272727,0.5454545454545454,0.09090909090909091,0.0,0.2727272727272727
6dc32bc49a38a93b7c1b1646fcb75104752044713d32595e2a785fa96ebbe179,336863927#3,-619184994,0.09090909090909091,0.09090909090909091,0.6363636363636364,0.6818181818181818,0.5,0.9090909090909091,0.09090909090909091,0.9090909090909091,0.5,0.8181818181818182,0.8181818181818182,0.8181818181818182,0.09090909090909091,1.0,0.2727272727272727,0.36363636363636365,0.09090909090909091
8ba6f5da50b76f33b314ad53e5d22c5fd5807e0491065da91675de3d0b0f85c7,336863927#3,-619184994,0.45454545454545453,0.36363636363636365,0.09090909090909091,0.09090909090909091,0.5,0.36363636363636365,0.6363636363636364,0.36363636363636365,0.5,1.0,1.0,1.0,0.36363636363636365,0.18181818181818182,0.6363636363636364,0.8181818181818182,0.9545454545454546
a4d71391925ae3d34d457c15774dcd6729356d8dd7058cf53df28054558bd0ce,336863927#3,-619184994,0.5454545454545454,0.5454545454545454,0.45454545454545453,0.6818181818181818,0.5,0.6363636363636364,0.36363636363636365,0.6363636363636364,0.5,0.45454545454545453,0.45454545454545453,0.5454545454545454,0.5454545454545454,0.09090909090909091,0.18181818181818182,0.18181818181818182,0.0
fb4e54e6aed32c6cfbd395a44f0c0dbf7fd42f74b6e4a382d4b32adcb9aa9aea,336863927#3,-619184994,0.7272727272727273,0.7272727272727273,0.0,0.0,0.5,0.45454545454545453,0.5454545454545454,0.45454545454545453,0.5,0.2727272727272727,0.2727272727272727,0.36363636363636365,0.7272727272727273,0.6363636363636364,0.5454545454545454,0.7272727272727273,0.5454545454545454
ef01fa064a92ffdedb0273ad0e4467194a0b60a9ee16d3e10a64149d71eef4c5,336863927#3,-619184994,0.6363636363636364,0.6363636363636364,0.36363636363636365,0.5,0.5,0.5454545454545454,0.45454545454545453,0.5454545454545454,0.5,0.36363636363636365,0.36363636363636365,0.45454545454545453,0.6363636363636364,0.36363636363636365,0.45454545454545453,0.45454545454545453,0.8181818181818182
0e71804ea19b460f53f3092badc84f397c3378d16e7e8a931ec4848c07d907ce,336863927#3,-619184994,1.0,1.0,0.5454545454545454,0.36363636363636365,0.5,0.0,1.0,0.0,0.5,0.0,0.0,0.045454545454545456,0.9090909090909091,0.45454545454545453,1.0,1.0,0.9545454545454546
819801168684a4442d81bcffdacbb47a6dc83604d065e90c2939d75ffb9501dd,336863927#3,-619184994,0.8181818181818182,0.8181818181818182,0.2727272727272727,0.2727272727272727,0.5,0.2727272727272727,0.7272727272727273,0.2727272727272727,0.5,0.18181818181818182,0.18181818181818182,0.2727272727272727,0.8181818181818182,0.2727272727272727,0.7272727272727273,0.5454545454545454,0.45454545454545453
df73f5ae0387fe70abb2c40c652f2be6cda217637b65494d1c6f8b207c2a8c9c,336863927#3,-619184994,0.9090909090909091,0.9090909090909091,0.18181818181818182,0.18181818181818182,0.5,0.18181818181818182,0.8181818181818182,0.18181818181818182,0.5,0.09090909090909091,0.09090909090909091,0.18181818181818182,1.0,0.0,0.8181818181818182,0.6363636363636364,0.6818181818181818
df89572857ea3c476c566edf4ff2d595f79efa052286a5514f50d0cfb3044bf6,336863927#3,-619184994,0.18181818181818182,0.18181818181818182,0.7727272727272727,0.8636363636363636,0.5,0.8181818181818182,0.18181818181818182,0.8181818181818182,0.5,0.7272727272727273,0.7272727272727273,0.7272727272727273,0.18181818181818182,0.8181818181818182,0.36363636363636365,0.2727272727272727,0.18181818181818182
2dcaeac980caf69d9b160658a70f46869c13c989b1e8cd9028b9e16f5856e97d,101607964#0,-101600741#2,0.0,0.0,0.18181818181818182,0.18181818181818182,0.45454545454545453,0.36363636363636365,0.6363636363636364,0.36363636363636365,0.5,1.0,1.0,1.0,0.0,0.7272727272727273,0.0,0.36363636363636365,0.0
4eaf2f6125739686cc35ef1dd91f90917dfe5168f65133c57629e12082cd0b92,101607964#0,-101600741#2,0.18181818181818182,0.09090909090909091,0.45454545454545453,0.45454545454545453,0.45454545454545453,0.6363636363636364,0.45454545454545453,0.5454545454545454,0.5,0.9090909090909091,0.9090909090909091,0.045454545454545456,0.09090909090909091,0.5454545454545454,0.09090909090909091,0.7272727272727273,0.2727272727272727
aba237a8e295f93f0f67dc7d7a8dc3ece40ba2b04a73f90b217c412bd78aa746,101607964#0,-101600741#2,0.36363636363636365,0.36363636363636365,0.2727272727272727,0.2727272727272727,0.45454545454545453,0.7272727272727273,0.36363636363636365,0.6363636363636364,0.5,0.2727272727272727,0.5454545454545454,0.7272727272727273,0.36363636363636365,1.0,0.8181818181818182,0.9090909090909091,0.5454545454545454
f3d6eb05eceb46ca7a5f1903f344e182cc9d445c26383e71ad0cda08cd0b1ceb,101607964#0,-101600741#2,0.09090909090909091,0.18181818181818182,0.7272727272727273,0.7272727272727273,0.45454545454545453,0.2727272727272727,0.7272727272727273,0.2727272727272727,0.5,0.8181818181818182,0.7272727272727273,0.9090909090909091,0.18181818181818182,0.6363636363636364,0.18181818181818182,0.6363636363636364,0.09090909090909091
6e93cbd73bb8a9cfac17261b75a4e5b5aba473b5a4e77451fd47c64221d0f795,101607964#0,-101600741#2,1.0,1.0,0.9090909090909091,0.8181818181818182,0.45454545454545453,0.8181818181818182,0.18181818181818182,0.7272727272727273,0.5,0.0,0.0,0.18181818181818182,1.0,0.45454545454545453,0.9090909090909091,0.5454545454545454,0.45454545454545453
a0274fea20c5436dd2d58a520b25a1bb47881a3768240e82e565bb041d70ff05,101607964#0,-101600741#2,0.45454545454545453,0.7272727272727273,0.8181818181818182,0.9090909090909091,0.45454545454545453,0.9090909090909091,0.09090909090909091,0.8181818181818182,0.5,0.18181818181818182,0.18181818181818182,0.45454545454545453,0.7272727272727273,0.36363636363636365,0.5454545454545454,0.2727272727272727,0.8181818181818182
c7f098d113f7aca422292eefd57b6cd9a14ff93bb49ce64e7e4efcf888b6fb39,101607964#0,-101600741#2,0.5454545454545454,0.8181818181818182,1.0,1.0,0.45454545454545453,1.0,0.0,0.9090909090909091,0.5,0.09090909090909091,0.09090909090909091,0.36363636363636365,0.8181818181818182,0.2727272727272727,0.6363636363636364,0.18181818181818182,0.9545454545454546
a3dba87db2efa038a1ae6f0819c90d2a0b53ec5d7f8c62f8f77b6a944d5b70b4,101607964#0,-101600741#2,0.6363636363636364,0.5454545454545454,0.36363636363636365,0.36363636363636365,0.45454545454545453,0.45454545454545453,0.5454545454545454,0.45454545454545453,0.5,0.45454545454545453,0.36363636363636365,0.045454545454545456,0.5454545454545454,0.09090909090909091,0.7272727272727273,0.45454545454545453,0.36363636363636365
8087019353a9e633e6e5bdbed9f0cef05350676f997da15c002cc4d9996c85e0,101607964#0,-101600741#2,0.7272727272727273,0.45454545454545453,0.045454545454545456,0.045454545454545456,0.45454545454545453,0.09090909090909091,0.9090909090909091,0.09090909090909091,0.5,0.5454545454545454,0.45454545454545453,0.6363636363636364,0.45454545454545453,0.18181818181818182,0.36363636363636365,0.09090909090909091,0.6818181818181818
424fcadb8c83b8c353b3fab40daa6566279bc5e6ffdd67e0cd79d9bba523707b,101607964#0,-101600741#2,0.9090909090909091,0.9090909090909091,0.5454545454545454,0.5454545454545454,1.0,0.5454545454545454,0.2727272727272727,1.0,0.5,0.6363636363636364,0.8181818181818182,0.2727272727272727,0.9090909090909091,0.9090909090909091,1.0,1.0,0.9545454545454546
8bfda54fcfb05c57be2c9be9e02afeb2b99b8ec903cf27c431c87e33efef462a,101607964#0,-101600741#2,0.8181818181818182,0.6363636363636364,0.045454545454545456,0.045454545454545456,0.45454545454545453,0.0,1.0,0.0,0.5,0.36363636363636365,0.2727272727272727,0.5454545454545454,0.6363636363636364,0.0,0.36363636363636365,0.0,0.6818181818181818
7cfa1686062240d3a1f688d8434dc3599ea18341262f17a82aec9c48b3f1fbeb,101607964#0,-101600741#2,0.2727272727272727,0.2727272727272727,0.6363636363636364,0.6363636363636364,0.45454545454545453,0.18181818181818182,0.8181818181818182,0.18181818181818182,0.5,0.7272727272727273,0.6363636363636364,0.8181818181818182,0.2727272727272727,0.8181818181818182,0.36363636363636365,0.8181818181818182,0.18181818181818182
71b676d42ae04a64a92c07511f00007536a56c2ecec5eec0fa87dbf63c3bab5e,-101604513#1,101606547#1,0.0,0.0,0.36363636363636365,0.36363636363636365,0.36363636363636365,0.3181818181818182,0.8636363636363636,0.13636363636363635,0.4090909090909091,0.13636363636363635,0.13636363636363635,0.5,0.0,0.9090909090909091,0.0,0.2727272727272727,0.13636363636363635
971322b31de46fef20cc0786beecb35fd9e578353cd17051592b478a418467a9,-101604513#1,101606547#1,0.2727272727272727,0.5454545454545454,0.9090909090909091,0.0,0.36363636363636365,0.3181818181818182,0.8636363636363636,0.13636363636363635,0.4090909090909091,0.13636363636363635,0.13636363636363635,0.5,0.45454545454545453,0.6363636363636364,0.2727272727272727,0.0,0.3181818181818182
a454e717fd77f9da07aa0cd285ee72f33e9174230ee1366276559b0f2d0328d0,-101604513#1,101606547#1,0.5454545454545454,0.45454545454545453,0.8181818181818182,0.8181818181818182,0.36363636363636365,0.3181818181818182,0.45454545454545453,0.5454545454545454,0.4090909090909091,0.7272727272727273,0.6363636363636364,0.5,0.5454545454545454,0.18181818181818182,0.5454545454545454,0.5454545454545454,0.6818181818181818
63ac41dc0db82e3aed4d512337e18c1776cf63525b250b8d07a3143aa212552a,-101604513#1,101606547#1,0.36363636363636365,0.09090909090909091,0.45454545454545453,1.0,0.36363636363636365,0.3181818181818182,0.2727272727272727,0.7272727272727273,0.4090909090909091,0.9090909090909091,0.9090909090909091,0.5,0.18181818181818182,0.7272727272727273,0.36363636363636365,0.6363636363636364,0.6818181818181818
5642150e7b2ba03cc084c244f8713ba56ee86f4bd5f8dcce396f80c57878b0cf,-101604513#1,101606547#1,0.09090909090909091,0.18181818181818182,0.5454545454545454,0.18181818181818182,0.36363636363636365,0.3181818181818182,0.8636363636363636,0.13636363636363635,0.4090909090909091,0.13636363636363635,0.13636363636363635,0.5,0.09090909090909091,1.0,0.09090909090909091,0.09090909090909091,0.3181818181818182
32a9e71c1b2c10223be52f579882c2ff3bba7ee641eb94faabf15e856b18e625,-101604513#1,101606547#1,0.18181818181818182,0.36363636363636365,0.7272727272727273,0.09090909090909091,0.36363636363636365,0.3181818181818182,0.8636363636363636,0.13636363636363635,0.4090909090909091,0.13636363636363635,0.13636363636363635,0.5,0.36363636363636365,0.45454545454545453,0.18181818181818182,0.18181818181818182,0.13636363636363635
47c69a16830bbad8e45be3e15661695571260eb789e476be6d81f3f22be8bc77,-101604513#1,101606547#1,0.45454545454545453,0.2727272727272727,0.6363636363636364,0.9090909090909091,0.36363636363636365,0.3181818181818182,0.36363636363636365,0.6363636363636364,0.4090909090909091,0.8181818181818182,0.7272727272727273,0.5,0.2727272727272727,0.8181818181818182,0.45454545454545453,0.45454545454545453,0.9090909090909091
76b07fed674654212a92fd0b93d2a00b1da6b754f67f295a72a0e856519fd5ef,-101604513#1,101606547#1,0.6363636363636364,0.6363636363636364,1.0,0.7272727272727273,0.36363636363636365,0.3181818181818182,0.5454545454545454,0.45454545454545453,0.4090909090909091,0.6363636363636364,0.5454545454545454,0.5,0.6363636363636364,0.2727272727272727,0.6363636363636364,0.36363636363636365,0.9090909090909091
6158de6c4a353cab16adb58ab50e6e85856a20cf4a40675e1050e5d486f80df3,-101604513#1,101606547#1,1.0,1.0,0.18181818181818182,0.6363636363636364,0.8181818181818182,0.9090909090909091,0.18181818181818182,0.8181818181818182,0.4090909090909091,0.45454545454545453,1.0,0.5,1.0,0.0,0.7272727272727273,0.7272727272727273,0.45454545454545453
3146fcc397a52a156931963ab3ad61cb8624f2f684ecf8b8c74f2991d792d25d,-101604513#1,101606547#1,0.7272727272727273,0.7272727272727273,0.2727272727272727,0.2727272727272727,0.36363636363636365,0.7272727272727273,0.6363636363636364,0.36363636363636365,0.4090909090909091,0.36363636363636365,0.45454545454545453,0.5,0.7272727272727273,0.5454545454545454,0.8181818181818182,0.8181818181818182,0.0
766f6acc53d1931a35255a7cb5e25bb84132f385ee3b3cbe7471c95ad07cfebe,-101604513#1,101606547#1,0.9090909090909091,0.9090909090909091,0.09090909090909091,0.5454545454545454,0.9090909090909091,0.8181818181818182,0.09090909090909091,0.9090909090909091,0.9090909090909091,1.0,0.8181818181818182,0.5,0.9090909090909091,0.09090909090909091,1.0,1.0,0.9090909090909091
51ad8e5b77beb1e2015d32828ec73945cb77df1a67117f7aa4542c45946f3307,-101604513#1,101606547#1,0.8181818181818182,0.8181818181818182,0.0,0.45454545454545453,1.0,1.0,0.0,1.0,1.0,0.5454545454545454,0.36363636363636365,0.5,0.8181818181818182,0.36363636363636365,0.9090909090909091,0.9090909090909091,0.5454545454545454
3955fb55324c8685c3c9f9b5679f68fe864e74c17a3aa487ef3d8ced3de1b267,-101605951#3,526438862#2,0.6363636363636364,0.45454545454545453,0.18181818181818182,0.6363636363636364,1.0,0.22727272727272727,0.18181818181818182,0.5454545454545454,0.36363636363636365,0.45454545454545453,0.5454545454545454,0.3181818181818182,0.5454545454545454,0.5454545454545454,0.36363636363636365,0.2727272727272727,0.45454545454545453
65f5a99b6a351719bd7d637e579a2ec9e5c776a809456ed45e9d877fe2604885,-101605951#3,526438862#2,0.09090909090909091,0.36363636363636365,1.0,0.45454545454545453,0.0,0.22727272727272727,1.0,0.0,0.36363636363636365,0.0,0.13636363636363635,0.3181818181818182,0.18181818181818182,0.45454545454545453,0.09090909090909091,0.18181818181818182,0.09090909090909091
037f47cb014d2a11381c079404950b5e1c4da57d63ac8d664b6980d4ab4a9043,-101605951#3,526438862#2,0.18181818181818182,0.0,0.2727272727272727,0.9090909090909091,0.2727272727272727,0.22727272727272727,0.6363636363636364,0.36363636363636365,0.36363636363636365,0.9090909090909091,0.9090909090909091,0.3181818181818182,0.0,1.0,0.2727272727272727,0.09090909090909091,0.18181818181818182
56041a923117331228fa9d2d52e579bd41619075f5ad8d3ebc7bef6f88cafce7,-101605951#3,526438862#2,0.8181818181818182,0.6363636363636364,0.5454545454545454,0.7272727272727273,0.8181818181818182,0.7272727272727273,0.36363636363636365,0.9090909090909091,1.0,0.8181818181818182,0.8181818181818182,0.9090909090909091,0.45454545454545453,0.6363636363636364,0.8636363636363636,0.8181818181818182,0.7272727272727273
f6465017ed78b4e91769df5c2e365e9980e969bba27731e53f16f5bfb73d0a76,-101605951#3,526438862#2,1.0,0.8181818181818182,0.0,0.09090909090909091,0.6363636363636364,0.8181818181818182,0.0,1.0,0.36363636363636365,0.5454545454545454,0.45454545454545453,0.3181818181818182,0.7272727272727273,0.0,1.0,0.7272727272727273,0.9545454545454546
256f7872461bb558ad66fcb02ba2c19617689817ac235bbff2b4288c9e1c589d,-101605951#3,526438862#2,0.0,0.09090909090909091,0.8181818181818182,0.36363636363636365,0.18181818181818182,0.22727272727272727,0.9090909090909091,0.09090909090909091,0.36363636363636365,0.09090909090909091,0.13636363636363635,0.3181818181818182,0.2727272727272727,0.8181818181818182,0.0,0.36363636363636365,0.36363636363636365
148fba095d026547aa3d652596586678de7edf4ab28340cb9a6c475435ceaed2,-101605951#3,526438862#2,0.9090909090909091,0.9090909090909091,0.7272727272727273,0.8181818181818182,0.5454545454545454,0.6363636363636364,0.45454545454545453,0.7272727272727273,0.9090909090909091,0.7272727272727273,0.7272727272727273,0.8181818181818182,0.8181818181818182,0.2727272727272727,0.8636363636363636,0.6363636363636364,0.7272727272727273
4bf3e726a618cd91de158599140d0ba3eadb2d215342100da438cad91362215b,-101605951#3,526438862#2,0.2727272727272727,0.18181818181818182,0.36363636363636365,1.0,0.09090909090909091,0.22727272727272727,0.8181818181818182,0.2727272727272727,0.36363636363636365,0.6363636363636364,0.6363636363636364,0.3181818181818182,0.36363636363636365,0.7272727272727273,0.18181818181818182,0.0,0.0
971535b01220eead0685384d6bf2acf79ff1397f408df1c03d0aff97a12c799c,-101605951#3,526438862#2,0.45454545454545453,0.2727272727272727,0.09090909090909091,0.5454545454545454,0.36363636363636365,0.22727272727272727,0.5454545454545454,0.45454545454545453,0.36363636363636365,1.0,1.0,1.0,0.09090909090909091,0.9090909090909091,0.45454545454545453,0.45454545454545453,0.5454545454545454
257027cf5f5454eeda9c501bd45fca3395da1e166d28e56a565e3a270ddb7bd0,-101605951#3,526438862#2,0.36363636363636365,0.5454545454545454,0.45454545454545453,0.0,0.9090909090909091,1.0,0.09090909090909091,0.8181818181818182,0.36363636363636365,0.2727272727272727,0.13636363636363635,0.3181818181818182,0.9090909090909091,0.18181818181818182,0.5454545454545454,0.9090909090909091,0.7272727272727273
53eb7a15337aa38117eeef0229de2b5ad9eeadd8b838c7fef1a7977dfeaec503,-101605951#3,526438862#2,0.5454545454545454,0.7272727272727273,0.6363636363636364,0.18181818181818182,0.7272727272727273,0.9090909090909091,0.2727272727272727,0.6363636363636364,0.36363636363636365,0.18181818181818182,0.13636363636363635,0.3181818181818182,0.6363636363636364,0.09090909090909091,0.7272727272727273,0.5454545454545454,0.2727272727272727
5e7c6ed62816939cc8eca1f5d29d14fdc7a51f8972390cf37869af57d2638664,-101605951#3,526438862#2,0.7272727272727273,1.0,0.9090909090909091,0.2727272727272727,0.45454545454545453,0.5454545454545454,0.7272727272727273,0.18181818181818182,0.8181818181818182,0.36363636363636365,0.36363636363636365,0.7272727272727273,1.0,0.36363636363636365,0.6363636363636364,1.0,0.9545454545454546
3727652284d1ea04e4bce166ca2b60ccc0f250bf82bbd26558aee8f14c280872,101594822,-120511144#0,0.2727272727272727,0.2727272727272727,0.8636363636363636,0.6818181818181818,0.7272727272727273,0.45454545454545453,0.36363636363636365,0.2727272727272727,0.5454545454545454,0.45454545454545453,0.7272727272727273,0.2727272727272727,0.2727272727272727,0.0,0.2727272727272727,0.0,0.0
10843da8d7e1d5db5dbce925f3ce70b824e15fb0bdd6c828d32e9ffaad39c565,101594822,-120511144#0,0.0,0.0,0.6818181818181818,0.4090909090909091,1.0,0.045454545454545456,0.0,0.0,0.8181818181818182,0.09090909090909091,0.0,0.2727272727272727,0.0,0.6363636363636364,0.0,0.2727272727272727,0.18181818181818182
af8e77086f97d18a44f906b1d3688d9f9ff3adc475c8edc9b90d70b64e8736b1,101594822,-120511144#0,0.09090909090909091,0.09090909090909091,0.8636363636363636,0.6818181818181818,0.9090909090909091,0.045454545454545456,0.2727272727272727,0.09090909090909091,0.7272727272727273,0.0,0.18181818181818182,0.2727272727272727,0.09090909090909091,0.36363636363636365,0.09090909090909091,0.18181818181818182,0.36363636363636365
912598ab7da9a9de72383101e6c832b568ba3519bbb2e738a28763be6b537538,101594822,-120511144#0,0.36363636363636365,0.36363636363636365,0.45454545454545453,0.18181818181818182,0.5454545454545454,0.8181818181818182,0.45454545454545453,0.5454545454545454,0.45454545454545453,0.36363636363636365,0.6363636363636364,0.2727272727272727,0.36363636363636365,0.09090909090909091,0.36363636363636365,0.36363636363636365,0.45454545454545453
300c838ad506b236eaa7f9b4cf4cdb9c36d68a6319a3d65b381b872d2d5d684c,101594822,-120511144#0,0.5454545454545454,0.7272727272727273,0.36363636363636365,0.09090909090909091,0.09090909090909091,0.18181818181818182,1.0,0.36363636363636365,0.09090909090909091,0.6363636363636364,0.45454545454545453,0.2727272727272727,0.7272727272727273,0.5454545454545454,0.7272727272727273,0.7272727272727273,0.7272727272727273
cb49d8399cfd99c035afa10500829e8e93472f74e97a7a3312c12957f308b252,101594822,-120511144#0,0.18181818181818182,0.18181818181818182,0.6818181818181818,0.4090909090909091,0.8181818181818182,0.5454545454545454,0.09090909090909091,0.18181818181818182,0.6363636363636364,0.5454545454545454,0.09090909090909091,0.2727272727272727,0.18181818181818182,0.2727272727272727,0.18181818181818182,0.09090909090909091,0.09090909090909091
9b3a49035b962fb3430db2cf4f90b3cc133243c71333d700bac98bd3af83e2f1,101594822,-120511144#0,0.9090909090909091,0.5454545454545454,0.0,0.9090909090909091,0.2727272727272727,0.7272727272727273,0.5454545454545454,1.0,0.2727272727272727,0.9090909090909091,0.8181818181818182,0.8181818181818182,0.5454545454545454,0.7272727272727273,0.5454545454545454,0.6363636363636364,0.5454545454545454
5750fb36dbf736e4588227e53ce70c62130ab8f3b93697043e3b991b13d2278d,101594822,-120511144#0,0.7272727272727273,0.8181818181818182,0.18181818181818182,0.0,0.45454545454545453,0.6363636363636364,0.7272727272727273,0.6363636363636364,1.0,0.2727272727272727,0.36363636363636365,0.7272727272727273,0.8181818181818182,0.9090909090909091,0.8181818181818182,0.8181818181818182,0.8181818181818182
38f257244bcf3d8b1fc26a995bc8c8067003e3d0cabe2329b12cb252876d94f0,101594822,-120511144#0,0.45454545454545453,0.6363636363636364,0.5454545454545454,0.2727272727272727,0.18181818181818182,0.2727272727272727,0.9090909090909091,0.45454545454545453,0.09090909090909091,0.7272727272727273,0.5454545454545454,0.2727272727272727,0.6363636363636364,0.45454545454545453,0.6363636363636364,0.5454545454545454,0.6363636363636364
a533b37dd2eae9a5e59c14eaf8eb170a330edce278db0226b4ad7bb70dea9b06,101594822,-120511144#0,1.0,1.0,0.2727272727272727,0.8181818181818182,0.0,0.9090909090909091,0.8181818181818182,0.9090909090909091,0.09090909090909091,0.8181818181818182,1.0,1.0,1.0,0.18181818181818182,1.0,0.9090909090909091,0.9545454545454546
9ff351d192f2a95adde5ab2c2b05112403275622f5d085607cff675fa69e68ea,101594822,-120511144#0,0.8181818181818182,0.9090909090909091,1.0,0.5454545454545454,0.36363636363636365,1.0,0.6363636363636364,0.8181818181818182,0.9090909090909091,0.18181818181818182,0.2727272727272727,0.6363636363636364,0.9090909090909091,1.0,0.9090909090909091,1.0,0.9545454545454546
456e41d015a97fda0ddfeb9b89a97bb8fae6267aba00506424a1a8158640937b,101594822,-120511144#0,0.6363636363636364,0.45454545454545453,0.09090909090909091,1.0,0.6363636363636364,0.36363636363636365,0.18181818181818182,0.7272727272727273,0.36363636363636365,1.0,0.9090909090909091,0.9090909090909091,0.45454545454545453,0.8181818181818182,0.45454545454545453,0.45454545454545453,0.2727272727272727
a6aac09aa07dd71d8a91e5f927e615056d24cd66469823bee8afe5c1799fc9d9,-101608960,-100488715#7,0.09090909090909091,0.09090909090909091,0.9545454545454546,0.4090909090909091,0.5,0.9090909090909091,0.09090909090909091,0.9090909090909091,0.5,0.8181818181818182,0.8181818181818182,0.36363636363636365,0.09090909090909091,0.8181818181818182,0.09090909090909091,0.36363636363636365,0.0
fcb7a1a3cab992b4b431a0015f90638dbc0e60ae144bc2ab0ef1751929d35ecb,-101608960,-100488715#7,0.2727272727272727,0.2727272727272727,0.7272727272727273,1.0,0.5,0.5454545454545454,0.45454545454545453,0.5454545454545454,0.5,0.6363636363636364,0.6363636363636364,0.36363636363636365,0.2727272727272727,0.45454545454545453,0.5454545454545454,0.0,0.9545454545454546
4f7cd9eea18c87ee6d8f6efe439ac85a309a0c34deb91ce53ad83477fe6d0add,-101608960,-100488715#7,0.45454545454545453,0.45454545454545453,0.2727272727272727,0.2727272727272727,0.5,0.09090909090909091,0.9090909090909091,0.09090909090909091,0.5,0.45454545454545453,0.45454545454545453,1.0,0.45454545454545453,0.18181818181818182,0.6363636363636364,0.7272727272727273,0.36363636363636365
7956260a28bcce270443883c755b9336332a0bdecaa0c29edf2a372bb4cf8195,-101608960,-100488715#7,0.8181818181818182,0.7272727272727273,0.6363636363636364,0.9090909090909091,0.5,0.7272727272727273,0.2727272727272727,0.7272727272727273,0.5,0.18181818181818182,0.18181818181818182,0.36363636363636365,0.8181818181818182,0.5454545454545454,0.2727272727272727,0.9090909090909091,0.6818181818181818
6b22f5796560a43a105100b53b85554d4da2218f657bbb8af01564631907ee00,-101608960,-100488715#7,0.6363636363636364,0.6363636363636364,0.4090909090909091,0.5909090909090909,0.5,0.36363636363636365,0.6363636363636364,0.36363636363636365,0.5,0.2727272727272727,0.2727272727272727,0.36363636363636365,0.6363636363636364,0.7272727272727273,0.8636363636363636,0.18181818181818182,0.8181818181818182
efd8d744ca62e2e91d8abb8366c4920df6970582d5663e5541f8a5bcc95179ed,-101608960,-100488715#7,0.18181818181818182,0.18181818181818182,0.8181818181818182,0.7727272727272727,0.5,0.8181818181818182,0.18181818181818182,0.8181818181818182,0.5,0.7272727272727273,0.7272727272727273,0.36363636363636365,0.18181818181818182,0.9090909090909091,0.18181818181818182,0.2727272727272727,0.22727272727272727
6f7e7d0e6b3c2ff55e1534dfd8880b9f3cb698843f043d9a85fc4108989027e4,-101608960,-100488715#7,0.5454545454545454,0.5454545454545454,0.0,0.0,0.5,0.0,1.0,0.0,0.5,0.36363636363636365,0.36363636363636365,0.9090909090909091,0.5454545454545454,0.2727272727272727,1.0,0.6363636363636364,0.6818181818181818
d3f3ed6e5081a0026167cc3b2bcb3f7201f95863f4c85f26e7e4e1e5bb04ab18,-101608960,-100488715#7,1.0,0.9090909090909091,0.13636363636363635,0.13636363636363635,0.5,0.6363636363636364,0.36363636363636365,0.6363636363636364,0.5,1.0,1.0,0.8181818181818182,0.9090909090909091,0.09090909090909091,0.36363636363636365,1.0,0.9545454545454546
2c21eb7f2a478cb359e51276b91c43cfa529f03eaa6620ca170bb4d9bf4c752d,-101608960,-100488715#7,0.7272727272727273,0.8181818181818182,0.4090909090909091,0.5909090909090909,0.5,0.2727272727272727,0.7272727272727273,0.2727272727272727,0.5,0.09090909090909091,0.09090909090909091,0.36363636363636365,0.7272727272727273,0.36363636363636365,0.8636363636363636,0.45454545454545453,0.5454545454545454
ca3f5969a0f330dc88d10995d7903a98515fe504311d17134bd0d2a15ab358c5,-101608960,-100488715#7,0.36363636363636365,0.36363636363636365,0.5454545454545454,0.7727272727272727,0.5,0.45454545454545453,0.5454545454545454,0.45454545454545453,0.5,0.5454545454545454,0.5454545454545454,0.36363636363636365,0.36363636363636365,0.6363636363636364,0.45454545454545453,0.09090909090909091,0.45454545454545453
42aa71376cbf4e288368e8284ca5622294570274cf89ed31ac9216a9d9ffc5fb,-101608960,-100488715#7,0.0,0.0,0.9545454545454546,0.4090909090909091,0.5,1.0,0.0,1.0,0.5,0.9090909090909091,0.9090909090909091,0.36363636363636365,0.0,1.0,0.0,0.5454545454545454,0.09090909090909091
72aee69c5054a08326e8af7d60f7ce74004d46cf5beba18f99c974160da02aa0,-101608960,-100488715#7,0.9090909090909091,1.0,0.13636363636363635,0.13636363636363635,0.5,0.18181818181818182,0.8181818181818182,0.18181818181818182,0.5,0.0,0.0,0.36363636363636365,1.0,0.0,0.7272727272727273,0.8181818181818182,0.22727272727272727
829d07cee6a14e8ad4dfcc71ea2ae3c072bc304c1636d5593a100e66f170377d,100475365#1,-101609494#0,0.09090909090909091,0.09090909090909091,0.9545454545454546,0.9545454545454546,0.36363636363636365,0.8181818181818182,0.36363636363636365,0.6363636363636364,0.4090909090909091,0.8181818181818182,1.0,0.3181818181818182,0.09090909090909091,0.8181818181818182,0.6818181818181818,0.09090909090909091,0.045454545454545456
1e87cc59db5d657112fa600e60cc0f6367d4208ceffd9ac9815e5a413e176c04,100475365#1,-101609494#0,0.18181818181818182,0.18181818181818182,0.9545454545454546,0.9545454545454546,0.36363636363636365,0.7272727272727273,0.45454545454545453,0.5454545454545454,0.4090909090909091,0.7272727272727273,0.9090909090909091,0.3181818181818182,0.18181818181818182,0.7272727272727273,0.6818181818181818,0.36363636363636365,0.045454545454545456
67a84e7b65533deaa62d27313cc3c0bd6cb7516982493d21f00db889a0bd4c60,100475365#1,-101609494#0,0.0,0.0,0.6363636363636364,0.6363636363636364,0.36363636363636365,0.18181818181818182,0.8636363636363636,0.13636363636363635,0.4090909090909091,0.13636363636363635,0.13636363636363635,0.3181818181818182,0.0,1.0,0.0,0.0,0.36363636363636365
413278f857236696a9495a6370693ec9d55f3bb3841a2c3a91a69a9dc5b935dc,100475365#1,-101609494#0,0.8181818181818182,0.8181818181818182,0.0,0.0,0.9090909090909091,0.18181818181818182,0.09090909090909091,0.9090909090909091,1.0,0.45454545454545453,0.45454545454545453,0.8181818181818182,0.8181818181818182,0.6363636363636364,0.45454545454545453,0.6363636363636364,0.8181818181818182
f1bc55ea607a3b9d162400bdb27125e60f07fcd70cb801cbea01c4036b8fe0ca,100475365#1,-101609494#0,0.45454545454545453,0.45454545454545453,0.45454545454545453,0.45454545454545453,0.36363636363636365,0.18181818181818182,0.8636363636363636,0.13636363636363635,0.4090909090909091,0.13636363636363635,0.13636363636363635,0.3181818181818182,0.45454545454545453,0.2727272727272727,0.09090909090909091,0.8181818181818182,0.18181818181818182
c9614b835236229a93e4b327c8b0896033ddb0d91e7a64e085670302213be312,100475365#1,-101609494#0,0.9090909090909091,0.9090909090909091,0.36363636363636365,0.36363636363636365,0.36363636363636365,0.5454545454545454,0.6363636363636364,0.36363636363636365,0.4090909090909091,0.36363636363636365,0.36363636363636365,0.3181818181818182,0.9090909090909091,0.0,1.0,0.9090909090909091,0.9545454545454546
3cd6d429cfe2dc35f16997f67b42bc90c31ebb9ad6d687c2c6cc844a7a0209ee,100475365#1,-101609494#0,0.36363636363636365,0.36363636363636365,0.7272727272727273,0.8181818181818182,0.36363636363636365,1.0,0.18181818181818182,0.7272727272727273,0.4090909090909091,0.6363636363636364,0.6363636363636364,0.9090909090909091,0.36363636363636365,0.45454545454545453,0.8181818181818182,0.5454545454545454,0.2727272727272727
5a5c3979b0655967c73c307e4b069b52fe7bb6c9f27bc1cbdd12796b8a273d6c,100475365#1,-101609494#0,0.2727272727272727,0.2727272727272727,0.5454545454545454,0.5454545454545454,1.0,0.9090909090909091,0.0,1.0,0.4090909090909091,1.0,0.8181818181818182,1.0,0.2727272727272727,0.9090909090909091,0.18181818181818182,0.45454545454545453,0.45454545454545453
96438422f356b4383d876e4393150f1dac212bd0a7388ba97fb5eb86eae38b5e,100475365#1,-101609494#0,0.7272727272727273,0.6363636363636364,0.8181818181818182,0.7272727272727273,0.36363636363636365,0.6363636363636364,0.5454545454545454,0.45454545454545453,0.4090909090909091,0.5454545454545454,0.5454545454545454,0.3181818181818182,0.6363636363636364,0.36363636363636365,0.9090909090909091,0.7272727272727273,0.5454545454545454
dcf79d5cf1f532baf134bce68a8c577a723740e7634ad000c5c6afeb2557d5f9,100475365#1,-101609494#0,0.5454545454545454,0.5454545454545454,0.09090909090909091,0.09090909090909091,0.36363636363636365,0.18181818181818182,0.8636363636363636,0.13636363636363635,0.4090909090909091,0.13636363636363635,0.13636363636363635,0.3181818181818182,0.5454545454545454,0.5454545454545454,0.3181818181818182,0.18181818181818182,0.6818181818181818
9defa637e4711ce044493b8d62155551eefa9a38b2c8132177f98ee669cea52a,100475365#1,-101609494#0,1.0,1.0,0.2727272727272727,0.2727272727272727,0.8181818181818182,0.45454545454545453,0.2727272727272727,0.8181818181818182,0.9090909090909091,0.9090909090909091,0.7272727272727273,0.7272727272727273,1.0,0.09090909090909091,0.5454545454545454,1.0,0.9545454545454546
ddf721c7087eb3b7875eaa796a453662133f33552bc7a75d185a1b8ce2a296f7,100475365#1,-101609494#0,0.6363636363636364,0.7272727272727273,0.18181818181818182,0.18181818181818182,0.36363636363636365,0.18181818181818182,0.8636363636363636,0.13636363636363635,0.4090909090909091,0.13636363636363635,0.13636363636363635,0.3181818181818182,0.7272727272727273,0.18181818181818182,0.3181818181818182,0.2727272727272727,0.6818181818181818
11a431d9990ef2df0ec93cd586d86c2a92fae8841b7ea625b3ed358d7b9b0689,-1323419242#1,-100468681#1,0.36363636363636365,0.18181818181818182,0.18181818181818182,0.18181818181818182,0.3181818181818182,0.2727272727272727,0.7272727272727273,0.2727272727272727,0.5,0.5454545454545454,0.6363636363636364,0.6363636363636364,0.18181818181818182,0.8181818181818182,0.36363636363636365,0.18181818181818182,0.5
6c0d63ee24cb8fdaf17a4f86fddfa599724bf3aae2f8366535f2e26d812a8442,-1323419242#1,-100468681#1,0.6363636363636364,0.2727272727272727,0.36363636363636365,0.36363636363636365,0.3181818181818182,0.0,1.0,0.0,0.5,0.45454545454545453,0.5454545454545454,0.5454545454545454,0.2727272727272727,0.0,0.45454545454545453,0.09090909090909091,0.5
0fae186d66f3fdebceff1aa561add39ebb7c4fa8973fc4a719ba76f72decc23a,-1323419242#1,-100468681#1,0.2727272727272727,0.0,0.09090909090909091,0.09090909090909091,0.3181818181818182,0.18181818181818182,0.8181818181818182,0.18181818181818182,0.5,0.7272727272727273,0.8181818181818182,0.8181818181818182,0.0,0.45454545454545453,0.2727272727272727,0.2727272727272727,0.5
576128653fddea6ae490e29bd3aab9d2d39f938437755ed5e9d4ce49333d8749,-1323419242#1,-100468681#1,0.9090909090909091,0.8181818181818182,0.0,0.0,0.3181818181818182,0.36363636363636365,0.6363636363636364,0.36363636363636365,0.5,0.9090909090909091,1.0,1.0,0.7272727272727273,0.5454545454545454,0.7727272727272727,1.0,0.09090909090909091
f45ca51113461898601be150598084bb4f2cfa6a4f333042d94213c3ba38571d,-1323419242#1,-100468681#1,0.09090909090909091,0.36363636363636365,0.8181818181818182,0.9545454545454546,0.3181818181818182,0.45454545454545453,0.5454545454545454,0.45454545454545453,0.5,0.36363636363636365,0.45454545454545453,0.45454545454545453,0.36363636363636365,0.36363636363636365,0.09090909090909091,0.45454545454545453,0.9090909090909091
1c7c8ff36a59e52604bde4ba7eb968a83a1b33ebb41aa13343925525c48d33aa,-1323419242#1,-100468681#1,1.0,1.0,0.2727272727272727,0.2727272727272727,0.7272727272727273,0.8181818181818182,0.18181818181818182,1.0,0.5,1.0,0.9090909090909091,0.9090909090909091,1.0,0.18181818181818182,1.0,0.7272727272727273,0.9090909090909091
f240418bad395e0991b70cdba66bc0cc9295c026f6173e1d0e460940e8d658cb,-1323419242#1,-100468681#1,0.18181818181818182,0.5454545454545454,1.0,0.7272727272727273,0.3181818181818182,0.5454545454545454,0.45454545454545453,0.5454545454545454,0.5,0.18181818181818182,0.2727272727272727,0.2727272727272727,0.5454545454545454,0.6363636363636364,0.18181818181818182,0.36363636363636365,0.18181818181818182
178ad699f891906ec96c7ddb5f344c4bb890734c8f7cba984837cd5e786e345c,-1323419242#1,-100468681#1,0.7272727272727273,0.45454545454545453,0.45454545454545453,0.45454545454545453,0.3181818181818182,0.09090909090909091,0.9090909090909091,0.09090909090909091,0.5,0.2727272727272727,0.36363636363636365,0.36363636363636365,0.45454545454545453,0.09090909090909091,0.5454545454545454,0.0,0.5
9be789c2a07e05a60157576879d89bc5500659cf06c775399f64966ae92c3f90,-1323419242#1,-100468681#1,0.5454545454545454,0.7272727272727273,0.9090909090909091,0.6363636363636364,0.9090909090909091,1.0,0.0,0.8181818181818182,0.5,0.0,0.09090909090909091,0.09090909090909091,0.8181818181818182,0.9090909090909091,0.9090909090909091,0.8181818181818182,0.5
61504d6dcd8cddee7c61b7579bccfe7ebb2932a009e702ede1d6849c5703f01c,-1323419242#1,-100468681#1,0.8181818181818182,0.9090909090909091,0.5454545454545454,0.5454545454545454,0.8181818181818182,0.6363636363636364,0.2727272727272727,0.7272727272727273,0.5,0.8181818181818182,0.0,0.0,0.9090909090909091,0.2727272727272727,0.6363636363636364,0.6363636363636364,0.0
b3477f0ce4877d74efa79ee3e6ccb64113454c987d4461316ccd4fec6305c3ec,-1323419242#1,-100468681#1,0.0,0.09090909090909091,0.6363636363636364,0.9545454545454546,0.3181818181818182,0.7272727272727273,0.36363636363636365,0.6363636363636364,0.5,0.6363636363636364,0.7272727272727273,0.7272727272727273,0.09090909090909091,1.0,0.0,0.5454545454545454,0.9090909090909091
1f8f649e08761079d3945d50e5dd065811d9d0c034c2644bb62e2f25a1333e1a,-1323419242#1,-100468681#1,0.45454545454545453,0.6363636363636364,0.7272727272727273,0.8181818181818182,1.0,0.9090909090909091,0.09090909090909091,0.9090909090909091,0.5,0.09090909090909091,0.18181818181818182,0.18181818181818182,0.6363636363636364,0.7272727272727273,0.7727272727272727,0.9090909090909091,0.5
65578c71dc2db50e9146325b976d17b2446f5f8e6c961694dace0448cbb82054,101607969#0,-416409192#7,0.6363636363636364,0.9090909090909091,1.0,0.0,1.0,0.18181818181818182,0.2727272727272727,0.45454545454545453,0.2727272727272727,0.45454545454545453,0.0,0.2727272727272727,0.9090909090909091,0.36363636363636365,0.2727272727272727,0.6363636363636364,0.9545454545454546
9205109210a9cf7bb3ed7965afa5f2e0fa7a5b6b68e719a6611e5481d353a95c,101607969#0,-416409192#7,0.09090909090909091,0.18181818181818182,0.8181818181818182,0.6363636363636364,0.45454545454545453,0.9090909090909091,0.5454545454545454,0.5454545454545454,0.8181818181818182,0.2727272727272727,0.7272727272727273,0.2727272727272727,0.18181818181818182,0.0,0.09090909090909091,0.0,0.18181818181818182
f235dde91495b6be9a451078caa67b9ef998c8762e9b701946ad0fa79b2aa07e,101607969#0,-416409192#7,0.0,0.09090909090909091,0.6363636363636364,0.7272727272727273,0.8181818181818182,1.0,0.09090909090909091,0.6363636363636364,0.9090909090909091,0.36363636363636365,0.36363636363636365,0.2727272727272727,0.09090909090909091,0.2727272727272727,0.0,0.09090909090909091,0.2727272727272727
4486aeb3640889f05275b01517daf68025cb1e8c46c4a682707103583912db6d,101607969#0,-416409192#7,0.36363636363636365,0.2727272727272727,0.36363636363636365,0.5454545454545454,0.045454545454545456,0.0,1.0,0.0,0.045454545454545456,0.18181818181818182,0.2727272727272727,0.9090909090909091,0.2727272727272727,0.45454545454545453,1.0,1.0,0.9545454545454546
36357f5fa0dd590585cc5364df4498e7d88097926d356bfaf7595ca1cdb80373,101607969#0,-416409192#7,0.8181818181818182,0.6363636363636364,0.18181818181818182,1.0,0.5454545454545454,0.7272727272727273,0.0,0.9090909090909091,0.5454545454545454,0.9090909090909091,0.9090909090909091,0.7272727272727273,0.6363636363636364,1.0,0.36363636363636365,0.2727272727272727,0.5454545454545454
4a8a901361dcaa6e701644427afac6e5a90ca4ed46d9901da19221bb3b4d478c,101607969#0,-416409192#7,0.45454545454545453,0.45454545454545453,0.7272727272727273,0.09090909090909091,0.045454545454545456,0.09090909090909091,0.9090909090909091,0.09090909090909091,0.045454545454545456,0.0,0.09090909090909091,0.2727272727272727,0.45454545454545453,0.6363636363636364,0.9090909090909091,0.9090909090909091,0.36363636363636365
363b60956c3ee75914b9bf033b4c25d4d3c9739ff2c603276c52caab7b4bbcd3,101607969#0,-416409192#7,0.9090909090909091,0.7272727272727273,0.09090909090909091,0.9090909090909091,0.36363636363636365,0.6363636363636364,0.45454545454545453,0.8181818181818182,0.45454545454545453,1.0,1.0,1.0,0.7272727272727273,0.9090909090909091,0.5454545454545454,0.45454545454545453,0.6363636363636364
739beb23fa64fbe7fa73790408fa5a254ecea2b82b08144dbadaa27b5158ac25,101607969#0,-416409192#7,0.18181818181818182,0.0,0.5454545454545454,0.45454545454545453,0.2727272727272727,0.5454545454545454,0.7272727272727273,0.2727272727272727,1.0,0.5454545454545454,0.45454545454545453,0.2727272727272727,0.0,0.8181818181818182,0.45454545454545453,0.36363636363636365,0.0
39860640ff3f261e05f2e0c88a91d1272bcebe295708b9e03a87042f0a40c40f,101607969#0,-416409192#7,0.7272727272727273,0.8181818181818182,0.45454545454545453,0.2727272727272727,0.9090909090909091,0.2727272727272727,0.6363636363636364,0.36363636363636365,0.36363636363636365,0.7272727272727273,0.8181818181818182,0.2727272727272727,0.8181818181818182,0.09090909090909091,0.6363636363636364,0.5454545454545454,0.8181818181818182
048eef751da3cf70d47fcac65d703758777294b16c0a609c4fe4bff96e901399,101607969#0,-416409192#7,0.5454545454545454,0.5454545454545454,0.2727272727272727,0.18181818181818182,0.18181818181818182,0.36363636363636365,0.8181818181818182,0.18181818181818182,0.6363636363636364,0.8181818181818182,0.6363636363636364,0.8181818181818182,0.5454545454545454,0.7272727272727273,0.8181818181818182,0.8181818181818182,0.09090909090909091
99c586396a02c3d61f3f44a59d14b5236eb775e000ecf8072a3979303624733b,101607969#0,-416409192#7,1.0,1.0,0.0,0.8181818181818182,0.7272727272727273,0.45454545454545453,0.18181818181818182,1.0,0.18181818181818182,0.6363636363636364,0.5454545454545454,0.6363636363636364,1.0,0.5454545454545454,0.7272727272727273,0.7272727272727273,0.7272727272727273
685d3f238129ed5961d9633951b973e1d04dcf6925c69524dabc7e89d40f402f,101607969#0,-416409192#7,0.2727272727272727,0.36363636363636365,0.9090909090909091,0.36363636363636365,0.6363636363636364,0.8181818181818182,0.36363636363636365,0.7272727272727273,0.7272727272727273,0.09090909090909091,0.18181818181818182,0.2727272727272727,0.36363636363636365,0.18181818181818182,0.18181818181818182,0.18181818181818182,0.45454545454545453
09da06e6c948701a4d3a9bc8686af379e7ba06a23c747fad3e3f3c9769e86eb3,-101606549,-101605951#5,0.0,0.0,1.0,0.25,0.375,0.375,0.875,0.125,0.5,0.125,0.125,0.125,0.0,0.75,0.0,0.75,0.875
6bc0845342058d332b57b7e70cc57c52f3efe74f925845da111042da533e922b,-101606549,-101605951#5,0.25,0.25,0.75,0.0,0.375,0.375,0.875,0.125,0.5,0.125,0.125,0.125,0.25,1.0,0.25,0.5,0.5
dde41c7b812e55a450d69f1b0a95a110f5b3d50a967658144115699f349f7c5f,-101606549,-101605951#5,0.75,0.75,0.5,0.75,0.375,0.375,0.5,0.5,0.5,0.75,0.75,0.75,0.75,0.5,0.75,0.0,0.125
6c693382757c6a22a0d84dabee220cf4c9462a46e8e2620d989d6053968b3e59,-101606549,-101605951#5,0.5,0.5,0.25,1.0,0.375,0.375,0.25,0.75,0.5,1.0,1.0,1.0,0.5,0.25,0.5,0.25,0.125
0bac2c89b8ea316a6311c16f406b3453907d52ccd4f81d28c98a9ec552124a99,-101606549,-101605951#5,1.0,1.0,0.0,0.5,1.0,1.0,0.0,1.0,0.5,0.5,0.5,0.5,1.0,0.0,1.0,1.0,0.875
a774c34f4ceb54dd3fa6f9208200c9a3c2c78081fb7be3c273a4469e941eaac5,-101605951#5,-101606549,0.5,0.5,0.25,1.0,0.375,0.375,0.25,0.75,0.5,1.0,1.0,1.0,0.5,0.5,0.5,0.25,0.25
8f85aa2a3491c2b1d195df64817545179b0095ddc874a48410258f2a3831d098,-101605951#5,-101606549,0.25,0.25,0.75,0.0,0.375,0.375,0.875,0.125,0.5,0.125,0.125,0.125,0.25,0.75,0.25,0.5,0.5
32f38b68912698605de664fa61cdfa6a8face6393694fcab6c7ba82a3fc32d51,-101605951#5,-101606549,0.0,0.0,1.0,0.25,0.375,0.375,0.875,0.125,0.5,0.125,0.125,0.125,0.0,1.0,0.0,0.75,0.875
c82bf1b69d17a995da90972e93f2155a7587879e03a810d6c270f030dfdfefd7,-101605951#5,-101606549,0.75,0.75,0.5,0.75,0.375,0.375,0.5,0.5,0.5,0.75,0.5,0.75,0.75,0.25,0.75,0.0,0.0
9ae5460908ecd5e6908acde00650828ddbfb2f1098c1d35ac855e7a54d5dfbf3,-101605951#5,-101606549,1.0,1.0,0.0,0.5,1.0,1.0,0.0,1.0,0.5,0.5,0.75,0.5,1.0,0.0,1.0,1.0,0.875
1fe20df45650846fb80a88387833f78f373ad1fbcfb93c635b23462dd2000f48,416409192#5,101606547#1,0.18181818181818182,0.18181818181818182,0.9090909090909091,0.18181818181818182,0.2727272727272727,0.36363636363636365,0.9090909090909091,0.09090909090909091,0.5,0.09090909090909091,0.2727272727272727,0.45454545454545453,0.18181818181818182,0.36363636363636365,0.18181818181818182,0.18181818181818182,0.18181818181818182
cfaf93691bb5dffe63c8c620965c50787be90ae76b40c7c7d6aaf1c2873da805,416409192#5,101606547#1,0.09090909090909091,0.09090909090909091,0.8181818181818182,0.2727272727272727,0.2727272727272727,0.5454545454545454,0.8181818181818182,0.18181818181818182,0.5,0.18181818181818182,0.36363636363636365,0.5454545454545454,0.09090909090909091,0.8181818181818182,0.09090909090909091,0.09090909090909091,0.09090909090909091
f8b933a1a2094b376df796f3774ee6cfecdad34f3f24ea33f79e8c879f6f64e7,416409192#5,101606547#1,0.0,0.0,0.7272727272727273,0.36363636363636365,0.2727272727272727,0.6363636363636364,0.7272727272727273,0.2727272727272727,0.5,0.2727272727272727,0.45454545454545453,0.6363636363636364,0.0,0.5454545454545454,0.0,0.0,0.0
ab498605b0bbd061d250687abd245a192d3d35a30e9d8639b3e6b153f7e5c4da,416409192#5,101606547#1,0.45454545454545453,0.36363636363636365,0.36363636363636365,1.0,0.2727272727272727,0.18181818181818182,0.45454545454545453,0.5454545454545454,0.5,0.8181818181818182,0.9090909090909091,1.0,0.36363636363636365,0.2727272727272727,0.36363636363636365,0.36363636363636365,0.4090909090909091
5c55c4920aaba3f0399c85bd3ef8e86f77d58d3ca15e6e49d8da60d5307ee202,416409192#5,101606547#1,0.2727272727272727,0.2727272727272727,1.0,0.09090909090909091,0.2727272727272727,0.2727272727272727,1.0,0.0,0.5,0.0,0.18181818181818182,0.36363636363636365,0.2727272727272727,0.6363636363636364,0.2727272727272727,0.2727272727272727,0.2727272727272727
9ba609d44ca365101d3bc3166592495b60a1c6d5bff2bb837c6856f36326bc0e,416409192#5,101606547#1,0.5454545454545454,0.45454545454545453,0.45454545454545453,0.9090909090909091,0.2727272727272727,0.09090909090909091,0.5454545454545454,0.45454545454545453,0.5,0.7272727272727273,0.8181818181818182,0.9090909090909091,0.45454545454545453,0.45454545454545453,0.45454545454545453,0.45454545454545453,0.5454545454545454
fde6053f753f197d901320e3f125dbef2346e9e97eea62c1ce91b940ed28db4a,416409192#5,101606547#1,0.6363636363636364,0.8181818181818182,0.18181818181818182,0.5454545454545454,0.6363636363636364,0.8181818181818182,0.2727272727272727,0.7272727272727273,0.5,0.36363636363636365,0.0,0.18181818181818182,0.8181818181818182,0.7272727272727273,0.9090909090909091,0.7272727272727273,0.7272727272727273
2ae5f1585c8b6d60b94e0b78ce51a0c4712c388d3d22832324e589f18b41fe84,416409192#5,101606547#1,0.8181818181818182,0.7272727272727273,0.0,0.8181818181818182,0.7272727272727273,0.9090909090909091,0.0,1.0,0.5,0.9090909090909091,0.5454545454545454,0.7272727272727273,0.7272727272727273,1.0,1.0,0.8181818181818182,0.9545454545454546
b4214c2f9c74bb56643312ee55e6fae3eb284502c40260ffcd24e8219044ee72,416409192#5,101606547#1,0.7272727272727273,0.5454545454545454,0.5454545454545454,0.7272727272727273,0.2727272727272727,0.0,0.6363636363636364,0.36363636363636365,0.5,0.6363636363636364,0.6363636363636364,0.8181818181818182,0.5454545454545454,0.18181818181818182,0.5454545454545454,0.5454545454545454,0.4090909090909091
48e763dbaa31a0cd1ee78218052e06993363c991a5111ea55d38e2fba000d7bd,416409192#5,101606547#1,0.9090909090909091,1.0,0.6363636363636364,0.0,1.0,0.45454545454545453,0.09090909090909091,0.9090909090909091,0.5,0.5454545454545454,0.7272727272727273,0.0,1.0,0.0,0.8181818181818182,0.9090909090909091,0.9545454545454546
dbf445e517567d961f8f8654d2c256d6a3d71fc5a1e028b349d489d89e9a39db,416409192#5,101606547#1,1.0,0.9090909090909091,0.2727272727272727,0.45454545454545453,0.9090909090909091,0.7272727272727273,0.36363636363636365,0.6363636363636364,0.5,1.0,1.0,0.09090909090909091,0.9090909090909091,0.09090909090909091,0.6363636363636364,1.0,0.8181818181818182
c78e11ede49e83810b252695ffdc8a4e2fbed3b7e9ae75303c4c0992b7b9060b,416409192#5,101606547#1,0.36363636363636365,0.6363636363636364,0.09090909090909091,0.6363636363636364,0.8181818181818182,1.0,0.18181818181818182,0.8181818181818182,0.5,0.45454545454545453,0.09090909090909091,0.2727272727272727,0.6363636363636364,0.9090909090909091,0.7272727272727273,0.6363636363636364,0.6363636363636364
af68fc22255242c4345a0ce3bfd0f0284f6576f788911bcbdbc1a7e1a458d404,-416375813,-101767922,0.6363636363636364,0.45454545454545453,0.09090909090909091,0.8181818181818182,0.9090909090909091,0.2727272727272727,0.0,1.0,0.45454545454545453,1.0,1.0,1.0,0.45454545454545453,0.8181818181818182,0.8181818181818182,0.2727272727272727,0.9545454545454546
39dc90ac726fc3e8237067032887ac42a944515a9a58538f3ad721d37ec2d2f0,-416375813,-101767922,0.45454545454545453,0.2727272727272727,0.2727272727272727,1.0,0.7272727272727273,0.2727272727272727,0.18181818181818182,0.8181818181818182,0.45454545454545453,0.7272727272727273,0.8181818181818182,0.8181818181818182,0.2727272727272727,0.7272727272727273,0.7272727272727273,0.09090909090909091,0.36363636363636365
dbea1ada33b52f6b3aca63b5326b05afdeb357559aa0cd5db6589b94d10e71c8,-416375813,-101767922,0.9090909090909091,0.8181818181818182,0.45454545454545453,0.09090909090909091,0.18181818181818182,0.7272727272727273,0.9090909090909091,0.09090909090909091,0.45454545454545453,0.18181818181818182,0.18181818181818182,0.18181818181818182,0.8181818181818182,0.0,0.9090909090909091,0.18181818181818182,0.0
8b45809e25481c584f6bb56431018e40dc04df99d83811b2f6b9314acb5932c2,-416375813,-101767922,0.18181818181818182,0.5454545454545454,0.5454545454545454,0.18181818181818182,0.18181818181818182,0.9090909090909091,0.8181818181818182,0.18181818181818182,0.45454545454545453,0.36363636363636365,0.2727272727272727,0.36363636363636365,0.5454545454545454,0.2727272727272727,0.2727272727272727,0.36363636363636365,0.5909090909090909
73fe2be9d88011c31eb916710412d910be3b5ee8f242f8162c22b328f43a2623,-416375813,-101767922,0.8181818181818182,0.7272727272727273,1.0,0.7272727272727273,1.0,0.2727272727272727,0.2727272727272727,0.6363636363636364,1.0,0.2727272727272727,0.6363636363636364,0.2727272727272727,0.7272727272727273,0.09090909090909091,0.5454545454545454,1.0,0.5909090909090909
9f6fb09862d6e94b2f2003725ff575b08f6c9f86b027bd763a49d6963289659b,-416375813,-101767922,0.5454545454545454,0.9090909090909091,0.6363636363636364,0.2727272727272727,0.18181818181818182,0.6363636363636364,1.0,0.0,0.45454545454545453,0.09090909090909091,0.09090909090909091,0.09090909090909091,1.0,0.36363636363636365,0.45454545454545453,0.6363636363636364,0.9545454545454546
47ffe1cb7a54f9f135b9b224f6df0e0c546e624ec21c5f06f68bbff91cba8439,-416375813,-101767922,0.7272727272727273,1.0,0.7727272727272727,0.4090909090909091,0.45454545454545453,0.2727272727272727,0.6363636363636364,0.36363636363636365,0.45454545454545453,0.0,0.0,0.0,0.9090909090909091,0.18181818181818182,0.18181818181818182,0.5454545454545454,0.5909090909090909
905f0a616ea66e5d9eaa8c45258d9fba9232e279abc831b740186c6c0a36a671,-416375813,-101767922,0.2727272727272727,0.36363636363636365,0.36363636363636365,0.0,0.18181818181818182,1.0,0.7272727272727273,0.2727272727272727,0.45454545454545453,0.45454545454545453,0.36363636363636365,0.45454545454545453,0.36363636363636365,0.5454545454545454,0.36363636363636365,0.45454545454545453,0.09090909090909091
1196bc534215657ce7bb441edbd89048a369de820a32d94027de705e5926dccd,-416375813,-101767922,0.36363636363636365,0.18181818181818182,0.18181818181818182,0.9090909090909091,0.8181818181818182,0.2727272727272727,0.09090909090909091,0.9090909090909091,0.45454545454545453,0.8181818181818182,0.9090909090909091,0.9090909090909091,0.18181818181818182,0.6363636363636364,0.6363636363636364,0.0,0.8181818181818182
82f5db86456d0fc86b5ea843d3daa674b4e891fe42c8bed6ceae894b6a2bfc4c,-416375813,-101767922,1.0,0.6363636363636364,0.0,0.6363636363636364,0.18181818181818182,0.8181818181818182,0.36363636363636365,0.7272727272727273,0.45454545454545453,0.9090909090909091,0.7272727272727273,0.7272727272727273,0.6363636363636364,0.45454545454545453,1.0,0.9090909090909091,0.5909090909090909
83063df84ab1c3bfef84d1e913fecb69221d28a3d45c4d85bc0567bc6a67a7bd,-416375813,-101767922,0.09090909090909091,0.09090909090909091,0.7727272727272727,0.4090909090909091,0.5454545454545454,0.2727272727272727,0.5454545454545454,0.45454545454545453,0.45454545454545453,0.5454545454545454,0.45454545454545453,0.5454545454545454,0.09090909090909091,0.9090909090909091,0.09090909090909091,0.7272727272727273,0.2727272727272727
3438998b6c49ea47cad67627d9602124fa0d77f2d023bdef97845391441a1be5,-416375813,-101767922,0.0,0.0,0.9090909090909091,0.5454545454545454,0.6363636363636364,0.2727272727272727,0.45454545454545453,0.5454545454545454,0.45454545454545453,0.6363636363636364,0.5454545454545454,0.6363636363636364,0.0,1.0,0.0,0.8181818181818182,0.18181818181818182
8cbd4d45cbdab686cb99332817f64b61ef6600659deb4bacf55d7ae49ef8ec6a,-101746498#2,-101746516#0,0.09090909090909091,0.09090909090909091,0.045454545454545456,0.045454545454545456,0.36363636363636365,0.36363636363636365,0.6363636363636364,0.36363636363636365,0.5,0.36363636363636365,0.36363636363636365,0.45454545454545453,0.09090909090909091,1.0,0.18181818181818182,0.9090909090909091,0.9545454545454546
d5eda93f253717e1df3a778f4bd0515fd9bc560824f727c9c4a2ea3027977486,-101746498#2,-101746516#0,0.0,0.0,0.9090909090909091,1.0,0.36363636363636365,0.36363636363636365,0.6363636363636364,0.36363636363636365,0.5,0.36363636363636365,0.36363636363636365,0.45454545454545453,0.0,0.36363636363636365,0.0,1.0,0.6363636363636364
42b795fa20d18c7eff0f7032b931573b09ea60c63cc53352af706ed8119d8aaa,-101746498#2,-101746516#0,0.18181818181818182,0.18181818181818182,0.6363636363636364,0.8181818181818182,0.36363636363636365,0.36363636363636365,0.6363636363636364,0.36363636363636365,0.5,0.36363636363636365,0.36363636363636365,0.45454545454545453,0.18181818181818182,0.0,0.09090909090909091,0.8181818181818182,0.22727272727272727
d694c0c760d10c8a0560c87a5fa38772b305d817dc39dd664715dac550e9c6a6,-101746498#2,-101746516#0,0.2727272727272727,0.2727272727272727,0.045454545454545456,0.045454545454545456,0.36363636363636365,0.36363636363636365,0.6363636363636364,0.36363636363636365,0.5,0.36363636363636365,0.36363636363636365,0.45454545454545453,0.2727272727272727,0.8181818181818182,0.2727272727272727,0.5454545454545454,0.36363636363636365
f3359ed63b622b9944e44b01bd6687a18ff0f7c6e77a6b8d2b3b7e5439708f12,-101746498#2,-101746516#0,0.6363636363636364,0.6363636363636364,0.18181818181818182,0.18181818181818182,0.36363636363636365,0.36363636363636365,0.6363636363636364,0.36363636363636365,0.5,0.36363636363636365,0.36363636363636365,0.45454545454545453,0.36363636363636365,0.18181818181818182,0.5454545454545454,0.09090909090909091,0.0
73ae1817a0634b41797a7c3eae42728decf753eae7eaf503fdbed3fd87328aad,-101746498#2,-101746516#0,0.5454545454545454,0.5454545454545454,1.0,0.9090909090909091,0.36363636363636365,0.36363636363636365,0.6363636363636364,0.36363636363636365,0.5,0.36363636363636365,0.36363636363636365,0.45454545454545453,0.8181818181818182,0.5454545454545454,0.45454545454545453,0.36363636363636365,0.8181818181818182
10287568c31acf66ce8b1c11888315076b8290cb4e1507f49aead6fdc82d4b24,-101746498#2,-101746516#0,0.7272727272727273,0.7272727272727273,0.45454545454545453,0.45454545454545453,0.36363636363636365,0.36363636363636365,0.6363636363636364,0.36363636363636365,0.5,0.36363636363636365,0.36363636363636365,0.45454545454545453,0.45454545454545453,0.6363636363636364,0.7272727272727273,0.0,0.09090909090909091
5f429bcdcfc7d32acd5e306673ab48ac08b6e88d2882360752d09aaad6d5e8e6,-101746498#2,-101746516#0,0.45454545454545453,0.45454545454545453,0.36363636363636365,0.36363636363636365,0.36363636363636365,0.36363636363636365,0.6363636363636364,0.36363636363636365,0.5,0.36363636363636365,0.36363636363636365,0.45454545454545453,0.7272727272727273,0.09090909090909091,0.36363636363636365,0.45454545454545453,0.6363636363636364
5a7517b711a76097e2062cd293292d60d840ba5034bc4790a91be993b4a6e464,-101746498#2,-101746516#0,0.9090909090909091,1.0,0.8181818181818182,0.7272727272727273,1.0,0.9090909090909091,0.0,1.0,0.5,0.9090909090909091,0.9090909090909091,1.0,1.0,0.45454545454545453,0.6363636363636364,0.7272727272727273,0.9545454545454546
26d1fc0450a16a5b00ba943edcef3fa3ccd1daabb00026a79552b8398d824064,-101746498#2,-101746516#0,1.0,0.9090909090909091,0.2727272727272727,0.2727272727272727,0.8181818181818182,0.8181818181818182,0.18181818181818182,0.8181818181818182,0.5,1.0,1.0,0.45454545454545453,0.9090909090909091,0.9090909090909091,0.9090909090909091,0.6363636363636364,0.45454545454545453
693880e88b49e70afa94a4d0caed7a9c402353b5f64290f3286aedad6c93cc46,-101746498#2,-101746516#0,0.8181818181818182,0.8181818181818182,0.7272727272727273,0.5454545454545454,0.9090909090909091,1.0,0.09090909090909091,0.9090909090909091,0.5,0.8181818181818182,0.8181818181818182,0.45454545454545453,0.5454545454545454,0.2727272727272727,0.8181818181818182,0.2727272727272727,0.22727272727272727
bad5a64abeb423f1babac501a7597a1c79763ed862b3277914d8b58fb60ead7b,-101746498#2,-101746516#0,0.36363636363636365,0.36363636363636365,0.5454545454545454,0.6363636363636364,0.36363636363636365,0.36363636363636365,0.6363636363636364,0.36363636363636365,0.5,0.36363636363636365,0.36363636363636365,0.45454545454545453,0.6363636363636364,0.7272727272727273,1.0,0.18181818181818182,0.6363636363636364
086aea0b1f621d40a133b2befaf161561258ea6d3b3098dfd0002866df51eb0d,76867740,-101746498#2,0.0,0.09090909090909091,0.8181818181818182,1.0,0.2727272727272727,0.22727272727272727,0.8181818181818182,0.18181818181818182,0.4090909090909091,0.18181818181818182,0.36363636363636365,0.5454545454545454,0.18181818181818182,0.2727272727272727,0.0,0.5454545454545454,0.5909090909090909
e12a4c2f3060012564ca1e51beef0d15201666aa965f2519bdf5dcad77a4498a,76867740,-101746498#2,0.36363636363636365,0.36363636363636365,1.0,0.9090909090909091,0.6363636363636364,0.9090909090909091,0.2727272727272727,0.8181818181818182,0.4090909090909091,0.5454545454545454,0.9090909090909091,1.0,0.5454545454545454,0.09090909090909091,0.18181818181818182,0.36363636363636365,0.7272727272727273
ea0dbf62a830fcd9b6dd84972d4d6aad3ed734c4d90e3f3f1b6c56f407130a36,76867740,-101746498#2,0.2727272727272727,0.2727272727272727,0.5454545454545454,0.36363636363636365,0.09090909090909091,0.22727272727272727,1.0,0.0,0.4090909090909091,0.0,0.09090909090909091,0.36363636363636365,0.45454545454545453,0.0,0.09090909090909091,0.45454545454545453,0.5909090909090909
8fdf8f68b75b0066add8348b65c59173cdc3866cef007bbaab49ddb406a1f80b,76867740,-101746498#2,0.09090909090909091,0.0,0.18181818181818182,0.0,0.36363636363636365,0.22727272727272727,0.7272727272727273,0.2727272727272727,0.4090909090909091,0.2727272727272727,0.45454545454545453,0.6363636363636364,0.0,0.5454545454545454,0.36363636363636365,0.18181818181818182,0.09090909090909091
53edfe67b655684978f61e257f9ae3375f18858753f602beef9debae194bb1b6,76867740,-101746498#2,0.5454545454545454,0.5454545454545454,0.7272727272727273,0.6363636363636364,0.45454545454545453,0.7272727272727273,0.45454545454545453,0.5454545454545454,0.4090909090909091,0.36363636363636365,0.6363636363636364,0.7272727272727273,0.36363636363636365,0.45454545454545453,0.7272727272727273,0.09090909090909091,0.4090909090909091
55c045b74b7c47c5f47eb213a2ead01ac9765b5c3933b81877a2306a426876d0,76867740,-101746498#2,0.8181818181818182,0.8181818181818182,0.0,0.5454545454545454,0.9090909090909091,0.6363636363636364,0.0,1.0,0.4090909090909091,0.9090909090909091,0.8181818181818182,0.045454545454545456,0.7272727272727273,0.9090909090909091,0.8181818181818182,0.6363636363636364,0.0
88a6934cf1e8437cc770006b71edf8cc47de057e824b91a2b42ac08c6257d717,76867740,-101746498#2,0.18181818181818182,0.18181818181818182,0.45454545454545453,0.2727272727272727,0.18181818181818182,0.22727272727272727,0.9090909090909091,0.09090909090909091,0.4090909090909091,0.09090909090909091,0.18181818181818182,0.45454545454545453,0.09090909090909091,0.7272727272727273,0.2727272727272727,0.2727272727272727,0.18181818181818182
41f7baee5c7ab5ad191e5546287d3d50e40b743eaa7b31ea6f826e9c613b7e7d,76867740,-101746498#2,0.45454545454545453,0.45454545454545453,0.6363636363636364,0.45454545454545453,0.5454545454545454,0.8181818181818182,0.36363636363636365,0.6363636363636364,0.4090909090909091,0.45454545454545453,0.7272727272727273,0.8181818181818182,0.2727272727272727,0.36363636363636365,0.5454545454545454,0.0,0.2727272727272727
7789ded003d323d546653deb70bc2bc352270009943a31021e56e972932365f4,76867740,-101746498#2,1.0,0.9090909090909091,0.09090909090909091,0.7272727272727273,0.8181818181818182,0.5454545454545454,0.09090909090909091,0.9090909090909091,0.4090909090909091,0.7272727272727273,0.5454545454545454,0.045454545454545456,1.0,0.6363636363636364,0.6363636363636364,0.7272727272727273,0.4090909090909091
30cb2c8124a505a8ed8a6cce332914fc136d1e6562ccac4849fc1a8a1730820b,76867740,-101746498#2,0.7272727272727273,0.6363636363636364,0.36363636363636365,0.18181818181818182,1.0,0.22727272727272727,0.5454545454545454,0.45454545454545453,1.0,0.8181818181818182,0.2727272727272727,0.2727272727272727,0.6363636363636364,1.0,0.9090909090909091,0.9090909090909091,0.8181818181818182
81bfe798d9ab8cd54cd3a8a452c0c58d0eae00ca191c367aac03d652b1c1f3b9,76867740,-101746498#2,0.6363636363636364,0.7272727272727273,0.9090909090909091,0.8181818181818182,0.0,1.0,0.18181818181818182,0.7272727272727273,0.4090909090909091,1.0,1.0,0.9090909090909091,0.9090909090909091,0.18181818181818182,0.45454545454545453,0.8181818181818182,0.9545454545454546
fa9254a31736ff5d4e7b0fb25b26c1e7af90c17911e9b3a5f624b5755e0ecd87,76867740,-101746498#2,0.9090909090909091,1.0,0.2727272727272727,0.09090909090909091,0.7272727272727273,0.22727272727272727,0.6363636363636364,0.36363636363636365,0.9090909090909091,0.6363636363636364,0.0,0.18181818181818182,0.8181818181818182,0.8181818181818182,1.0,1.0,0.9545454545454546
4431441ce8e1b1f9b57dda5d7b9d33723c8c8d04cec4b831767ad3efb94cf5cd,-336860316#0,-837309289#1,0.6363636363636364,0.7272727272727273,0.9090909090909091,0.18181818181818182,0.5454545454545454,1.0,0.09090909090909091,0.09090909090909091,0.5,0.09090909090909091,0.09090909090909091,0.8181818181818182,0.8181818181818182,0.18181818181818182,0.9090909090909091,0.9090909090909091,0.2727272727272727
d185871e8c812a1464d7e66eaaabb229c550464517a8f6033127ee359ce969a2,-336860316#0,-837309289#1,0.0,0.0,0.8181818181818182,0.6363636363636364,0.7272727272727273,0.6363636363636364,0.45454545454545453,0.7272727272727273,0.5,0.9090909090909091,0.7272727272727273,0.22727272727272727,0.0,0.6363636363636364,0.0,0.2727272727272727,0.9545454545454546
425d99bce65f48316d9a9b7af3e62fc5ffe162d9298873fe40c00aab8adcd361,-336860316#0,-837309289#1,0.09090909090909091,0.09090909090909091,0.45454545454545453,1.0,0.36363636363636365,0.5454545454545454,0.6363636363636364,0.6363636363636364,0.5,0.8181818181818182,0.6363636363636364,0.22727272727272727,0.09090909090909091,0.5454545454545454,0.18181818181818182,0.18181818181818182,0.6363636363636364
a0cbadd9010aa4fb47f93d5f2531c889c2b622efd4cc0f5d6dd5b63ec6f2d0f3,-336860316#0,-837309289#1,0.9090909090909091,0.9090909090909091,0.5454545454545454,0.09090909090909091,0.9090909090909091,0.7272727272727273,0.18181818181818182,0.9090909090909091,0.5,0.5454545454545454,0.8181818181818182,0.6363636363636364,0.9090909090909091,0.2727272727272727,0.7272727272727273,0.8181818181818182,0.045454545454545456
a054085efbd79224ab5ca9c134135632c47b393e221aebf6f5cc4589b2d12e4b,-336860316#0,-837309289#1,0.7272727272727273,0.5454545454545454,0.09090909090909091,0.5454545454545454,0.09090909090909091,0.09090909090909091,1.0,0.36363636363636365,0.5,0.2727272727272727,0.2727272727272727,0.22727272727272727,0.6363636363636364,0.8181818181818182,0.5,0.45454545454545453,0.45454545454545453
ebd1651de0739a12f8c95d19ad1fe800b16ae0f5347ac3f7371b2a1aabca677f,-336860316#0,-837309289#1,0.36363636363636365,0.18181818181818182,0.18181818181818182,0.8181818181818182,0.0,0.45454545454545453,0.8181818181818182,0.18181818181818182,0.5,1.0,1.0,1.0,0.18181818181818182,0.7272727272727273,0.36363636363636365,0.5454545454545454,0.8181818181818182
04f05fdd52f4fb04c7a3b3fe5ffee076b8814ac4a01655794e050c3864675f25,-336860316#0,-837309289#1,1.0,1.0,0.0,0.45454545454545453,0.8181818181818182,0.0,0.36363636363636365,1.0,0.5,0.45454545454545453,0.9090909090909091,0.5454545454545454,1.0,1.0,1.0,1.0,0.9545454545454546
f1edf36cd5ae5bb78b57add99eee54efdbe968c9f4dc587daa0b14f474c46612,-336860316#0,-837309289#1,0.18181818181818182,0.6363636363636364,1.0,0.0,1.0,0.9090909090909091,0.0,0.0,0.5,0.18181818181818182,0.18181818181818182,0.9090909090909091,0.2727272727272727,0.0,0.6363636363636364,0.7272727272727273,0.45454545454545453
4688437c7995429bbb3ae87aab7a130901f7f95201419b2c81ccb8f82c00880a,-336860316#0,-837309289#1,0.5454545454545454,0.45454545454545453,0.36363636363636365,0.36363636363636365,0.18181818181818182,0.18181818181818182,0.9090909090909091,0.45454545454545453,0.5,0.36363636363636365,0.36363636363636365,0.22727272727272727,0.5454545454545454,0.9090909090909091,0.5,0.36363636363636365,0.45454545454545453
1c02bb8c32f2dee169e782564a0c86e837b5dd58a5712ed29434f7dcf729652f,-336860316#0,-837309289#1,0.2727272727272727,0.2727272727272727,0.6363636363636364,0.7272727272727273,0.6363636363636364,0.36363636363636365,0.5454545454545454,0.8181818181818182,0.5,0.7272727272727273,0.5454545454545454,0.22727272727272727,0.36363636363636365,0.45454545454545453,0.09090909090909091,0.09090909090909091,0.7272727272727273
a5f8a77267f0eb092b9203343b4aea77b2af32389fc7914af9849399cbea6ae6,-336860316#0,-837309289#1,0.8181818181818182,0.8181818181818182,0.7272727272727273,0.2727272727272727,0.45454545454545453,0.8181818181818182,0.2727272727272727,0.2727272727272727,0.5,0.0,0.0,0.7272727272727273,0.7272727272727273,0.09090909090909091,0.8181818181818182,0.6363636363636364,0.045454545454545456
0a4f5b9bbe23ed641871709ed4b8f7c67ce250612ab869036a84255305a933f8,-336860316#0,-837309289#1,0.45454545454545453,0.36363636363636365,0.2727272727272727,0.9090909090909091,0.2727272727272727,0.2727272727272727,0.7272727272727273,0.5454545454545454,0.5,0.6363636363636364,0.45454545454545453,0.22727272727272727,0.45454545454545453,0.36363636363636365,0.2727272727272727,0.0,0.18181818181818182
8f4be8911951573fdb720865b213efd80ce927a7de16321cfdc0c55d7a5a4a8d,-101765343,416428068,1.0,1.0,0.0,0.9090909090909091,0.7272727272727273,0.0,0.2727272727272727,0.7272727272727273,0.45454545454545453,0.7272727272727273,0.9090909090909091,0.45454545454545453,1.0,0.2727272727272727,0.2727272727272727,0.8181818181818182,0.5
62fb45c957d179acf7cfb9f14ef0aec51bdd78bb000cf156f0c23afdf119d410,-101765343,416428068,0.18181818181818182,0.09090909090909091,0.6363636363636364,0.6363636363636364,0.13636363636363635,0.7272727272727273,0.7272727272727273,0.2727272727272727,0.18181818181818182,0.2727272727272727,0.45454545454545453,0.45454545454545453,0.09090909090909091,0.8181818181818182,0.7727272727272727,0.0,0.6818181818181818
a4b3a2ca0af3a8ac07f878ffa46663e85ae4f1a17a6d403749de0caad52abd25,-101765343,416428068,0.45454545454545453,0.36363636363636365,0.3181818181818182,0.09090909090909091,0.5454545454545454,0.5454545454545454,0.45454545454545453,0.5454545454545454,0.8181818181818182,0.9090909090909091,0.8181818181818182,0.45454545454545453,0.2727272727272727,0.45454545454545453,0.5,0.18181818181818182,0.22727272727272727
1866fd4fb6040ecc381456c59b071060213c4d6c875c9c26b8a03736583f7011,-101765343,416428068,0.7272727272727273,0.8181818181818182,0.9090909090909091,0.5,0.13636363636363635,0.18181818181818182,1.0,0.0,0.18181818181818182,0.0,0.0,0.45454545454545453,0.9090909090909091,0.18181818181818182,0.9545454545454546,0.45454545454545453,0.9090909090909091
1be5b89b51a014246985be272f71a38cb21b98874bfea84b9361728a29b21cba,-101765343,416428068,0.09090909090909091,0.45454545454545453,1.0,0.3181818181818182,0.6363636363636364,0.8181818181818182,0.36363636363636365,0.6363636363636364,0.18181818181818182,0.36363636363636365,0.18181818181818182,0.45454545454545453,0.45454545454545453,0.7272727272727273,0.36363636363636365,0.6363636363636364,0.5
9061c30cab0946dd6438742ba9660ca55bf97af324b671231b9e74628f3e27e8,-101765343,416428068,0.8181818181818182,0.9090909090909091,0.5454545454545454,0.5,0.36363636363636365,0.09090909090909091,0.6363636363636364,0.36363636363636365,0.5454545454545454,0.5454545454545454,0.6363636363636364,0.45454545454545453,0.8181818181818182,0.0,0.5,0.5454545454545454,0.22727272727272727
4a88df2ca700fdc42e4156f666f38806c1a2d056cf7a40cb9253c3c4df9cff79,-101765343,416428068,0.6363636363636364,0.7272727272727273,0.8181818181818182,0.7727272727272727,0.13636363636363635,0.2727272727272727,0.9090909090909091,0.09090909090909091,0.18181818181818182,0.09090909090909091,0.09090909090909091,0.45454545454545453,0.7272727272727273,0.09090909090909091,0.7727272727272727,0.36363636363636365,0.6818181818181818
5c69a719b764eaedf80cb43d08bb1e4e63fa05c507fe61efdd1d2e31cc90f61f,-101765343,416428068,0.2727272727272727,0.2727272727272727,0.3181818181818182,0.18181818181818182,0.9090909090909091,0.9090909090909091,0.09090909090909091,1.0,0.9090909090909091,0.45454545454545453,0.2727272727272727,0.45454545454545453,0.18181818181818182,0.5454545454545454,0.09090909090909091,0.9090909090909091,0.09090909090909091
ca55daf8bb4245d5d7e8e02818e782e529db90e54b0e3ceb50b22c5b6cb664c6,-101765343,416428068,0.5454545454545454,0.5454545454545454,0.45454545454545453,0.3181818181818182,0.45454545454545453,0.45454545454545453,0.5454545454545454,0.45454545454545453,0.7272727272727273,0.8181818181818182,0.7272727272727273,0.45454545454545453,0.5454545454545454,0.6363636363636364,0.6363636363636364,0.2727272727272727,0.36363636363636365
83f9a76159617fe24455c4799d1f9e0dfb78573d3b976625d9e2e2c8f04e2944,-101765343,416428068,0.36363636363636365,0.18181818181818182,0.7272727272727273,0.7727272727272727,0.13636363636363635,0.6363636363636364,0.8181818181818182,0.18181818181818182,0.18181818181818182,0.18181818181818182,0.36363636363636365,0.45454545454545453,0.36363636363636365,0.9090909090909091,0.9545454545454546,0.09090909090909091,0.9090909090909091
5e97881c41dbc1dffc393c8c7e5aac1c816745d85546851be4ba3608acb5034c,-101765343,416428068,0.9090909090909091,0.6363636363636364,0.09090909090909091,1.0,0.8181818181818182,0.36363636363636365,0.18181818181818182,0.8181818181818182,0.6363636363636364,1.0,1.0,1.0,0.6363636363636364,0.36363636363636365,0.18181818181818182,0.7272727272727273,0.0
46f90b8a26f2fa5630dbbbd0ff17d28e15d35e22979c6c1e760365dea82bddea,-101765343,416428068,0.0,0.0,0.18181818181818182,0.0,1.0,1.0,0.0,0.9090909090909091,1.0,0.6363636363636364,0.5454545454545454,0.45454545454545453,0.0,1.0,0.0,1.0,0.9090909090909091
7d9dde41681467996478fc45ba6a72296be9c611bb87e6e69805574309639616,-1200809291,-101752975#2,0.8181818181818182,0.2727272727272727,0.45454545454545453,0.6363636363636364,0.18181818181818182,0.45454545454545453,0.7272727272727273,0.2727272727272727,0.45454545454545453,0.5454545454545454,0.09090909090909091,0.18181818181818182,0.2727272727272727,0.9090909090909091,0.6363636363636364,0.18181818181818182,0.2727272727272727
eac101b1d0addef2ad09e1925ffb29091e602faffc2a236c6c8d9e8c0bbc0a36,-1200809291,-101752975#2,0.5454545454545454,0.0,0.09090909090909091,0.36363636363636365,0.18181818181818182,0.36363636363636365,0.6363636363636364,0.36363636363636365,0.45454545454545453,0.18181818181818182,0.36363636363636365,0.18181818181818182,0.0,0.36363636363636365,0.7272727272727273,0.09090909090909091,0.6363636363636364
f7b5298996379ac4734a68c05234fbdb67cd1e3e8787b6baf09b2fbba6e10d74,-1200809291,-101752975#2,1.0,0.7272727272727273,0.0,0.18181818181818182,0.18181818181818182,0.09090909090909091,1.0,0.09090909090909091,0.45454545454545453,0.8181818181818182,0.0,0.18181818181818182,0.9090909090909091,0.0,1.0,0.8181818181818182,0.9545454545454546
afa0ef4bef9bde7826cd810c93cac4e9e91e882256c450bf1ceaa479ecdc0376,-1200809291,-101752975#2,0.6363636363636364,0.09090909090909091,0.18181818181818182,0.45454545454545453,0.18181818181818182,0.5454545454545454,0.5454545454545454,0.45454545454545453,0.45454545454545453,0.6363636363636364,0.2727272727272727,0.18181818181818182,0.09090909090909091,0.7272727272727273,0.5454545454545454,0.0,0.09090909090909091
a7f231a2afa1d989239e47741e87eeeb92e99b4547ee5fa36968d3c8ddbde41b,-1200809291,-101752975#2,0.0,1.0,1.0,0.0,1.0,0.6363636363636364,0.0,0.0,1.0,0.2727272727272727,0.45454545454545453,0.45454545454545453,0.8181818181818182,0.09090909090909091,0.0,1.0,0.9545454545454546
b5d5a047f30a0b9747c9c53a1cb526f67fd231c2300836bd4b0e1b76cda7673b,-1200809291,-101752975#2,0.09090909090909091,0.45454545454545453,0.8181818181818182,0.7272727272727273,0.9090909090909091,0.9090909090909091,0.09090909090909091,0.6363636363636364,0.45454545454545453,0.0,0.9090909090909091,0.9090909090909091,0.45454545454545453,0.45454545454545453,0.09090909090909091,0.7272727272727273,0.18181818181818182
91b9dd976f31cb07d6d650d95251ba2c7464d6ea42cdddccf7b03ef18996edb6,-1200809291,-101752975#2,0.7272727272727273,0.18181818181818182,0.2727272727272727,0.5454545454545454,0.18181818181818182,0.2727272727272727,0.8181818181818182,0.18181818181818182,0.45454545454545453,0.09090909090909091,0.18181818181818182,0.18181818181818182,0.18181818181818182,0.8181818181818182,0.8181818181818182,0.2727272727272727,0.7272727272727273
f31b8172681e1b3acc9f08126bffbab08ea24705c3bb542fdbcb3d5b4865125e,-1200809291,-101752975#2,0.18181818181818182,0.36363636363636365,0.6363636363636364,0.2727272727272727,0.8181818181818182,0.18181818181818182,0.45454545454545453,1.0,0.45454545454545453,0.45454545454545453,1.0,1.0,0.36363636363636365,1.0,0.45454545454545453,0.6363636363636364,0.0
05d37f93208af6fb33371621057073b9867affc0d47c8ece730a64e1647e969a,-1200809291,-101752975#2,0.9090909090909091,0.9090909090909091,0.9090909090909091,0.8181818181818182,0.45454545454545453,0.7272727272727273,0.36363636363636365,0.8181818181818182,0.45454545454545453,0.7272727272727273,0.5454545454545454,0.5454545454545454,0.7272727272727273,0.5454545454545454,0.2727272727272727,0.5454545454545454,0.5454545454545454
5270f6c76f8a979a88c261f8e902c061b9b05fb1397f1b0737b046cb02b26b76,-1200809291,-101752975#2,0.2727272727272727,0.8181818181818182,0.36363636363636365,0.09090909090909091,0.7272727272727273,0.0,0.9090909090909091,0.5454545454545454,0.45454545454545453,1.0,0.6363636363636364,0.6363636363636364,1.0,0.18181818181818182,0.9090909090909091,0.9090909090909091,0.8181818181818182
a5d44f58c7bc8d399a224a881a1cf56d137a9dfcbc953921c2dc9b9ff17c840a,-1200809291,-101752975#2,0.45454545454545453,0.6363636363636364,0.7272727272727273,0.9090909090909091,0.5454545454545454,1.0,0.18181818181818182,0.7272727272727273,0.45454545454545453,0.9090909090909091,0.7272727272727273,0.7272727272727273,0.6363636363636364,0.6363636363636364,0.18181818181818182,0.36363636363636365,0.45454545454545453
a432c257086ad5b9b6b7c492280271e33a6edcb364af28bf3f05904b31eb7eb4,-1200809291,-101752975#2,0.36363636363636365,0.5454545454545454,0.5454545454545454,1.0,0.6363636363636364,0.8181818181818182,0.2727272727272727,0.9090909090909091,0.45454545454545453,0.36363636363636365,0.8181818181818182,0.8181818181818182,0.5454545454545454,0.2727272727272727,0.36363636363636365,0.45454545454545453,0.36363636363636365
937e2f96bfd761f3d6f954c0fdadde1f626bc95d3ada3796f9a44bb9bdd81b4b,-416375814,-352797377,0.5454545454545454,0.36363636363636365,0.09090909090909091,0.09090909090909091,0.5,0.5,0.5,0.5,0.5,0.5,0.5,0.5,0.36363636363636365,0.6363636363636364,0.7272727272727273,0.9090909090909091,0.7272727272727273
28cb240864438c3f3c904044340b7dd89d0f00f4e3266c02d6b6e21d80f43c99,-416375814,-352797377,0.0,0.0,0.8181818181818182,0.9545454545454546,0.5,0.5,0.5,0.5,0.5,0.5,0.5,0.5,0.0,0.0,0.0,0.45454545454545453,0.7272727272727273
afad7e3f031ace1c01139a261a34e57cf6035167dbf0a6f31ab69bf6a4d853b1,-416375814,-352797377,0.09090909090909091,0.09090909090909091,0.4090909090909091,0.9545454545454546,0.5,0.5,0.5,0.5,0.5,0.5,0.5,0.5,0.2727272727272727,0.36363636363636365,0.45454545454545453,0.2727272727272727,0.7272727272727273
4eb91c891377d6258a498c557a03be234cf7f7190b28a89a118175cc3ccc2a3d,-416375814,-352797377,0.18181818181818182,0.18181818181818182,1.0,0.2727272727272727,0.5,0.5,0.5,0.5,0.5,0.5,0.5,0.5,0.45454545454545453,0.2727272727272727,0.09090909090909091,0.18181818181818182,0.045454545454545456
0e76b0bb5c034f14ee8c13bb30b579e6c1236c86a72759475bd1719a7a277325,-416375814,-352797377,0.7272727272727273,0.7272727272727273,0.6818181818181818,0.7727272727272727,0.5,0.5,0.5,0.5,0.5,0.5,0.5,0.5,0.9090909090909091,0.09090909090909091,0.6363636363636364,0.36363636363636365,0.7272727272727273
9cf99b9842cb881ccda9791a88bb9c6fd09fd82ee30f2f614e324bfbf384722e,-416375814,-352797377,0.9090909090909091,0.8181818181818182,0.18181818181818182,0.18181818181818182,0.5,0.5,0.5,0.5,0.5,0.5,0.5,0.5,0.8181818181818182,0.9090909090909091,0.9090909090909091,0.8181818181818182,0.3181818181818182
a4827e15acc1045c93843b48224da3119d537f272d080036a1d0c10d2fe89c47,-416375814,-352797377,0.2727272727272727,0.2727272727272727,0.6818181818181818,0.7727272727272727,0.5,0.5,0.5,0.5,0.5,0.5,0.5,0.5,0.09090909090909091,0.45454545454545453,0.18181818181818182,0.0,0.045454545454545456
800a5076097316f9eb65b4bb6136946e79c0759ee4cbda2d627aced38c04cf8b,-416375814,-352797377,0.6363636363636364,0.6363636363636364,0.2727272727272727,0.45454545454545453,0.5,0.5,0.5,0.5,0.5,0.5,0.5,0.5,0.6363636363636364,1.0,0.8181818181818182,1.0,0.7272727272727273
9a3d5c7035aa820d98e5139734bfdcb8cccda7a4799f86d660e6804ef0b84d58,-416375814,-352797377,0.45454545454545453,0.5454545454545454,0.4090909090909091,0.5454545454545454,0.5,0.5,0.5,0.5,0.5,0.5,0.5,0.5,0.18181818181818182,0.8181818181818182,0.5454545454545454,0.5454545454545454,0.3181818181818182
1b5045d46538dd64cad69f230e36fd54dfe7800e1b57a8e477d2b621edf49eda,-416375814,-352797377,1.0,1.0,0.0,0.0,0.5,0.5,0.5,0.5,0.5,0.5,0.5,0.5,1.0,0.7272727272727273,1.0,0.7272727272727273,0.7272727272727273
94fcf0222c7bafb1f789410ea10813031034e4d757a98257ee55aca57b98a7ec,-416375814,-352797377,0.8181818181818182,0.9090909090909091,0.9090909090909091,0.36363636363636365,0.5,0.5,0.5,0.5,0.5,0.5,0.5,0.5,0.5454545454545454,0.18181818181818182,0.2727272727272727,0.09090909090909091,0.18181818181818182
0e1dd359b3fdf5817b2b01037bc0e4f1742125a2061345ba85b17232bf31a03a,-416375814,-352797377,0.36363636363636365,0.45454545454545453,0.5454545454545454,0.6363636363636364,0.5,0.5,0.5,0.5,0.5,0.5,0.5,0.5,0.7272727272727273,0.5454545454545454,0.36363636363636365,0.6363636363636364,0.7272727272727273
523c97cc17f82bd952cae9bef059521db6577ef032f0b9f0911e51d3f128c0b2,-352797377,-416375814,1.0,1.0,0.45454545454545453,0.45454545454545453,1.0,1.0,0.0,1.0,1.0,1.0,1.0,0.5,1.0,0.8181818181818182,0.8181818181818182,0.8181818181818182,0.45454545454545453
118ff20be67a2b230c95728f36132f9d2b70d27a99e762c78b70142e52782951,-352797377,-416375814,0.6363636363636364,0.6363636363636364,0.045454545454545456,0.09090909090909091,0.45454545454545453,0.45454545454545453,0.5454545454545454,0.45454545454545453,0.45454545454545453,0.45454545454545453,0.45454545454545453,0.5,0.36363636363636365,0.36363636363636365,0.36363636363636365,0.09090909090909091,0.045454545454545456
45fdf2e5a570623499a604fca9ae037228295092e7670ef7ea58a621be5f4b9f,-352797377,-416375814,0.09090909090909091,0.09090909090909091,0.18181818181818182,0.18181818181818182,0.45454545454545453,0.45454545454545453,0.5454545454545454,0.45454545454545453,0.45454545454545453,0.45454545454545453,0.45454545454545453,0.5,0.09090909090909091,0.7272727272727273,0.45454545454545453,0.5454545454545454,0.7727272727272727
6449e6b2b7c9658ca012f70c16d7ee06fa6a723c393fe55418cc30f1c246b513,-352797377,-416375814,0.5454545454545454,0.45454545454545453,0.6363636363636364,0.9545454545454546,0.45454545454545453,0.45454545454545453,0.5454545454545454,0.45454545454545453,0.45454545454545453,0.45454545454545453,0.45454545454545453,0.5,0.2727272727272727,0.0,0.09090909090909091,0.7272727272727273,0.18181818181818182
d727ceb7fa4eac830fe46c0e1344a29966b985f09012a2ba029add5fcfb3fd5c,-352797377,-416375814,0.0,0.0,0.9090909090909091,0.9545454545454546,0.45454545454545453,0.45454545454545453,0.5454545454545454,0.45454545454545453,0.45454545454545453,0.45454545454545453,0.45454545454545453,0.5,0.0,0.09090909090909091,0.0,0.9090909090909091,0.7727272727272727
4ad0b01f08be2ae6bf1ad5ca7bd112f6d8d6c73e500a5c3ac32b51871f9e2411,-352797377,-416375814,0.18181818181818182,0.2727272727272727,1.0,0.5454545454545454,0.45454545454545453,0.45454545454545453,0.5454545454545454,0.45454545454545453,0.45454545454545453,0.45454545454545453,0.45454545454545453,0.5,0.45454545454545453,0.5454545454545454,0.5454545454545454,0.36363636363636365,0.7727272727272727
f142c4edf51631c7ea4a318374bb793394661a1015e3592edfc8188d96c6f6f9,-352797377,-416375814,0.9090909090909091,0.8181818181818182,0.5454545454545454,0.6363636363636364,0.45454545454545453,0.45454545454545453,0.5454545454545454,0.45454545454545453,0.45454545454545453,0.45454545454545453,0.45454545454545453,0.5,0.5454545454545454,0.2727272727272727,0.22727272727272727,0.18181818181818182,0.36363636363636365
8daab200472395b20635e85a86fcfba974222ff2adf6d0cf9f3bd8df0cc11ff1,-352797377,-416375814,0.45454545454545453,0.5454545454545454,0.7727272727272727,0.7727272727272727,0.45454545454545453,0.45454545454545453,0.5454545454545454,0.45454545454545453,0.45454545454545453,0.45454545454545453,0.45454545454545453,0.5,0.18181818181818182,0.6363636363636364,0.22727272727272727,0.45454545454545453,0.7727272727272727
dac4f39feefc90b1e409c5d60b2c75147a272fb2c2a8550e6e6fee9072aba4f3,-352797377,-416375814,0.7272727272727273,0.9090909090909091,0.7727272727272727,0.7727272727272727,0.45454545454545453,0.45454545454545453,0.5454545454545454,0.45454545454545453,0.45454545454545453,0.45454545454545453,0.45454545454545453,0.5,0.9090909090909091,0.18181818181818182,0.6363636363636364,0.0,0.045454545454545456
dcc147e48b75a05d4137deaacd7c4819f65ba298249227324aa70f2349904544,-352797377,-416375814,0.2727272727272727,0.18181818181818182,0.36363636363636365,0.36363636363636365,0.45454545454545453,0.45454545454545453,0.5454545454545454,0.45454545454545453,0.45454545454545453,0.45454545454545453,0.45454545454545453,0.5,0.6363636363636364,0.9090909090909091,0.9545454545454546,0.6363636363636364,0.7727272727272727
056f5cd9a21f4d4928638ad1fe3b24736a8c062617f1ae5951bac40de7c7e41d,-352797377,-416375814,0.36363636363636365,0.36363636363636365,0.045454545454545456,0.0,0.45454545454545453,0.45454545454545453,0.5454545454545454,0.45454545454545453,0.45454545454545453,0.45454545454545453,0.45454545454545453,0.5,0.7272727272727273,1.0,0.9545454545454546,1.0,0.7727272727272727
b1b9d8b4e683cf541fac92c0e0cdf30b73d3b3b229bd8cefc05eac23a71bca69,-352797377,-416375814,0.8181818181818182,0.7272727272727273,0.2727272727272727,0.2727272727272727,0.45454545454545453,0.45454545454545453,0.5454545454545454,0.45454545454545453,0.45454545454545453,0.45454545454545453,0.45454545454545453,0.5,0.8181818181818182,0.45454545454545453,0.7272727272727273,0.2727272727272727,0.2727272727272727
56e8e833086f6f93e4c6334280fe091c42271111c8e8176afeee4f796175c975,-71223800#4,-336863927#1,0.0,0.0,0.4090909090909091,0.6818181818181818,0.5454545454545454,0.45454545454545453,0.45454545454545453,0.5454545454545454,0.9090909090909091,1.0,0.9090909090909091,1.0,0.0,0.9090909090909091,0.0,0.0,0.09090909090909091
3f9d118dc96a4a45ababe46c0941020fb42ad47753adab090a22a353f5361ac8,-71223800#4,-336863927#1,0.45454545454545453,0.45454545454545453,0.5454545454545454,0.18181818181818182,0.7272727272727273,0.45454545454545453,0.36363636363636365,0.6363636363636364,0.045454545454545456,0.36363636363636365,0.36363636363636365,0.09090909090909091,0.36363636363636365,0.7272727272727273,0.8181818181818182,0.7272727272727273,0.45454545454545453
4298b57b05e687b88696e7c503e852bdd42afe9121525c27d5e2bb9616fc1f93,-71223800#4,-336863927#1,0.9090909090909091,0.9090909090909091,0.9090909090909091,0.9090909090909091,0.6363636363636364,1.0,0.09090909090909091,0.9090909090909091,0.045454545454545456,0.8181818181818182,1.0,0.09090909090909091,0.7272727272727273,0.5454545454545454,1.0,1.0,0.9090909090909091
fa35914501646c4ebf62f812a1bbe01c2e6a447964ad8f12aae3d5d073fce2c7,-71223800#4,-336863927#1,0.6363636363636364,0.7272727272727273,0.6363636363636364,0.45454545454545453,0.0,0.45454545454545453,1.0,0.0,0.2727272727272727,0.09090909090909091,0.09090909090909091,0.45454545454545453,0.9090909090909091,0.2727272727272727,0.2727272727272727,0.2727272727272727,0.5454545454545454
50b608db78e42345726a9d072dafd43df52e2b077e25ee0d71035803b1194076,-71223800#4,-336863927#1,0.09090909090909091,0.09090909090909091,0.4090909090909091,0.6818181818181818,0.45454545454545453,0.45454545454545453,0.5454545454545454,0.45454545454545453,0.8181818181818182,0.9090909090909091,0.8181818181818182,0.9090909090909091,0.09090909090909091,0.36363636363636365,0.09090909090909091,0.09090909090909091,0.18181818181818182
48a56ff7b310de316c8d3692a52e818cbcd805de6392c1e69a01087fa44e679d,-71223800#4,-336863927#1,0.18181818181818182,0.2727272727272727,1.0,1.0,1.0,0.45454545454545453,0.0,1.0,0.6363636363636364,0.5454545454545454,0.5454545454545454,0.09090909090909091,0.18181818181818182,0.8181818181818182,0.5909090909090909,0.6363636363636364,0.0
5c042417de8f1240af8dc3449995172c01882549905c557556681f6df1a697db,-71223800#4,-336863927#1,0.5454545454545454,0.5454545454545454,0.045454545454545456,0.045454545454545456,0.18181818181818182,0.45454545454545453,0.8181818181818182,0.18181818181818182,0.45454545454545453,0.2727272727272727,0.2727272727272727,0.6363636363636364,0.6363636363636364,0.09090909090909091,0.36363636363636365,0.45454545454545453,0.9090909090909091
0f33c09baedf0f232a1badf5fd2f6b9a50d2fed7cefc502251810d64826af641,-71223800#4,-336863927#1,0.36363636363636365,0.36363636363636365,0.22727272727272727,0.2727272727272727,0.2727272727272727,0.45454545454545453,0.7272727272727273,0.2727272727272727,0.5454545454545454,0.45454545454545453,0.45454545454545453,0.7272727272727273,0.45454545454545453,0.18181818181818182,0.45454545454545453,0.36363636363636365,0.7272727272727273
d1add8171564b49f985ec1a0ed11b75c433d6e5accd8003f211001aa6d8e2562,-71223800#4,-336863927#1,0.8181818181818182,0.6363636363636364,0.045454545454545456,0.045454545454545456,0.09090909090909091,0.45454545454545453,0.9090909090909091,0.09090909090909091,0.36363636363636365,0.18181818181818182,0.18181818181818182,0.5454545454545454,0.8181818181818182,0.0,0.5909090909090909,0.5454545454545454,0.9090909090909091
694a14707b3c84c2bfe650b706eb247a9accf9133ba3d41c298eadf81d4ba279,-71223800#4,-336863927#1,0.7272727272727273,0.8181818181818182,0.7272727272727273,0.8181818181818182,0.9090909090909091,0.45454545454545453,0.18181818181818182,0.8181818181818182,1.0,0.0,0.0,0.36363636363636365,0.5454545454545454,1.0,0.7272727272727273,0.8181818181818182,0.2727272727272727
77cf4cec93bab773d6c7e68541106d6ddc7b30f60ad8b29dc7058ec49c0cbf64,-71223800#4,-336863927#1,1.0,1.0,0.8181818181818182,0.5454545454545454,0.8181818181818182,0.45454545454545453,0.2727272727272727,0.7272727272727273,0.18181818181818182,0.6363636363636364,0.6363636363636364,0.2727272727272727,1.0,0.6363636363636364,0.9090909090909091,0.9090909090909091,0.6363636363636364
4fecbcdcce6de03c507c435092aea6f92c91dbd2c57fc9dd01c51ac9b59541ff,-71223800#4,-336863927#1,0.2727272727272727,0.18181818181818182,0.22727272727272727,0.36363636363636365,0.36363636363636365,0.45454545454545453,0.6363636363636364,0.36363636363636365,0.7272727272727273,0.7272727272727273,0.7272727272727273,0.8181818181818182,0.2727272727272727,0.45454545454545453,0.18181818181818182,0.18181818181818182,0.36363636363636365
db677dc59de37612b8d49c3ce88a0431334908bf3098524ae0de66688a6ba0d8,-479315694,-1323419243,0.0,0.0,0.5454545454545454,0.9090909090909091,0.5454545454545454,0.7272727272727273,0.2727272727272727,1.0,0.5,0.45454545454545453,0.22727272727272727,0.36363636363636365,0.0,0.8181818181818182,0.0,0.18181818181818182,0.09090909090909091
fe3faf2b013432d1742e319935557a3c886ed46490a0a3458e72bcc8a6df4243,-479315694,-1323419243,0.18181818181818182,0.09090909090909091,0.7272727272727273,0.8181818181818182,0.45454545454545453,0.6363636363636364,0.36363636363636365,0.9090909090909091,0.5,0.36363636363636365,0.22727272727272727,0.36363636363636365,0.18181818181818182,1.0,0.09090909090909091,0.09090909090909091,0.18181818181818182
8ff4e411d6014b87bea08dc4391aa2483feeb08c2d8b0209c878c87cec3ded20,-479315694,-1323419243,0.7272727272727273,0.7272727272727273,0.18181818181818182,0.2727272727272727,0.2727272727272727,0.8181818181818182,0.6363636363636364,0.8181818181818182,0.5,0.6363636363636364,0.8181818181818182,0.9090909090909091,0.7272727272727273,0.0,0.9090909090909091,0.7272727272727273,0.8181818181818182
8fa417bcef6b507947d7fb4fad65b2e4aa55075bdca796a4b9940c6b4d27c144,-479315694,-1323419243,0.09090909090909091,0.18181818181818182,1.0,0.45454545454545453,1.0,0.18181818181818182,0.0,0.0,0.5,0.2727272727272727,0.22727272727272727,0.36363636363636365,0.09090909090909091,0.45454545454545453,0.2727272727272727,0.0,0.2727272727272727
09a4f13777fcfe9e7704cde603ee5fb94961b2fbd5aa0a31091491ab472f36cf,-479315694,-1323419243,1.0,0.8181818181818182,0.0,1.0,0.18181818181818182,0.45454545454545453,1.0,0.6363636363636364,0.5,0.5454545454545454,0.7272727272727273,0.36363636363636365,0.8181818181818182,0.09090909090909091,0.45454545454545453,1.0,0.9545454545454546
c4d63094d333683042d968b7d7afc46bee1e57b00055a44ec4a580411e320abc,-479315694,-1323419243,0.9090909090909091,0.9090909090909091,0.09090909090909091,0.0,0.36363636363636365,0.5454545454545454,0.9090909090909091,0.45454545454545453,0.5,0.9090909090909091,1.0,0.36363636363636365,0.9090909090909091,0.9090909090909091,1.0,0.8181818181818182,0.9545454545454546
ce8907dafd5d0c4f5b2b396d898eac41496b5381d4ad1ed5a7c46fb311e980c2,-479315694,-1323419243,0.8181818181818182,1.0,0.5454545454545454,0.18181818181818182,0.09090909090909091,1.0,0.7272727272727273,0.7272727272727273,0.5,1.0,0.9090909090909091,0.8181818181818182,1.0,0.18181818181818182,0.8181818181818182,0.9090909090909091,0.6818181818181818
63612c91d2b84b7c874fb5316090586c8aa151825d4dfddc69ed13be9e4082e6,-479315694,-1323419243,0.6363636363636364,0.6363636363636364,0.5454545454545454,0.7272727272727273,0.8181818181818182,0.18181818181818182,0.18181818181818182,0.18181818181818182,0.5,0.7272727272727273,0.5454545454545454,0.36363636363636365,0.6363636363636364,0.2727272727272727,0.5454545454545454,0.5454545454545454,0.6818181818181818
cab4d6a7e3bc108997321554bac9f8e551461f40c6d6401e03394829bf280e8c,-479315694,-1323419243,0.5454545454545454,0.5454545454545454,0.2727272727272727,0.5909090909090909,0.0,0.9090909090909091,0.8181818181818182,0.5454545454545454,0.5,0.8181818181818182,0.6363636363636364,1.0,0.5454545454545454,0.5454545454545454,0.18181818181818182,0.6363636363636364,0.0
a7344533b64659037302ab9b50eb4f363a68ff1baae4d5d772dd31f6b4a81da7,-479315694,-1323419243,0.2727272727272727,0.2727272727272727,0.8181818181818182,0.36363636363636365,0.9090909090909091,0.18181818181818182,0.09090909090909091,0.09090909090909091,0.5,0.18181818181818182,0.22727272727272727,0.36363636363636365,0.2727272727272727,0.36363636363636365,0.36363636363636365,0.45454545454545453,0.45454545454545453
a5fe7bf8b25308b9f8b0f94625dc85d66629e7951b70faf55447789b9400a0ef,-479315694,-1323419243,0.36363636363636365,0.36363636363636365,0.9090909090909091,0.09090909090909091,0.7272727272727273,0.18181818181818182,0.45454545454545453,0.36363636363636365,0.5,0.09090909090909091,0.22727272727272727,0.36363636363636365,0.36363636363636365,0.7272727272727273,0.6818181818181818,0.3181818181818182,0.45454545454545453
94cdd936acd923e7225347b5a1d5fd698462077f74ede191606b733c9d4946ac,-479315694,-1323419243,0.45454545454545453,0.45454545454545453,0.36363636363636365,0.5909090909090909,0.6363636363636364,0.18181818181818182,0.5454545454545454,0.2727272727272727,0.5,0.0,0.22727272727272727,0.36363636363636365,0.45454545454545453,0.6363636363636364,0.6818181818181818,0.3181818181818182,0.45454545454545453
95af94a41e80aa3b637c2935a8b9a9657284d23a429f659a09478be1288ae4bd,-101600741#2,-101752975#2,0.18181818181818182,0.18181818181818182,0.7272727272727273,0.5454545454545454,0.7272727272727273,0.7272727272727273,0.2727272727272727,0.6363636363636364,0.8181818181818182,0.09090909090909091,0.8181818181818182,0.7272727272727273,0.18181818181818182,0.0,0.18181818181818182,0.0,0.0
86a93027f18c3cf57752a19069892b324e71433f2c0b3ecb2fc41bc9cf60260d,-101600741#2,-101752975#2,0.0,0.09090909090909091,0.6363636363636364,0.2727272727272727,0.9090909090909091,0.8181818181818182,0.09090909090909091,0.2727272727272727,0.9090909090909091,0.18181818181818182,0.36363636363636365,0.8181818181818182,0.09090909090909091,0.45454545454545453,0.0,0.18181818181818182,0.09090909090909091
ed3ba0507d5b61db9bd4a317ccd5072fc2bd462eb555fe2430d244f85626a523,-101600741#2,-101752975#2,0.2727272727272727,0.36363636363636365,1.0,0.6363636363636364,0.6363636363636364,0.9090909090909091,0.18181818181818182,0.5454545454545454,0.6363636363636364,0.36363636363636365,0.7272727272727273,0.5454545454545454,0.36363636363636365,0.36363636363636365,0.2727272727272727,0.09090909090909091,0.18181818181818182
d8b86fc815d8e3bda354f25b34f0f1c4fa248185a38a3e393af9affa1752870c,-101600741#2,-101752975#2,0.9090909090909091,0.7272727272727273,0.0,0.8181818181818182,0.18181818181818182,0.0,0.8181818181818182,0.7272727272727273,0.36363636363636365,1.0,0.5454545454545454,0.2727272727272727,0.8181818181818182,0.8181818181818182,0.9090909090909091,0.8181818181818182,0.9545454545454546
2023104464cc803a562a79ded642164421acd54a7e534721f8906cf8179361b9,-101600741#2,-101752975#2,0.45454545454545453,0.5454545454545454,0.9090909090909091,0.36363636363636365,0.09090909090909091,0.5454545454545454,0.9090909090909091,0.09090909090909091,0.0,0.0,0.18181818181818182,0.36363636363636365,0.5454545454545454,0.18181818181818182,1.0,1.0,0.9545454545454546
4ef0bd9e362e040c5f12f4bdb2229e7770e7f0f909ae1c796173dd2517afc474,-101600741#2,-101752975#2,0.6363636363636364,0.9090909090909091,0.36363636363636365,0.0,0.0,0.18181818181818182,1.0,0.0,0.18181818181818182,0.2727272727272727,0.0,0.09090909090909091,0.9090909090909091,0.09090909090909091,0.8181818181818182,0.9090909090909091,0.6818181818181818
3bb18b755b9aaba8c588a5adbffd2fbce82655fc50cca8d5e946191f097bd953,-101600741#2,-101752975#2,0.09090909090909091,0.2727272727272727,0.8181818181818182,0.45454545454545453,0.8181818181818182,1.0,0.0,0.18181818181818182,0.7272727272727273,0.45454545454545453,0.2727272727272727,0.6363636363636364,0.2727272727272727,0.5454545454545454,0.09090909090909091,0.2727272727272727,0.2727272727272727
b91e53f8a72206427891a77617762d7a0fa96c18c382ef42704f595048c7e7f0,-101600741#2,-101752975#2,1.0,1.0,0.09090909090909091,0.7272727272727273,0.5454545454545454,0.09090909090909091,0.5454545454545454,0.8181818181818182,0.09090909090909091,0.6363636363636364,0.45454545454545453,0.0,1.0,0.6363636363636364,0.7272727272727273,0.7272727272727273,0.8181818181818182
f52692a695397ddcffa50ad7f56000b0f23baf37108fbdcdee662e45f7124d19,-101600741#2,-101752975#2,0.8181818181818182,0.45454545454545453,0.18181818181818182,0.9090909090909091,0.2727272727272727,0.2727272727272727,0.6363636363636364,0.9090909090909091,0.5454545454545454,0.8181818181818182,0.6363636363636364,0.45454545454545453,0.45454545454545453,1.0,0.6363636363636364,0.45454545454545453,0.6818181818181818
31eee8c5c4e69193c1cf8c0c41a22ced04be218310052195d31f6613029bc9c7,-101600741#2,-101752975#2,0.7272727272727273,0.6363636363636364,0.2727272727272727,1.0,0.36363636363636365,0.6363636363636364,0.45454545454545453,1.0,0.45454545454545453,0.9090909090909091,1.0,1.0,0.6363636363636364,0.9090909090909091,0.5454545454545454,0.5454545454545454,0.36363636363636365
a99ca372db8f416bb59a98df9faaa5da9cb867734781101c87676b021294e748,-101600741#2,-101752975#2,0.5454545454545454,0.8181818181818182,0.45454545454545453,0.09090909090909091,1.0,0.45454545454545453,0.36363636363636365,0.36363636363636365,0.2727272727272727,0.5454545454545454,0.09090909090909091,0.18181818181818182,0.7272727272727273,0.2727272727272727,0.36363636363636365,0.6363636363636364,0.45454545454545453
9a17d764f866d75937e749cb8ea778cab57442f3aeb23122a96cd58ad207cdf1,-101600741#2,-101752975#2,0.36363636363636365,0.0,0.5454545454545454,0.18181818181818182,0.45454545454545453,0.36363636363636365,0.7272727272727273,0.45454545454545453,1.0,0.7272727272727273,0.9090909090909091,0.9090909090909091,0.0,0.7272727272727273,0.45454545454545453,0.36363636363636365,0.5454545454545454
2dbb859bd0d6c151e239bbe713fe3fe5392b1467a0b63495666e0b8882fe722c,-619184994,-101752975#1,0.9090909090909091,0.7272727272727273,0.09090909090909091,1.0,0.18181818181818182,0.2727272727272727,0.6363636363636364,1.0,0.2727272727272727,1.0,0.6363636363636364,0.2727272727272727,0.45454545454545453,1.0,1.0,0.7272727272727273,0.45454545454545453
5b76338f5f2317b93e3c5694a2132cecd4c63fc9726ca46174609975d4531997,-619184994,-101752975#1,0.5454545454545454,0.6363636363636364,0.7727272727272727,0.8636363636363636,0.45454545454545453,0.6363636363636364,0.45454545454545453,0.9090909090909091,0.36363636363636365,0.0,0.7272727272727273,0.36363636363636365,0.7272727272727273,0.36363636363636365,0.5454545454545454,0.18181818181818182,0.6818181818181818
a3e3d30df7ebbe384a88e80224d7cab4cd879d1aeddfdb7932b694ed517f1bb6,-619184994,-101752975#1,0.09090909090909091,0.18181818181818182,0.7727272727272727,0.8636363636363636,0.9090909090909091,0.9090909090909091,0.09090909090909091,0.45454545454545453,0.8181818181818182,0.2727272727272727,0.45454545454545453,0.8181818181818182,0.0,0.6363636363636364,0.18181818181818182,0.0,0.6818181818181818
c0bd97a18b4d96d46b72669fc3f96bbb42e3c482afab1245f4752b70a3829924,-619184994,-101752975#1,0.36363636363636365,0.2727272727272727,1.0,0.5454545454545454,0.5454545454545454,0.8181818181818182,0.36363636363636365,0.8181818181818182,0.7272727272727273,0.18181818181818182,0.9090909090909091,0.7272727272727273,0.09090909090909091,0.45454545454545453,0.45454545454545453,0.2727272727272727,0.5454545454545454
842a3581f2b7970fa5d077db5f46d01939537c7d4d3227736c499084260da960,-619184994,-101752975#1,0.45454545454545453,0.5454545454545454,0.6363636363636364,0.7272727272727273,0.7272727272727273,0.7272727272727273,0.18181818181818182,0.6363636363636364,0.45454545454545453,0.09090909090909091,0.18181818181818182,0.45454545454545453,0.6363636363636364,0.5454545454545454,0.3181818181818182,0.09090909090909091,0.9090909090909091
02683920380d1a9a1e886ea06077d5315a1850c9f8661742b0f9bc4c8fafb000,-619184994,-101752975#1,0.0,0.0,0.36363636363636365,0.2727272727272727,1.0,0.5454545454545454,0.2727272727272727,0.18181818181818182,1.0,0.8181818181818182,0.5454545454545454,1.0,0.2727272727272727,0.18181818181818182,0.0,0.45454545454545453,0.09090909090909091
79f74e24b4a206c58e8b67a060b998511de8ebcc6133fc3281f66100b0a9f3b6,-619184994,-101752975#1,0.7272727272727273,0.8181818181818182,0.18181818181818182,0.0,0.09090909090909091,0.18181818181818182,0.9090909090909091,0.09090909090909091,0.0,0.5454545454545454,0.09090909090909091,0.045454545454545456,0.8181818181818182,0.09090909090909091,0.9090909090909091,1.0,0.9090909090909091
900bdcbb8b8ddf4b41ecb4a1651ee7f9e171f12de77ccd79a5443c22e807c4b2,-619184994,-101752975#1,0.2727272727272727,0.09090909090909091,0.45454545454545453,0.6363636363636364,0.6363636363636364,0.45454545454545453,0.5454545454545454,0.2727272727272727,0.9090909090909091,0.7272727272727273,1.0,0.9090909090909091,0.36363636363636365,0.0,0.09090909090909091,0.5454545454545454,0.0
1a31d78146731dadd16ca63874298c7878d923a05986e2509b2eca7ec4ba2d69,-619184994,-101752975#1,1.0,1.0,0.0,0.18181818181818182,0.36363636363636365,0.0,0.7272727272727273,0.5454545454545454,0.09090909090909091,0.9090909090909091,0.36363636363636365,0.045454545454545456,1.0,0.8181818181818182,0.7272727272727273,0.8181818181818182,0.18181818181818182
e0c3371d2742dc20c7816092c215b37be9b928a7a94faa5b238bf00890d1e4e0,-619184994,-101752975#1,0.18181818181818182,0.36363636363636365,0.9090909090909091,0.45454545454545453,0.8181818181818182,1.0,0.0,0.36363636363636365,0.6363636363636364,0.36363636363636365,0.2727272727272727,0.6363636363636364,0.18181818181818182,0.7272727272727273,0.3181818181818182,0.36363636363636365,0.9090909090909091
930ffd49b93f4bf01e78f99a743dc572726ad54046db0a88a27509d6d22be74f,-619184994,-101752975#1,0.8181818181818182,0.9090909090909091,0.2727272727272727,0.09090909090909091,0.0,0.09090909090909091,1.0,0.0,0.18181818181818182,0.45454545454545453,0.0,0.18181818181818182,0.9090909090909091,0.2727272727272727,0.8181818181818182,0.9090909090909091,0.3181818181818182
987314524dc57b8ba90cd14ee1254f8752535b6ae65751999304332afc420c26,-619184994,-101752975#1,0.6363636363636364,0.45454545454545453,0.5454545454545454,0.36363636363636365,0.2727272727272727,0.36363636363636365,0.8181818181818182,0.7272727272727273,0.5454545454545454,0.6363636363636364,0.8181818181818182,0.5454545454545454,0.5454545454545454,0.9090909090909091,0.6363636363636364,0.6363636363636364,0.3181818181818182
d77eebd4543d86f4cc31b7f19fc06fd4a1b6b99ea19e14b454939580d3f8bf6f,-336860317#0,-101606546,0.5454545454545454,0.45454545454545453,0.4090909090909091,0.9090909090909091,0.7272727272727273,0.45454545454545453,0.36363636363636365,0.6363636363636364,0.5,0.45454545454545453,0.45454545454545453,0.45454545454545453,0.5454545454545454,0.45454545454545453,0.5454545454545454,0.0,0.045454545454545456
72d6c70c4e78f5859977cc69e0000249521683841ce7be480b8d3074f16782bd,-336860317#0,-101606546,0.2727272727272727,0.18181818181818182,0.2727272727272727,0.7272727272727273,0.45454545454545453,0.0,0.8181818181818182,0.18181818181818182,0.5,0.8181818181818182,0.7272727272727273,0.7272727272727273,0.09090909090909091,0.8181818181818182,0.18181818181818182,1.0,0.9545454545454546
00c58b4cd8b6d1f26a579a16aa68b92bce2a8fec3cc66712e1ce3fb2522e3c13,-336860317#0,-101606546,0.36363636363636365,0.2727272727272727,0.6363636363636364,0.6363636363636364,0.8181818181818182,0.6363636363636364,0.2727272727272727,0.7272727272727273,0.5,0.6363636363636364,0.6363636363636364,0.6363636363636364,0.18181818181818182,0.36363636363636365,0.45454545454545453,0.18181818181818182,0.045454545454545456
d1ccfddb5ea263ba3b4a33d09bd7482595c07ba4c2876e9f2534eb58ec990c13,-336860317#0,-101606546,0.8181818181818182,0.9090909090909091,0.7272727272727273,0.2727272727272727,0.6363636363636364,0.2727272727272727,0.45454545454545453,0.5454545454545454,0.5,0.0,0.0,0.0,0.7272727272727273,0.6363636363636364,0.9090909090909091,0.5454545454545454,0.5909090909090909
5e8dd9c35f2213257d5661b6a9af08f6218ca8b50fec841c9570b636fe3cd462,-336860317#0,-101606546,0.09090909090909091,0.09090909090909091,0.18181818181818182,0.9090909090909091,0.09090909090909091,0.09090909090909091,1.0,0.0,0.5,0.9090909090909091,0.8181818181818182,0.8181818181818182,0.2727272727272727,0.9090909090909091,0.09090909090909091,0.6363636363636364,0.5909090909090909
d56da1988e7eb9754b47a090c2c6eaefe1ed713c8cb3983c70d62796aacbe70f,-336860317#0,-101606546,0.0,0.0,0.4090909090909091,0.9090909090909091,0.36363636363636365,0.18181818181818182,0.9090909090909091,0.09090909090909091,0.5,1.0,0.9090909090909091,0.9090909090909091,0.0,1.0,0.0,0.8181818181818182,0.8181818181818182
2254984c748bd561435fb641b42dba71c3c3a5e1953307bfd4dd8ad9145b8493,-336860317#0,-101606546,0.18181818181818182,0.36363636363636365,1.0,0.0,1.0,0.5454545454545454,0.0,1.0,0.5,0.5454545454545454,0.5454545454545454,0.5454545454545454,0.36363636363636365,0.18181818181818182,0.2727272727272727,0.2727272727272727,0.18181818181818182
128ab08e60a40a9c3216142e720e3151a4fcf4e7d51a6b8a733b9cebe7a758c9,-336860317#0,-101606546,0.7272727272727273,0.6363636363636364,0.09090909090909091,0.5454545454545454,0.2727272727272727,0.9090909090909091,0.5454545454545454,0.45454545454545453,0.5,0.2727272727272727,0.2727272727272727,0.2727272727272727,0.45454545454545453,0.0,0.7272727272727273,0.45454545454545453,0.36363636363636365
30884cbba417df3589acf38e46b2599154101a0061060c4645ef64b3f49fe225,-336860317#0,-101606546,0.45454545454545453,0.5454545454545454,0.8636363636363636,0.18181818181818182,0.9090909090909091,0.36363636363636365,0.09090909090909091,0.8181818181818182,0.5,0.36363636363636365,0.36363636363636365,0.36363636363636365,0.6363636363636364,0.2727272727272727,0.36363636363636365,0.09090909090909091,0.36363636363636365
0535f123fb4f4df00f5506397987eba92a5af189b7f8758c680df600da03956e,-336860317#0,-101606546,0.9090909090909091,1.0,0.8636363636363636,0.09090909090909091,0.5454545454545454,1.0,0.18181818181818182,0.9090909090909091,0.5,0.7272727272727273,1.0,1.0,0.9090909090909091,0.5454545454545454,0.6363636363636364,0.9090909090909091,0.7272727272727273
977017c402a4b23d52a327945b5baa75e20b6fc58971b15ad9ca45dac7629f3e,-336860317#0,-101606546,1.0,0.8181818181818182,0.0,0.36363636363636365,0.0,0.7272727272727273,0.7272727272727273,0.2727272727272727,0.5,0.09090909090909091,0.09090909090909091,0.09090909090909091,1.0,0.09090909090909091,0.8181818181818182,0.36363636363636365,0.36363636363636365
3760aa4c997a4be0a08851c82e67e29782d31e7028b38f994039ffa230dc9724,-336860317#0,-101606546,0.6363636363636364,0.7272727272727273,0.5454545454545454,0.45454545454545453,0.18181818181818182,0.8181818181818182,0.6363636363636364,0.36363636363636365,0.5,0.18181818181818182,0.18181818181818182,0.18181818181818182,0.8181818181818182,0.7272727272727273,1.0,0.7272727272727273,0.9545454545454546
1db114a16b6ef02db5b05f369cfef3a88b8bd48adbf1dd39f32273dc1285532a,-101606546,-336860317#0,0.0,0.0,0.9090909090909091,0.6363636363636364,0.8181818181818182,0.5454545454545454,0.0,0.9090909090909091,0.5,0.7272727272727273,0.2727272727272727,0.9090909090909091,0.09090909090909091,0.2727272727272727,0.0,0.0,0.0
9e60ae45d67075c204a27557a60c84cd1c41075e54597abc17965e71839d3335,-101606546,-336860317#0,0.45454545454545453,0.2727272727272727,0.09090909090909091,0.36363636363636365,0.2727272727272727,0.8181818181818182,0.8181818181818182,0.2727272727272727,0.5,0.45454545454545453,0.9090909090909091,0.6363636363636364,0.36363636363636365,0.0,0.5454545454545454,0.18181818181818182,0.5454545454545454
95809553fcb0136c54678778774ba70120b4bdf994f3276c67a012b2bdd808df,-101606546,-336860317#0,0.09090909090909091,0.09090909090909091,1.0,0.09090909090909091,0.7272727272727273,0.45454545454545453,0.18181818181818182,0.8181818181818182,0.5,0.6363636363636364,0.18181818181818182,0.8181818181818182,0.0,0.36363636363636365,0.09090909090909091,0.09090909090909091,0.09090909090909091
6519956df1b15cbc07b50d617e6f91650b33e3a14bf381fa3c901b9aa76f4a47,-101606546,-336860317#0,0.5454545454545454,0.7272727272727273,0.6363636363636364,0.5,0.45454545454545453,0.18181818181818182,0.5454545454545454,0.45454545454545453,0.5,0.09090909090909091,0.0,0.18181818181818182,0.6363636363636364,0.7272727272727273,0.6363636363636364,0.45454545454545453,0.45454545454545453
da17c91fed3a1c370ab76b2593a3735902a10f44af3ee54179789513d2da8236,-101606546,-336860317#0,0.8181818181818182,0.9090909090909091,0.7272727272727273,0.18181818181818182,0.36363636363636365,1.0,0.36363636363636365,0.7272727272727273,0.5,1.0,0.45454545454545453,1.0,0.8181818181818182,0.5454545454545454,0.2727272727272727,0.6363636363636364,0.2727272727272727
5c0386170e2fc3aeed17658f89f34ac4f1ac416e2697ee5301abc54ae7b90742,-101606546,-336860317#0,0.6363636363636364,0.5454545454545454,0.2727272727272727,0.8181818181818182,0.09090909090909091,0.6363636363636364,1.0,0.09090909090909091,0.5,0.18181818181818182,0.7272727272727273,0.36363636363636365,0.2727272727272727,0.18181818181818182,0.7272727272727273,0.2727272727272727,0.6818181818181818
de14a19ae8c3bf7fd20c84c4d0d5f79952ca4adf756ce34dd0113f854f581275,-101606546,-336860317#0,0.18181818181818182,0.18181818181818182,0.36363636363636365,0.5,1.0,0.0,0.6363636363636364,0.0,0.5,0.0,1.0,0.7272727272727273,0.18181818181818182,1.0,0.8181818181818182,1.0,0.9545454545454546
f4d6415435c7cfde90ab576e5e210ea23b11a421251ec660d483d2e827b8f9ea,-101606546,-336860317#0,0.9090909090909091,1.0,0.0,0.0,0.0,0.9090909090909091,0.7272727272727273,0.36363636363636365,0.5,0.5454545454545454,0.36363636363636365,0.09090909090909091,1.0,0.9090909090909091,0.9090909090909091,0.9090909090909091,0.8181818181818182
6c3451c3e2e5962c8b8c78dd2eb51406ad95c8a0005f61dd7710e263c09263e7,-101606546,-336860317#0,0.36363636363636365,0.45454545454545453,0.5,0.8181818181818182,0.6363636363636364,0.36363636363636365,0.45454545454545453,0.5454545454545454,0.5,0.2727272727272727,0.09090909090909091,0.45454545454545453,0.9090909090909091,0.6363636363636364,0.4090909090909091,0.36363636363636365,0.36363636363636365
70d91676c3c663b75e529027e6cea9dd85bbcb54582abed82de7c28339afbb5e,-101606546,-336860317#0,0.7272727272727273,0.8181818181818182,0.5,0.8181818181818182,0.9090909090909091,0.09090909090909091,0.2727272727272727,0.6363636363636364,0.5,0.8181818181818182,0.5454545454545454,0.0,0.5454545454545454,0.09090909090909091,0.18181818181818182,0.5454545454545454,0.18181818181818182
5ce001a2f7f2dbeacda0684f7b025e74808c04ab092592aa209fb77c91fe7917,-101606546,-336860317#0,0.2727272727272727,0.36363636363636365,0.8181818181818182,0.2727272727272727,0.18181818181818182,0.7272727272727273,0.9090909090909091,0.18181818181818182,0.5,0.36363636363636365,0.8181818181818182,0.5454545454545454,0.7272727272727273,0.8181818181818182,1.0,0.7272727272727273,0.9545454545454546
ee83c30944a4d8b85a18772bbe3efb98fb36197e03a87debea8f92299d6da86b,-101606546,-336860317#0,1.0,0.6363636363636364,0.18181818181818182,1.0,0.5454545454545454,0.2727272727272727,0.09090909090909091,1.0,0.5,0.9090909090909091,0.6363636363636364,0.2727272727272727,0.45454545454545453,0.45454545454545453,0.4090909090909091,0.8181818181818182,0.6818181818181818
031ef54816e5179027a9501d6d19e471f72ef02056ba97f209d60ba993f7dd40,76867740,416428068,0.0,0.0,0.2727272727272727,0.0,1.0,0.2727272727272727,0.0,0.18181818181818182,1.0,0.36363636363636365,0.36363636363636365,0.13636363636363635,0.0,0.7272727272727273,0.0,0.6363636363636364,0.5909090909090909
fc45b5e1a39345ee4f6a02f6bdace33aef0b04a42152792b42f06a1cd05cf778,76867740,416428068,0.8181818181818182,0.6363636363636364,0.09090909090909091,1.0,0.5454545454545454,0.2727272727272727,0.18181818181818182,1.0,0.13636363636363635,0.2727272727272727,0.0,0.13636363636363635,0.6363636363636364,1.0,0.45454545454545453,0.18181818181818182,0.5909090909090909
a01ce966e37c2b4f8cf38398c813234e531c6e13da33da0edd3342ada1305524,76867740,416428068,0.36363636363636365,0.2727272727272727,0.5,0.3181818181818182,0.7272727272727273,0.7272727272727273,0.45454545454545453,0.6363636363636364,0.8181818181818182,0.9090909090909091,0.5454545454545454,0.9090909090909091,0.2727272727272727,0.2727272727272727,0.36363636363636365,0.36363636363636365,0.9090909090909091
e18fa48654f9481605199dbc439304b76e57e7d973cea0d23d2204e32be6906d,76867740,416428068,0.18181818181818182,0.09090909090909091,0.5,0.3181818181818182,0.8181818181818182,0.2727272727272727,0.36363636363636365,0.36363636363636365,0.9090909090909091,0.8181818181818182,0.6363636363636364,0.7272727272727273,0.09090909090909091,0.45454545454545453,0.18181818181818182,0.2727272727272727,0.9090909090909091
87a9b086c1bae84b2f098b18641b8fe2c4f4df1634ea2a3f8f9862def5fffebe,76867740,416428068,1.0,1.0,0.9090909090909091,0.5454545454545454,0.36363636363636365,0.8181818181818182,0.8181818181818182,0.2727272727272727,0.13636363636363635,0.18181818181818182,0.09090909090909091,0.45454545454545453,1.0,0.0,1.0,1.0,0.9090909090909091
910db939571503ee1366044a0d238ad54107805fe76fdb74dae4049806a9cd96,76867740,416428068,0.45454545454545453,0.5454545454545454,0.6818181818181818,0.13636363636363635,0.09090909090909091,0.9090909090909091,0.6363636363636364,0.5454545454545454,0.6363636363636364,0.45454545454545453,0.8181818181818182,0.13636363636363635,0.5454545454545454,0.18181818181818182,0.5454545454545454,0.8181818181818182,0.5909090909090909
22db5300d9b51ed344c37ef36a1c6cdae046100a9d62f9f0ab0565fadd510e8c,76867740,416428068,0.6363636363636364,0.36363636363636365,0.18181818181818182,0.45454545454545453,0.9090909090909091,0.2727272727272727,0.09090909090909091,0.8181818181818182,0.7272727272727273,0.7272727272727273,0.9090909090909091,0.8181818181818182,0.36363636363636365,0.5454545454545454,0.09090909090909091,0.5454545454545454,0.0
919a13906849cddff96089e100325e6632f93e32ef836078a9445b445bc9971d,76867740,416428068,0.09090909090909091,0.18181818181818182,0.8181818181818182,0.6363636363636364,0.2727272727272727,0.2727272727272727,0.9090909090909091,0.09090909090909091,0.13636363636363635,0.09090909090909091,0.2727272727272727,0.6363636363636364,0.18181818181818182,0.8181818181818182,0.8181818181818182,0.45454545454545453,0.2727272727272727
7171e26c1519e7a924471b418ba586e505d9c1ce3f6d10970018e022a1b727a0,76867740,416428068,0.9090909090909091,0.9090909090909091,0.0,0.9090909090909091,0.6363636363636364,0.2727272727272727,0.2727272727272727,0.9090909090909091,0.36363636363636365,0.5454545454545454,0.45454545454545453,0.13636363636363635,0.9090909090909091,0.9090909090909091,0.2727272727272727,0.0,0.18181818181818182
a2c8923c0fc826b2eb2b4b6c7c917678e9500e53c8fc22d0a3a6c65383dda323,76867740,416428068,0.5454545454545454,0.8181818181818182,0.6818181818181818,0.13636363636363635,0.0,1.0,0.7272727272727273,0.45454545454545453,0.45454545454545453,0.6363636363636364,0.7272727272727273,0.36363636363636365,0.8181818181818182,0.09090909090909091,0.7272727272727273,0.9090909090909091,0.5909090909090909
b3b64d76e87a9757070ff2bb44e1b60ee998749d789553b416a66b4701bccc06,76867740,416428068,0.2727272727272727,0.45454545454545453,1.0,0.8181818181818182,0.18181818181818182,0.2727272727272727,1.0,0.0,0.13636363636363635,0.0,0.18181818181818182,0.5454545454545454,0.45454545454545453,0.6363636363636364,0.9090909090909091,0.7272727272727273,0.36363636363636365
50d47889da88231dc40ac1c8fdc6d71e25d48e68029d024a41565eb55365ad2b,76867740,416428068,0.7272727272727273,0.7272727272727273,0.36363636363636365,0.7272727272727273,0.45454545454545453,0.6363636363636364,0.5454545454545454,0.7272727272727273,0.5454545454545454,1.0,1.0,1.0,0.7272727272727273,0.36363636363636365,0.6363636363636364,0.09090909090909091,0.09090909090909091
fdf1a5b98fa4b526eb50555b37a6f891032732f1877fda352fa6c4bc6141333b,-100488715#3,-101411571#1,0.0,0.0,0.09090909090909091,0.18181818181818182,0.5454545454545454,0.8181818181818182,0.18181818181818182,0.8181818181818182,0.45454545454545453,0.9090909090909091,0.5454545454545454,0.7272727272727273,0.18181818181818182,0.5454545454545454,0.0,0.0,0.36363636363636365
97efac4d03e1b484860c404a8bbcb217a9bee6830cbc5bfa47e3417567b159b5,-100488715#3,-101411571#1,0.2727272727272727,0.18181818181818182,0.0,0.0,0.45454545454545453,0.7272727272727273,0.2727272727272727,0.7272727272727273,0.45454545454545453,0.6363636363636364,0.36363636363636365,0.6363636363636364,0.09090909090909091,0.45454545454545453,0.09090909090909091,0.09090909090909091,0.0
7f16bb09ae37f9c9fb2921c73f4b323ef33a63c2357c15e90bc3917152c8c034,-100488715#3,-101411571#1,0.18181818181818182,0.36363636363636365,0.45454545454545453,0.5454545454545454,0.36363636363636365,0.6363636363636364,0.36363636363636365,0.6363636363636364,0.45454545454545453,0.5454545454545454,0.2727272727272727,0.45454545454545453,0.36363636363636365,0.6363636363636364,0.18181818181818182,0.18181818181818182,0.5454545454545454
d81e3235ccbcee54775cc9e6c28bb7844bc21fcd111c61b806450da324147372,-100488715#3,-101411571#1,0.36363636363636365,0.2727272727272727,0.18181818181818182,0.09090909090909091,1.0,0.09090909090909091,0.6363636363636364,0.2727272727272727,0.45454545454545453,0.18181818181818182,0.9090909090909091,0.5454545454545454,0.2727272727272727,0.9090909090909091,0.5454545454545454,0.6363636363636364,0.09090909090909091
7461688f377b9eee99728a64d1c3f45442343964911df1bd00facda35c1d51e1,-100488715#3,-101411571#1,0.09090909090909091,0.09090909090909091,1.0,1.0,0.2727272727272727,0.2727272727272727,0.9090909090909091,0.18181818181818182,0.45454545454545453,0.8181818181818182,0.45454545454545453,0.045454545454545456,0.0,1.0,1.0,1.0,0.9545454545454546
60b174d9bda01666deb364343b5ea72892d6fbae42f190fdacf4cb476d35e350,-100488715#3,-101411571#1,0.9090909090909091,0.8181818181818182,0.2727272727272727,0.2727272727272727,0.8181818181818182,0.09090909090909091,0.8181818181818182,0.09090909090909091,0.45454545454545453,0.09090909090909091,0.7272727272727273,0.18181818181818182,0.8181818181818182,0.2727272727272727,0.8181818181818182,0.7272727272727273,0.18181818181818182
0d2b0b65d4fe03a30bcb381b6023a12c7bd72862e7d29ec226248e516220bb0d,-100488715#3,-101411571#1,0.6363636363636364,0.6363636363636364,0.6363636363636364,0.6363636363636364,0.7272727272727273,1.0,0.0,1.0,0.45454545454545453,0.7272727272727273,0.8181818181818182,0.9090909090909091,0.6363636363636364,0.36363636363636365,0.2727272727272727,0.45454545454545453,0.7727272727272727
a53c83f726f7b79091ce3044a51e42d73a80f6c24c27d1943f3b5084be48a8d2,-100488715#3,-101411571#1,0.7272727272727273,0.7272727272727273,0.36363636363636365,0.36363636363636365,0.0,0.45454545454545453,0.7272727272727273,0.36363636363636365,0.45454545454545453,0.2727272727272727,0.09090909090909091,0.2727272727272727,0.7272727272727273,0.0,0.36363636363636365,0.2727272727272727,0.5454545454545454
fde33445533f25dc778015da51de151ab2460f0ea83b7f35b0ce676ba4a1bdbe,-100488715#3,-101411571#1,0.5454545454545454,0.45454545454545453,0.5454545454545454,0.45454545454545453,0.9090909090909091,0.36363636363636365,0.45454545454545453,0.5454545454545454,0.45454545454545453,1.0,1.0,1.0,0.45454545454545453,0.8181818181818182,0.45454545454545453,0.8181818181818182,0.9545454545454546
1320a2c3834ddfb7d231f2a7ebbd24ca6e1455cb1ace2b3695d6215cd4682e4c,-100488715#3,-101411571#1,0.45454545454545453,0.5454545454545454,0.8181818181818182,0.8181818181818182,0.18181818181818182,0.5454545454545454,0.5454545454545454,0.45454545454545453,0.45454545454545453,0.36363636363636365,0.18181818181818182,0.36363636363636365,0.5454545454545454,0.18181818181818182,0.6363636363636364,0.36363636363636365,0.5454545454545454
596b625a39ac028d0fc4128478492c3d89ae236172d46012b92759b7574936c9,-100488715#3,-101411571#1,1.0,1.0,0.7272727272727273,0.7272727272727273,0.09090909090909091,0.09090909090909091,1.0,0.0,1.0,0.0,0.0,0.045454545454545456,1.0,0.7272727272727273,0.9090909090909091,0.9090909090909091,0.2727272727272727
101115d8718760a7fe9073cdd2048c7fe5c82268c9bc888d430d0bf53e4c2e48,-100488715#3,-101411571#1,0.8181818181818182,0.9090909090909091,0.9090909090909091,0.9090909090909091,0.6363636363636364,0.9090909090909091,0.09090909090909091,0.9090909090909091,0.45454545454545453,0.45454545454545453,0.6363636363636364,0.8181818181818182,0.9090909090909091,0.09090909090909091,0.7272727272727273,0.5454545454545454,0.7727272727272727
29065a55dbadeeac175f2c8d00c690049589ba581407c1e5936ad4c29ee13b62,101416508#1,71223791#1,0.9090909090909091,0.9090909090909091,0.09090909090909091,0.09090909090909091,0.9090909090909091,0.45454545454545453,0.18181818181818182,0.8181818181818182,0.36363636363636365,0.7272727272727273,0.7272727272727273,0.9090909090909091,0.9090909090909091,0.9090909090909091,0.7272727272727273,0.6363636363636364,0.3181818181818182
880c0c3de0560a8e153935eb4fd84abbb82ca5931035ea830ea8fd8f7474a6b9,101416508#1,71223791#1,0.0,0.0,0.7272727272727273,1.0,0.3181818181818182,0.45454545454545453,0.6818181818181818,0.3181818181818182,0.36363636363636365,0.3181818181818182,0.3181818181818182,0.4090909090909091,0.0,0.09090909090909091,0.0,0.2727272727272727,0.09090909090909091
e52d665043f719fc28aae2c589917363aa4c307846d3ec5ff79806ccd2377320,101416508#1,71223791#1,0.18181818181818182,0.09090909090909091,0.6363636363636364,0.8181818181818182,0.3181818181818182,0.45454545454545453,0.6818181818181818,0.3181818181818182,0.36363636363636365,0.3181818181818182,0.3181818181818182,0.4090909090909091,0.09090909090909091,0.2727272727272727,0.09090909090909091,0.45454545454545453,0.18181818181818182
dde0a59aea398b4ee839553e1995623e016eeafd23fa7742b7978c826eb7ae34,101416508#1,71223791#1,0.2727272727272727,0.18181818181818182,0.5,0.9090909090909091,0.3181818181818182,0.45454545454545453,0.6818181818181818,0.3181818181818182,0.36363636363636365,0.3181818181818182,0.3181818181818182,0.4090909090909091,0.18181818181818182,0.18181818181818182,0.2727272727272727,0.5454545454545454,0.3181818181818182
ff8155c2cfd61f68b81e19adacbdc79c296f1cec98ae29a495a2b27868823763,101416508#1,71223791#1,0.09090909090909091,0.2727272727272727,0.9090909090909091,0.7272727272727273,0.3181818181818182,0.45454545454545453,0.6818181818181818,0.3181818181818182,0.36363636363636365,0.3181818181818182,0.3181818181818182,0.4090909090909091,0.2727272727272727,0.0,0.18181818181818182,0.36363636363636365,0.0
e769163e69e18cd9fe88c9bb79897802adce86eef047db8ff06fa286418b65e2,101416508#1,71223791#1,0.7272727272727273,0.7272727272727273,0.2727272727272727,0.45454545454545453,0.3181818181818182,0.45454545454545453,0.6818181818181818,0.3181818181818182,0.36363636363636365,0.3181818181818182,0.3181818181818182,0.4090909090909091,0.7272727272727273,0.6363636363636364,0.4090909090909091,0.0,0.5454545454545454
66efbdd91c443319f0a693f83e0e5d9d177d4bc6a1191e7f4cbd4083b6ac1551,101416508#1,71223791#1,1.0,1.0,0.36363636363636365,0.5454545454545454,0.8181818181818182,1.0,0.09090909090909091,0.9090909090909091,0.8181818181818182,1.0,1.0,0.4090909090909091,1.0,0.5454545454545454,1.0,0.9090909090909091,0.5454545454545454
838376183f7c1583bdd9deda2a331a59c0ea284816147c7951a36744921f9b50,101416508#1,71223791#1,0.6363636363636364,0.6363636363636364,0.0,0.0,0.3181818181818182,0.45454545454545453,0.6818181818181818,0.3181818181818182,0.36363636363636365,0.3181818181818182,0.3181818181818182,0.4090909090909091,0.6363636363636364,0.7272727272727273,0.4090909090909091,0.09090909090909091,0.5454545454545454
82b32099d5902ecdd78c877b00225c8b8782651c5cdf0eee72c770d0981207ef,101416508#1,71223791#1,0.8181818181818182,0.8181818181818182,0.8181818181818182,0.2727272727272727,0.7272727272727273,0.45454545454545453,0.2727272727272727,0.7272727272727273,0.9090909090909091,0.8181818181818182,0.8181818181818182,0.4090909090909091,0.8181818181818182,0.36363636363636365,0.6363636363636364,0.8181818181818182,0.9545454545454546
e779e8cad35d92e60b18e9fbda95b5c9dc7b1b7fcdd45b0927ae1baf886302f3,101416508#1,71223791#1,0.36363636363636365,0.36363636363636365,0.18181818181818182,0.36363636363636365,0.3181818181818182,0.45454545454545453,0.6818181818181818,0.3181818181818182,0.36363636363636365,0.3181818181818182,0.3181818181818182,0.4090909090909091,0.36363636363636365,0.8181818181818182,0.5454545454545454,0.18181818181818182,0.7272727272727273
c9ec37a8ecfd5d61ba58c01dc07fcbc0b22a56b1192117fe616660117484a268,101416508#1,71223791#1,0.5454545454545454,0.5454545454545454,1.0,0.18181818181818182,0.3181818181818182,0.45454545454545453,0.6818181818181818,0.3181818181818182,0.36363636363636365,0.3181818181818182,0.3181818181818182,0.4090909090909091,0.5454545454545454,0.45454545454545453,0.8181818181818182,0.7272727272727273,0.8181818181818182
60591ba4578d2296643c4a061408c6de72a46008ea08b573b9be10e1f291ac2e,101416508#1,71223791#1,0.45454545454545453,0.45454545454545453,0.5,0.6363636363636364,1.0,0.45454545454545453,0.0,1.0,1.0,0.9090909090909091,0.9090909090909091,1.0,0.45454545454545453,1.0,0.9090909090909091,1.0,0.9545454545454546
2aafea1cdb02eab8ee3f0ce7fb0feec6024a7720c92069e0aa4664f5a1d5ba93,-101749465,-1323419247,0.09090909090909091,0.0,0.7272727272727273,0.7272727272727273,0.7272727272727273,0.36363636363636365,0.6363636363636364,0.36363636363636365,1.0,0.7272727272727273,0.6363636363636364,1.0,0.0,0.0,0.18181818181818182,0.09090909090909091,0.0
ec334003a472e634bb5af5d63aec021590eef5e0129a8839b0b0c0aec4680b7c,-101749465,-1323419247,0.2727272727272727,0.18181818181818182,0.5,0.5454545454545454,0.5454545454545454,0.36363636363636365,0.7272727272727273,0.2727272727272727,0.8181818181818182,0.45454545454545453,0.45454545454545453,0.8181818181818182,0.18181818181818182,0.09090909090909091,0.2727272727272727,0.0,0.09090909090909091
c708eec4594823a45ecaa9bcbb7fd45360bdc3ad1d04596ccc8707b5f049bd9e,-101749465,-1323419247,0.18181818181818182,0.2727272727272727,0.9090909090909091,0.9090909090909091,0.2727272727272727,0.36363636363636365,1.0,0.0,0.7272727272727273,0.36363636363636365,0.36363636363636365,0.7272727272727273,0.2727272727272727,0.18181818181818182,0.09090909090909091,0.18181818181818182,0.22727272727272727
07b21df286569630ca18577f013bbb50cafec25426ebee72b1cc256d209adcab,-101749465,-1323419247,0.0,0.09090909090909091,1.0,1.0,0.36363636363636365,0.36363636363636365,0.9090909090909091,0.09090909090909091,0.9090909090909091,0.6363636363636364,0.5454545454545454,0.9090909090909091,0.09090909090909091,0.2727272727272727,0.0,0.2727272727272727,0.22727272727272727
ffd2be8bbd287c7cf51dfa1c834218bc60904899b39f7f6259ba52314c2bae84,-101749465,-1323419247,0.8181818181818182,0.45454545454545453,0.0,0.6363636363636364,0.18181818181818182,0.36363636363636365,0.45454545454545453,0.8181818181818182,0.13636363636363635,0.9090909090909091,0.9090909090909091,0.5454545454545454,0.45454545454545453,0.6363636363636364,0.6363636363636364,0.36363636363636365,0.36363636363636365
8ab351b438e98ad1fb13d9efa93783e2dff921ca3ce807d83ba0ed7cdc9b595f,-101749465,-1323419247,0.45454545454545453,0.6363636363636364,0.5,0.36363636363636365,0.9090909090909091,0.36363636363636365,0.2727272727272727,0.6363636363636364,0.45454545454545453,0.09090909090909091,0.09090909090909091,0.36363636363636365,0.6363636363636364,0.9090909090909091,0.5454545454545454,0.6363636363636364,0.5454545454545454
51048bcbe24604ff7f15064f28ee49ca6083d1a942b9fff46ccbfbb02df7227c,-101749465,-1323419247,1.0,1.0,0.09090909090909091,0.09090909090909091,0.0,0.9090909090909091,0.09090909090909091,0.9090909090909091,0.13636363636363635,0.5454545454545454,0.8181818181818182,0.045454545454545456,0.9090909090909091,0.36363636363636365,1.0,0.45454545454545453,0.9090909090909091
8c512eec6a0592a0f969aea20caf3321f398c16191da118cc90cdad1f81db3ec,-101749465,-1323419247,0.36363636363636365,0.36363636363636365,0.8181818181818182,0.8181818181818182,0.45454545454545453,0.36363636363636365,0.8181818181818182,0.18181818181818182,0.6363636363636364,0.2727272727272727,0.2727272727272727,0.6363636363636364,0.36363636363636365,0.5454545454545454,0.36363636363636365,0.9090909090909091,0.9090909090909091
8d6a56db7d942a3bd2836d66d7f1503767b34f0b34affea0c6cae697fd0df8d4,-101749465,-1323419247,0.5454545454545454,0.5454545454545454,0.36363636363636365,0.18181818181818182,1.0,0.36363636363636365,0.18181818181818182,0.7272727272727273,0.5454545454545454,0.18181818181818182,0.18181818181818182,0.45454545454545453,0.5454545454545454,0.8181818181818182,0.45454545454545453,0.7272727272727273,0.45454545454545453
49777ac03ce35628c3eaa2f3624fde086e5fa4199fcdd507c13f68e429f900aa,-101749465,-1323419247,0.6363636363636364,0.8181818181818182,0.6363636363636364,0.45454545454545453,0.6363636363636364,0.8181818181818182,0.5454545454545454,0.5454545454545454,0.36363636363636365,1.0,0.7272727272727273,0.18181818181818182,0.8181818181818182,1.0,0.7272727272727273,1.0,0.9090909090909091
4541ad45d8bc2df486e11c00810dde241299b1e68f1d81af68e9552b851afe22,-101749465,-1323419247,0.9090909090909091,0.9090909090909091,0.18181818181818182,0.2727272727272727,0.09090909090909091,1.0,0.0,1.0,0.13636363636363635,0.8181818181818182,1.0,0.045454545454545456,1.0,0.45454545454545453,0.9090909090909091,0.5454545454545454,0.7272727272727273
121280c6b61e96893d0ceb1dde02c4ce14c6cf2cbf7aa55f139c55d5a4b2d8c4,-101749465,-1323419247,0.7272727272727273,0.7272727272727273,0.2727272727272727,0.0,0.8181818181818182,0.36363636363636365,0.36363636363636365,0.45454545454545453,0.13636363636363635,0.0,0.0,0.2727272727272727,0.7272727272727273,0.7272727272727273,0.8181818181818182,0.8181818181818182,0.6363636363636364
590fd7b11aee6756d78f24d98ddf9234a5a1751147f776283ebefb54b842c20e,-101765339#0,100475365#1,0.0,0.0,1.0,1.0,1.0,1.0,0.0,1.0,1.0,1.0,1.0,0.0,0.0,0.0,0.0,0.5,0.5
08a7712459fc103cf5a2819722dc2fc5833bc3482833751daec57abb5e716066,-101765339#0,100475365#1,1.0,1.0,0.0,0.0,0.0,0.0,1.0,0.0,0.0,0.0,0.0,1.0,1.0,1.0,1.0,0.5,0.5
4a9435ae04e5e96b019ca9e9385162f079487773137790903f9fbaa6e70e2156,-282689981#1,-619184994,0.18181818181818182,0.0,0.2727272727272727,0.8181818181818182,0.36363636363636365,0.5,0.6363636363636364,0.36363636363636365,1.0,0.8181818181818182,0.8181818181818182,1.0,0.2727272727272727,0.2727272727272727,0.18181818181818182,0.45454545454545453,0.8636363636363636
fb80e88232fb7c2c41070008bf8f3120c2ee7ce3d43c9e8f5d0f80affe7067de,-282689981#1,-619184994,0.36363636363636365,0.36363636363636365,0.6363636363636364,1.0,0.2727272727272727,0.5,0.7272727272727273,0.2727272727272727,0.7272727272727273,0.45454545454545453,0.45454545454545453,0.7272727272727273,0.0,0.18181818181818182,0.2727272727272727,0.2727272727272727,0.5454545454545454
234adedf9e21dd549dce268592f46d49198b68cb5204c76925701036e95e8e5d,-282689981#1,-619184994,0.8181818181818182,0.7272727272727273,0.18181818181818182,0.18181818181818182,0.7272727272727273,0.5,0.2727272727272727,0.7272727272727273,0.45454545454545453,0.18181818181818182,0.18181818181818182,0.13636363636363635,0.9090909090909091,0.0,0.5454545454545454,0.8181818181818182,0.8636363636363636
7844c5d00d592ad5f94fce80f3f680603955d0324c15ef933b17841e58f3e109,-282689981#1,-619184994,0.5454545454545454,0.2727272727272727,0.09090909090909091,0.09090909090909091,1.0,0.5,0.0,1.0,0.8181818181818182,0.5454545454545454,0.5454545454545454,0.8181818181818182,0.6363636363636364,0.8181818181818182,0.8181818181818182,0.5454545454545454,0.3181818181818182
4bf50812e3da46dbc0cbccdf0354803a40169eaa14712a8434447680697a4fcb,-282689981#1,-619184994,0.6363636363636364,0.6363636363636364,0.36363636363636365,0.45454545454545453,0.9090909090909091,0.5,0.09090909090909091,0.9090909090909091,0.5454545454545454,1.0,1.0,0.5454545454545454,0.8181818181818182,0.6363636363636364,0.6363636363636364,0.09090909090909091,0.45454545454545453
069d8f5f729765ee08dbae00be992c322455417e5907f2fe91ffac42b150bb9d,-282689981#1,-619184994,0.9090909090909091,0.9090909090909091,0.0,0.0,0.45454545454545453,0.5,0.5454545454545454,0.45454545454545453,0.09090909090909091,0.09090909090909091,0.09090909090909091,0.13636363636363635,0.7272727272727273,1.0,1.0,1.0,0.8636363636363636
cf29d7e3ff5c0af61d84463bcd23aa7865552a4ef42503690b6b793bd17d6368,-282689981#1,-619184994,1.0,1.0,0.5454545454545454,0.36363636363636365,0.18181818181818182,0.5,0.8181818181818182,0.18181818181818182,0.2727272727272727,0.0,0.0,0.36363636363636365,1.0,0.09090909090909091,0.9090909090909091,0.9090909090909091,0.0
8df43f7cd15558dfc54e1239a3262afa4dfa40331b01a5973e548565007faa50,-282689981#1,-619184994,0.7272727272727273,0.8181818181818182,0.45454545454545453,0.5454545454545454,0.8181818181818182,0.5,0.18181818181818182,0.8181818181818182,0.36363636363636365,0.9090909090909091,0.9090909090909091,0.45454545454545453,0.36363636363636365,0.5454545454545454,0.7272727272727273,0.0,0.18181818181818182
58669ab7cbaba899ba4432554a84b4df8f0f2a40b8daf0429f47e19ccd23b1f8,-282689981#1,-619184994,0.0,0.09090909090909091,0.9090909090909091,0.6363636363636364,0.09090909090909091,0.5,0.9090909090909091,0.09090909090909091,0.9090909090909091,0.7272727272727273,0.7272727272727273,0.13636363636363635,0.45454545454545453,0.45454545454545453,0.0,0.7272727272727273,0.8636363636363636
7255dfae47c14226fcfb99a2396013f5d95443d90e26726d741332b163a00477,-282689981#1,-619184994,0.09090909090909091,0.45454545454545453,1.0,0.2727272727272727,0.0,0.5,1.0,0.0,0.6363636363636364,0.36363636363636365,0.36363636363636365,0.13636363636363635,0.09090909090909091,0.36363636363636365,0.09090909090909091,0.6363636363636364,0.6363636363636364
ecfb96ffe7a6fd0058f86ef923e8852c19efa7c17b4ca61196a0158db7320d19,-282689981#1,-619184994,0.45454545454545453,0.5454545454545454,0.8181818181818182,0.7272727272727273,0.5454545454545454,0.5,0.45454545454545453,0.5454545454545454,0.09090909090909091,0.2727272727272727,0.2727272727272727,0.6363636363636364,0.18181818181818182,0.7272727272727273,0.45454545454545453,0.18181818181818182,0.09090909090909091
09be22a9eb9248dfe7cd4d804a0d0f10288743626e67f0111fc7b6b195dfe1af,-282689981#1,-619184994,0.2727272727272727,0.18181818181818182,0.7272727272727273,0.9090909090909091,0.6363636363636364,0.5,0.36363636363636365,0.6363636363636364,0.09090909090909091,0.6363636363636364,0.6363636363636364,0.9090909090909091,0.5454545454545454,0.9090909090909091,0.36363636363636365,0.36363636363636365,0.3181818181818182
8b1a2077d7257675da0da1aa09fc8ac772b1695354f3f1d92fe0b4fd181095a0,-282689975#3,-1200809291,0.0,0.0,0.09090909090909091,0.9090909090909091,0.18181818181818182,0.45454545454545453,0.8181818181818182,0.18181818181818182,0.2727272727272727,0.9090909090909091,1.0,1.0,0.0,0.45454545454545453,0.0,0.5454545454545454,0.7272727272727273
72acea6bdf5be0c018dfebf1408792fa8106155c0f1fa2af68513875b496f46d,-282689975#3,-1200809291,0.09090909090909091,0.09090909090909091,0.18181818181818182,1.0,0.09090909090909091,0.45454545454545453,0.9090909090909091,0.09090909090909091,0.2727272727272727,0.7272727272727273,0.9090909090909091,0.9090909090909091,0.09090909090909091,0.5454545454545454,0.09090909090909091,0.45454545454545453,0.4090909090909091
7d7379621e82b82b8b3b458210f8d5d188781d6694af216e8b84a0cc1739b281,-282689975#3,-1200809291,0.6363636363636364,0.36363636363636365,0.36363636363636365,0.45454545454545453,0.2727272727272727,0.45454545454545453,0.5454545454545454,0.7272727272727273,0.2727272727272727,0.45454545454545453,0.6363636363636364,0.18181818181818182,0.5454545454545454,0.8181818181818182,0.8181818181818182,0.6363636363636364,0.6363636363636364
391a1224c208013788715c9682df8c8ba77ce35f0937479d8da70e2a6199bd33,-282689975#3,-1200809291,1.0,1.0,0.7272727272727273,0.09090909090909091,0.5454545454545454,1.0,0.36363636363636365,0.9090909090909091,0.2727272727272727,0.0,0.0,0.18181818181818182,1.0,0.0,0.9090909090909091,0.8181818181818182,0.8181818181818182
6cd64d749e5c874600cfd971b960681806e529675fd33973b66d8fa9ba22fd3e,-282689975#3,-1200809291,0.2727272727272727,0.6363636363636364,1.0,0.6363636363636364,0.6363636363636364,0.45454545454545453,0.7272727272727273,0.2727272727272727,0.9090909090909091,0.8181818181818182,0.36363636363636365,0.5454545454545454,0.6363636363636364,0.2727272727272727,0.45454545454545453,0.0,0.09090909090909091
22e9922053ecd0649c2e60718349c1c67b38f2c07979ee119a7334197a6c7e7d,-282689975#3,-1200809291,0.45454545454545453,0.5454545454545454,0.45454545454545453,0.8181818181818182,0.0,0.45454545454545453,1.0,0.0,0.2727272727272727,0.2727272727272727,0.45454545454545453,0.6363636363636364,0.45454545454545453,0.9090909090909091,0.2727272727272727,0.9090909090909091,0.9545454545454546
271577064b10328a44da1f0db55ef92240cd66f118f773e755d20515ff08d02c,-282689975#3,-1200809291,0.18181818181818182,0.45454545454545453,0.8181818181818182,0.5454545454545454,0.7272727272727273,0.45454545454545453,0.6363636363636364,0.36363636363636365,1.0,1.0,0.5454545454545454,0.7272727272727273,0.36363636363636365,0.18181818181818182,0.36363636363636365,0.18181818181818182,0.0
99352f8c6a2eb225fbb3f64fc83a1d95f130edc875e00e3bd287f0fa12b8e22b,-282689975#3,-1200809291,0.7272727272727273,0.7272727272727273,0.6363636363636364,0.2727272727272727,1.0,0.45454545454545453,0.0,0.6363636363636364,0.8181818181818182,0.09090909090909091,0.09090909090909091,0.18181818181818182,0.7272727272727273,0.36363636363636365,0.5454545454545454,0.09090909090909091,0.18181818181818182
cf2943f488913df860a903c70ce595f5791eada09d6c97de094cc445f1c5710b,-282689975#3,-1200809291,0.5454545454545454,0.2727272727272727,0.2727272727272727,0.36363636363636365,0.36363636363636365,0.45454545454545453,0.45454545454545453,0.8181818181818182,0.2727272727272727,0.5454545454545454,0.7272727272727273,0.18181818181818182,0.2727272727272727,0.6363636363636364,0.6818181818181818,0.7272727272727273,0.5454545454545454
1c82892b8c4aa067cb342bcddb98cce0026e176eeded7fbd0e44615ac839cf51,-282689975#3,-1200809291,0.36363636363636365,0.18181818181818182,0.0,0.7272727272727273,0.45454545454545453,0.45454545454545453,0.18181818181818182,1.0,0.2727272727272727,0.6363636363636364,0.8181818181818182,0.8181818181818182,0.18181818181818182,0.7272727272727273,0.18181818181818182,0.36363636363636365,0.2727272727272727
bf85edff15881c9a23feb60121156e3d120fd4e686d3ef2cc8e475ea09bd59d1,-282689975#3,-1200809291,0.9090909090909091,0.9090909090909091,0.5454545454545454,0.18181818181818182,0.9090909090909091,0.45454545454545453,0.09090909090909091,0.5454545454545454,0.6363636363636364,0.18181818181818182,0.18181818181818182,0.18181818181818182,0.9090909090909091,0.09090909090909091,0.6818181818181818,0.2727272727272727,0.4090909090909091
70fbd2c11831f6409e4263659909d2872e25fe23daf331a239e86992b199c7d5,-282689975#3,-1200809291,0.8181818181818182,0.8181818181818182,0.9090909090909091,0.0,0.8181818181818182,0.45454545454545453,0.2727272727272727,0.45454545454545453,0.7272727272727273,0.36363636363636365,0.2727272727272727,0.45454545454545453,0.8181818181818182,1.0,1.0,1.0,0.9545454545454546
ea4f4ceaa0815b1f2a28b33b0000b93b5b25b17933ac2f0e63e4af56971cc381,-336860317#1,-1047412913,0.8181818181818182,0.9090909090909091,0.18181818181818182,0.18181818181818182,1.0,0.5454545454545454,0.18181818181818182,0.7272727272727273,0.09090909090909091,0.8181818181818182,0.8181818181818182,0.5454545454545454,0.9090909090909091,0.7272727272727273,1.0,1.0,0.9545454545454546
84c945f5887c75663d7d72a025e116cbb3c7522e778b642f9ab99eb11b96bfbb,-336860317#1,-1047412913,0.5454545454545454,0.36363636363636365,0.45454545454545453,0.2727272727272727,0.09090909090909091,0.9090909090909091,0.9090909090909091,0.18181818181818182,0.6363636363636364,0.36363636363636365,0.36363636363636365,0.22727272727272727,0.36363636363636365,0.5454545454545454,0.45454545454545453,0.36363636363636365,0.8181818181818182
ee300c68f68fc339499580f2e579f0949089d473ba1d30c92150c8badc4dcbe8,-336860317#1,-1047412913,0.2727272727272727,0.18181818181818182,0.7272727272727273,0.5454545454545454,0.36363636363636365,0.22727272727272727,0.7272727272727273,0.2727272727272727,0.8181818181818182,0.5454545454545454,0.5454545454545454,0.22727272727272727,0.09090909090909091,0.2727272727272727,0.09090909090909091,0.0,0.2727272727272727
5d99d5718ed068d873d24cd490f7593e2bb8035c2784fad612a5e186d082659a,-336860317#1,-1047412913,0.45454545454545453,0.45454545454545453,0.0,0.0,0.6363636363636364,0.22727272727272727,0.45454545454545453,0.5454545454545454,0.09090909090909091,0.2727272727272727,0.2727272727272727,0.8181818181818182,0.45454545454545453,0.45454545454545453,0.8181818181818182,0.9090909090909091,0.7272727272727273
43cba9bc5731376f2fc6dbcfb6212405f7ded773e63f9fbe22e75de832e63674,-336860317#1,-1047412913,0.6363636363636364,0.6363636363636364,0.6363636363636364,0.45454545454545453,0.2727272727272727,0.22727272727272727,0.8181818181818182,0.09090909090909091,0.5454545454545454,0.09090909090909091,0.09090909090909091,0.22727272727272727,0.6363636363636364,0.36363636363636365,0.36363636363636365,0.18181818181818182,0.5454545454545454
4df6549f96d4fc947f86e91738627611e4e2af120d4d77a5dc0e4505844c5ea3,-336860317#1,-1047412913,1.0,1.0,0.5454545454545454,0.36363636363636365,0.0,0.6363636363636364,1.0,0.0,0.2727272727272727,0.0,0.0,0.22727272727272727,1.0,0.0,0.5454545454545454,0.6363636363636364,0.9545454545454546
6779be41fdae711a08cd299e3d16aed9604fb8b5a1228084507440dc19565dd6,-336860317#1,-1047412913,0.09090909090909091,0.2727272727272727,0.9090909090909091,0.7272727272727273,0.5454545454545454,0.22727272727272727,0.5454545454545454,0.45454545454545453,0.7272727272727273,0.45454545454545453,0.45454545454545453,0.22727272727272727,0.2727272727272727,0.09090909090909091,0.2727272727272727,0.09090909090909091,0.18181818181818182
96780953259513fc10f82eb9e1d29bae540cc14e3c28db47e445d8d697858b07,-336860317#1,-1047412913,0.36363636363636365,0.5454545454545454,0.09090909090909091,0.09090909090909091,0.9090909090909091,0.22727272727272727,0.2727272727272727,0.6363636363636364,0.09090909090909091,0.18181818181818182,0.18181818181818182,0.7272727272727273,0.5454545454545454,0.6363636363636364,0.9090909090909091,0.8181818181818182,0.6363636363636364
1911144557f3171bcc49df254bb8840736d93be26f913210410000a96cf1d169,-336860317#1,-1047412913,0.7272727272727273,0.09090909090909091,0.2727272727272727,1.0,0.7272727272727273,0.8181818181818182,0.0,1.0,0.9090909090909091,0.9090909090909091,0.9090909090909091,1.0,0.18181818181818182,1.0,0.6363636363636364,0.45454545454545453,0.0
5c4b0d5cce81cf893b2707e8b72301d3df3c72c28ddae05efc73f6bfdf5a4e49,-336860317#1,-1047412913,0.0,0.0,0.8181818181818182,0.6363636363636364,0.45454545454545453,0.22727272727272727,0.6363636363636364,0.36363636363636365,1.0,0.6363636363636364,0.6363636363636364,0.22727272727272727,0.0,0.9090909090909091,0.0,0.2727272727272727,0.36363636363636365
de8f4a0dcfd0474fd475f1280cc2f7c1324c2d8c257738f765d97968dec2dc71,-336860317#1,-1047412913,0.9090909090909091,0.8181818181818182,0.36363636363636365,0.9090909090909091,0.8181818181818182,0.7272727272727273,0.09090909090909091,0.9090909090909091,0.36363636363636365,1.0,1.0,0.9090909090909091,0.8181818181818182,0.8181818181818182,0.7272727272727273,0.7272727272727273,0.09090909090909091
3547059d09c3c53c9e78f99475a2fe5b7d585abd55911672efe0fc8a618be153,-336860317#1,-1047412913,0.18181818181818182,0.7272727272727273,1.0,0.8181818181818182,0.18181818181818182,1.0,0.36363636363636365,0.8181818181818182,0.45454545454545453,0.7272727272727273,0.7272727272727273,0.6363636363636364,0.7272727272727273,0.18181818181818182,0.18181818181818182,0.5454545454545454,0.45454545454545453
ac66939bbb535c0d1b445f2e9d3d7873fae6ca1583c1f5701b1445464dc03e9b,71324347#5,416428068,0.36363636363636365,0.18181818181818182,0.36363636363636365,0.9090909090909091,0.2727272727272727,0.36363636363636365,0.7272727272727273,0.2727272727272727,0.9090909090909091,0.8181818181818182,0.5454545454545454,0.18181818181818182,0.18181818181818182,0.7272727272727273,0.2727272727272727,0.45454545454545453,0.09090909090909091
0e562432fe5b698130c86df68af16c07d994ef39757714874ce4b338ce80a9e1,71324347#5,416428068,0.0,0.0,0.0,0.0,1.0,0.36363636363636365,0.0,0.6363636363636364,1.0,0.7272727272727273,0.8181818181818182,0.18181818181818182,0.0,1.0,0.0,0.9090909090909091,0.7272727272727273
97b47ac77a13c0bf3383d3333f9df43ab25dcfe4f436e1f3bdf5d6054064bfc0,71324347#5,416428068,0.18181818181818182,0.09090909090909091,1.0,1.0,0.09090909090909091,0.36363636363636365,0.8181818181818182,0.18181818181818182,0.2727272727272727,0.18181818181818182,0.09090909090909091,0.18181818181818182,0.09090909090909091,0.8181818181818182,0.7272727272727273,0.36363636363636365,0.45454545454545453
3a3a6d133de7844f5476ae3225bac8f1fd1f459fcc35edc2e62399dc7dfdd9eb,71324347#5,416428068,0.8181818181818182,0.7272727272727273,0.6363636363636364,0.8181818181818182,0.09090909090909091,0.36363636363636365,0.9090909090909091,0.09090909090909091,0.2727272727272727,0.09090909090909091,0.09090909090909091,0.18181818181818182,0.7272727272727273,0.0,0.8181818181818182,0.5454545454545454,0.6363636363636364
ff6f74da2f9dca14a88acb4488c1332599ed44c3f8ea60b0d7ee0d7de92b9891,71324347#5,416428068,0.5454545454545454,0.6363636363636364,0.7272727272727273,0.6363636363636364,0.5454545454545454,0.36363636363636365,0.6363636363636364,0.36363636363636365,0.2727272727272727,0.2727272727272727,0.2727272727272727,0.5454545454545454,0.6363636363636364,0.36363636363636365,0.5454545454545454,0.09090909090909091,0.2727272727272727
e884d37eddde09157b328c537a9310b90b824a02637f960b273733853190415a,71324347#5,416428068,0.09090909090909091,0.2727272727272727,0.13636363636363635,0.13636363636363635,0.9090909090909091,0.36363636363636365,0.09090909090909091,0.7272727272727273,0.8181818181818182,0.9090909090909091,1.0,0.9090909090909091,0.2727272727272727,0.9090909090909091,0.09090909090909091,0.8181818181818182,0.9090909090909091
4fd266f87c7d56c5a448aa81c4623acb9b807c6a9ac40e00deacae52e20e1795,71324347#5,416428068,0.9090909090909091,0.9090909090909091,0.45454545454545453,0.7272727272727273,0.09090909090909091,0.36363636363636365,1.0,0.0,0.2727272727272727,0.0,0.09090909090909091,0.18181818181818182,0.9090909090909091,0.09090909090909091,1.0,0.7272727272727273,0.9090909090909091
40203924ce9f6bfbfbc8c0c571f616ef57baca073a65abc3407c5aac597a5d12,71324347#5,416428068,0.45454545454545453,0.45454545454545453,0.5454545454545454,0.45454545454545453,0.7272727272727273,0.36363636363636365,0.5454545454545454,0.45454545454545453,0.2727272727272727,0.36363636363636365,0.36363636363636365,0.7272727272727273,0.45454545454545453,0.6363636363636364,0.45454545454545453,0.0,0.18181818181818182
8afa14a1d39dbfcd21b7215cdf4c916385358ae3bef1bbd0c46827df442997d5,71324347#5,416428068,0.6363636363636364,0.5454545454545454,0.2727272727272727,0.2727272727272727,0.8181818181818182,0.36363636363636365,0.45454545454545453,0.5454545454545454,0.6363636363636364,0.6363636363636364,0.7272727272727273,0.6363636363636364,0.5454545454545454,0.45454545454545453,0.36363636363636365,0.18181818181818182,0.0
2db93ac05141916e7cf4ad45072fb76ca2eb5fa0ca1906d33576834a4bbd0d62,71324347#5,416428068,1.0,1.0,0.8181818181818182,0.36363636363636365,0.36363636363636365,1.0,0.36363636363636365,0.8181818181818182,0.2727272727272727,0.5454545454545454,0.6363636363636364,0.45454545454545453,1.0,0.18181818181818182,0.9090909090909091,0.6363636363636364,0.5454545454545454
b29d6302a06ccc545bff0dc66badddb730f3c7c49f7a8cbbc140d249cc38a48b,71324347#5,416428068,0.2727272727272727,0.36363636363636365,0.13636363636363635,0.13636363636363635,0.45454545454545453,0.8181818181818182,0.2727272727272727,0.9090909090909091,0.7272727272727273,1.0,0.9090909090909091,1.0,0.36363636363636365,0.5454545454545454,0.18181818181818182,1.0,0.9090909090909091
e52e68f15ee947eb305db9f811d35317544acb2c5c2814433a519f2b307368d4,71324347#5,416428068,0.7272727272727273,0.8181818181818182,0.9090909090909091,0.5454545454545454,0.6363636363636364,0.9090909090909091,0.18181818181818182,1.0,0.2727272727272727,0.45454545454545453,0.45454545454545453,0.8181818181818182,0.8181818181818182,0.2727272727272727,0.6363636363636364,0.2727272727272727,0.36363636363636365
4f2236de9fa9dd3685a8d7a6d97d3a5cf3137a1ff941c5ae97f69b1c92d06b54,-47374664,101606547#1,0.18181818181818182,0.09090909090909091,0.36363636363636365,0.9090909090909091,0.9090909090909091,0.9090909090909091,0.09090909090909091,0.9090909090909091,0.5,0.7272727272727273,0.7272727272727273,0.045454545454545456,0.09090909090909091,0.7272727272727273,0.18181818181818182,0.0,0.3181818181818182
f517c99b393ba40450baa2532c4029d389b7509aaf650d38e1ab2e87f2b5e1cc,-47374664,101606547#1,0.9090909090909091,0.8181818181818182,0.7272727272727273,0.5454545454545454,0.18181818181818182,0.18181818181818182,0.7272727272727273,0.36363636363636365,0.5,0.45454545454545453,0.36363636363636365,1.0,0.7272727272727273,0.2727272727272727,0.8181818181818182,1.0,0.7272727272727273
fa91eab18537fc044cf34a50c569de45fb27c81dba68f8794a3b9601611098c4,-47374664,101606547#1,0.2727272727272727,0.18181818181818182,0.13636363636363635,0.6818181818181818,1.0,0.8181818181818182,0.0,1.0,0.5,1.0,1.0,0.8181818181818182,0.18181818181818182,1.0,0.6818181818181818,0.36363636363636365,0.7272727272727273
e566ff01ba546b7a96aba12c3336b85bb7d651a71b55cd4a4ed847df8a6d5531,-47374664,101606547#1,0.0,0.0,0.8181818181818182,0.18181818181818182,0.6363636363636364,1.0,0.45454545454545453,0.45454545454545453,0.5,0.5454545454545454,0.5454545454545454,0.9090909090909091,0.0,0.9090909090909091,0.0,0.6363636363636364,0.0
b8f75bd1f861918ca2731eb8edeaf42254bff257acf05728d4bac77a5ea9611b,-47374664,101606547#1,0.8181818181818182,0.5454545454545454,0.0,1.0,0.7272727272727273,0.45454545454545453,0.18181818181818182,0.8181818181818182,0.5,0.9090909090909091,0.8181818181818182,0.5454545454545454,0.2727272727272727,0.8181818181818182,0.9090909090909091,0.9090909090909091,0.9545454545454546
e4ff7e22ddb6a3702fab012c73778c16d1773c602c4ddbb97075443dd06cfb6f,-47374664,101606547#1,0.36363636363636365,0.6363636363636364,1.0,0.36363636363636365,0.36363636363636365,0.36363636363636365,0.8181818181818182,0.18181818181818182,0.5,0.18181818181818182,0.18181818181818182,0.45454545454545453,0.6363636363636364,0.09090909090909091,0.2727272727272727,0.18181818181818182,0.3181818181818182
b575ab0ff737a954480f2991cfac4660c29b79c095496453dd9f56aa2e8b6658,-47374664,101606547#1,0.45454545454545453,0.36363636363636365,0.2727272727272727,0.8181818181818182,0.8181818181818182,0.6363636363636364,0.2727272727272727,0.7272727272727273,0.5,0.6363636363636364,0.6363636363636364,0.045454545454545456,0.45454545454545453,0.5454545454545454,0.36363636363636365,0.09090909090909091,0.5
721b055da30d0287c74fac78292659b86430e2d5452e69452f728652dd3f3e60,-47374664,101606547#1,0.7272727272727273,0.9090909090909091,0.5454545454545454,0.0,0.09090909090909091,0.09090909090909091,1.0,0.0,0.5,0.0,0.0,0.2727272727272727,0.8181818181818182,0.18181818181818182,0.45454545454545453,0.8181818181818182,0.9545454545454546
b5a89bc5087f41f3f9fb994da104cf7b92686192ea28367efd0fca19aa249fad,-47374664,101606547#1,0.6363636363636364,0.7272727272727273,0.9090909090909091,0.2727272727272727,0.2727272727272727,0.2727272727272727,0.9090909090909091,0.09090909090909091,0.5,0.09090909090909091,0.09090909090909091,0.36363636363636365,1.0,0.0,0.5454545454545454,0.2727272727272727,0.5
ea92c2f71aeb96a2822c46bca910ee5f1f56f3cb926bdff8bc7b43fc60d4b5d2,-47374664,101606547#1,0.09090909090909091,0.2727272727272727,0.6363636363636364,0.09090909090909091,0.45454545454545453,0.7272727272727273,0.6363636363636364,0.2727272727272727,0.5,0.36363636363636365,0.45454545454545453,0.7272727272727273,0.36363636363636365,0.6363636363636364,0.09090909090909091,0.5454545454545454,0.13636363636363635
9b413843d3423d91196f2c2ed124bc7198a958007de664fbe0339ad4426b9386,-47374664,101606547#1,1.0,1.0,0.45454545454545453,0.45454545454545453,0.5454545454545454,0.0,0.5454545454545454,0.5454545454545454,0.5,0.2727272727272727,0.2727272727272727,0.18181818181818182,0.9090909090909091,0.36363636363636365,1.0,0.7272727272727273,0.13636363636363635
5fe68851debf91f58542ad49bcc40eec805bfefe603077b985e95985b6d3d6da,-47374664,101606547#1,0.5454545454545454,0.45454545454545453,0.13636363636363635,0.6818181818181818,0.0,0.5454545454545454,0.36363636363636365,0.6363636363636364,0.5,0.8181818181818182,0.9090909090909091,0.6363636363636364,0.5454545454545454,0.45454545454545453,0.6818181818181818,0.45454545454545453,0.7272727272727273
073772a6df899240156e44bb13c821a8fcb61faef6453c57e95f9bf1514838e1,71324347#0,-47374664,0.0,0.0,0.0,0.0,0.2222222222222222,0.2777777777777778,0.0,0.4444444444444444,0.5,0.5555555555555556,0.2222222222222222,0.2222222222222222,0.0,0.8888888888888888,0.0,0.8888888888888888,0.2222222222222222
5f1c8e2d54ee3d8660c7043b9b83cb56787360a35cacd43faba56adfeac1b500,71324347#0,-47374664,0.2222222222222222,0.2222222222222222,0.1111111111111111,0.2222222222222222,0.2222222222222222,0.2777777777777778,0.6666666666666666,0.3333333333333333,0.5,0.3333333333333333,0.2222222222222222,0.2222222222222222,0.2222222222222222,0.0,0.16666666666666666,0.2222222222222222,0.0
85d57753d3ff142ad1933635919062ad76b229333ccae22cbfc9f6d0511782eb,71324347#0,-47374664,0.3333333333333333,0.3333333333333333,0.4444444444444444,1.0,0.2222222222222222,0.2777777777777778,0.7777777777777778,0.2222222222222222,0.5,0.2222222222222222,0.2222222222222222,0.2222222222222222,0.3333333333333333,0.4444444444444444,0.3333333333333333,0.1111111111111111,0.1111111111111111
3078932101f84d03bfefda6b369a19bea8ba91d025fe137647a16a86ab2984e9,71324347#0,-47374664,0.4444444444444444,0.4444444444444444,0.3333333333333333,0.3333333333333333,0.2222222222222222,0.2777777777777778,0.8888888888888888,0.1111111111111111,0.5,0.1111111111111111,0.2222222222222222,0.2222222222222222,0.4444444444444444,0.6666666666666666,0.4444444444444444,0.5555555555555556,0.3333333333333333
26f5a0abd3873760da0234cb409b3b08a50fbf479006fd6b7834f2f7db3b4ef2,71324347#0,-47374664,0.6666666666666666,0.6666666666666666,0.5555555555555556,0.7777777777777778,0.6666666666666666,1.0,0.2222222222222222,0.6666666666666666,0.5,0.6666666666666666,0.7777777777777778,0.8888888888888888,0.6666666666666666,0.1111111111111111,0.6111111111111112,0.0,0.5
a0d9f37134ec1f1399b4362158a6fc7cb4de11cf8c0791efec6f6508a14e6732,71324347#0,-47374664,0.1111111111111111,0.1111111111111111,0.2222222222222222,0.1111111111111111,1.0,0.2777777777777778,0.1111111111111111,1.0,0.5,0.8888888888888888,0.8888888888888888,1.0,0.1111111111111111,1.0,0.16666666666666666,1.0,0.9444444444444444
58479c349c899d1a395c95a96760ee6fa6a9112b518d7b344d662e1c4010b409,71324347#0,-47374664,0.7777777777777778,0.7777777777777778,0.8888888888888888,0.6666666666666666,0.5555555555555556,0.8888888888888888,0.5555555555555556,0.5555555555555556,0.5,0.4444444444444444,0.6666666666666666,0.7777777777777778,0.7777777777777778,0.5555555555555556,0.7777777777777778,0.3333333333333333,0.6666666666666666
c54bae2375894cab6d4e8059b1f6a789729d7fd8c97cc68dc48678bbd500b4e9,71324347#0,-47374664,0.8888888888888888,0.8888888888888888,0.7777777777777778,0.5555555555555556,0.7777777777777778,0.7777777777777778,0.4444444444444444,0.7777777777777778,0.5,0.7777777777777778,0.5555555555555556,0.6666666666666666,0.8888888888888888,0.3333333333333333,0.8888888888888888,0.6666666666666666,0.7777777777777778
3d9d6cfa1b48bd469d60666b36b8f56179f915596806bae77e7debaf01324de1,71324347#0,-47374664,1.0,1.0,1.0,0.4444444444444444,0.8888888888888888,0.6666666666666666,0.3333333333333333,0.8888888888888888,0.5,1.0,1.0,0.5555555555555556,1.0,0.2222222222222222,1.0,0.7777777777777778,0.9444444444444444
0cc59e0c9d28e360662f890dd22afcf6807cab78f206775752eae091a6608ca7,71324347#0,-47374664,0.5555555555555556,0.5555555555555556,0.6666666666666666,0.8888888888888888,0.2222222222222222,0.2777777777777778,1.0,0.0,0.5,0.0,0.2222222222222222,0.2222222222222222,0.5555555555555556,0.7777777777777778,0.6111111111111112,0.4444444444444444,0.5
b8e9b8017fa8111f09d6fb8d77fac7ab23b17709afd6913ba6a48854d4322016,336863927#0,-101752975#1,0.09090909090909091,0.0,0.8636363636363636,0.6818181818181818,0.9090909090909091,0.9090909090909091,0.0,0.5454545454545454,1.0,0.36363636363636365,0.2727272727272727,0.9090909090909091,0.0,0.5454545454545454,0.09090909090909091,0.09090909090909091,0.6363636363636364
c65d79f7a5b128a327c147db1d71b8d6a80bb6f9e54ac0fb3b6973edf9c93262,336863927#0,-101752975#1,0.9090909090909091,0.9090909090909091,0.36363636363636365,0.36363636363636365,0.18181818181818182,0.36363636363636365,0.7272727272727273,0.2727272727272727,0.09090909090909091,1.0,1.0,1.0,1.0,0.0,0.7272727272727273,0.7272727272727273,0.0
2052bbf3dc401fe7fe88aeccce096ca28bd6d1972c94533aa0574ed66ebeac79,336863927#0,-101752975#1,0.36363636363636365,0.45454545454545453,1.0,0.45454545454545453,0.45454545454545453,1.0,0.36363636363636365,0.8181818181818182,0.5454545454545454,0.5454545454545454,0.7272727272727273,0.45454545454545453,0.36363636363636365,0.6363636363636364,0.36363636363636365,0.2727272727272727,0.45454545454545453
a11649f8cb36c97bff1dd9a1271180bb9e5d92914c5a4a720f71bd9d750bfae6,336863927#0,-101752975#1,0.18181818181818182,0.18181818181818182,0.6363636363636364,0.9090909090909091,0.7272727272727273,0.7272727272727273,0.18181818181818182,0.7272727272727273,0.8181818181818182,0.18181818181818182,0.09090909090909091,0.7272727272727273,0.18181818181818182,0.8181818181818182,0.18181818181818182,0.18181818181818182,0.7272727272727273
a6cf0b88c3bb503f80896164bdc120dd7c0bffa9202078ebcf98b172d6d2e529,336863927#0,-101752975#1,1.0,1.0,0.45454545454545453,1.0,0.0,0.2727272727272727,0.9090909090909091,0.45454545454545453,0.0,0.6363636363636364,0.36363636363636365,0.0,0.9090909090909091,0.18181818181818182,0.6363636363636364,0.5454545454545454,0.9545454545454546
3fc5fdad9ef6703f08a2268cb95051c8488ea006b42c9fafb54dbfa4c3ee9bed,336863927#0,-101752975#1,0.2727272727272727,0.2727272727272727,0.8636363636363636,0.6818181818181818,0.5454545454545454,0.6363636363636364,0.45454545454545453,0.9090909090909091,0.7272727272727273,0.09090909090909091,0.9090909090909091,0.6363636363636364,0.2727272727272727,0.36363636363636365,0.2727272727272727,0.0,0.36363636363636365
05de0770177cc898dfcdc7eb2573bd51c409ad9441e9833d38b36d6745dad65e,336863927#0,-101752975#1,0.6363636363636364,0.8181818181818182,0.5454545454545454,0.8181818181818182,0.2727272727272727,0.5454545454545454,0.5454545454545454,1.0,0.18181818181818182,0.0,0.45454545454545453,0.09090909090909091,0.8181818181818182,0.9090909090909091,0.45454545454545453,0.36363636363636365,0.5454545454545454
de23d3a107240483ed849d37721df1d870fe3cc958be4e20ce44bcb3f27dab0a,336863927#0,-101752975#1,0.0,0.09090909090909091,0.7272727272727273,0.5454545454545454,0.8181818181818182,0.8181818181818182,0.09090909090909091,0.6363636363636364,0.9090909090909091,0.2727272727272727,0.18181818181818182,0.8181818181818182,0.09090909090909091,1.0,0.0,0.45454545454545453,0.8181818181818182
91fcae4a5e97c4073689bcd317cc9ebf02e75e20c70c37588345142da08a663d,336863927#0,-101752975#1,0.8181818181818182,0.36363636363636365,0.09090909090909091,0.09090909090909091,0.09090909090909091,0.09090909090909091,1.0,0.09090909090909091,0.6363636363636364,0.9090909090909091,0.8181818181818182,0.5454545454545454,0.45454545454545453,0.7272727272727273,0.8181818181818182,0.8181818181818182,0.18181818181818182
b0cfe8292bbc44870d9229a25f43ef4515d9d4599d85ac9d28b06ae10e9b51ec,336863927#0,-101752975#1,0.45454545454545453,0.7272727272727273,0.18181818181818182,0.18181818181818182,1.0,0.0,0.6363636363636364,0.0,0.2727272727272727,0.45454545454545453,0.5454545454545454,0.18181818181818182,0.7272727272727273,0.45454545454545453,1.0,1.0,0.9545454545454546
c861ec894a8b8fd0982f20e2bea2249f31b39178427517037a671eb76d17f164,336863927#0,-101752975#1,0.5454545454545454,0.6363636363636364,0.2727272727272727,0.2727272727272727,0.6363636363636364,0.45454545454545453,0.2727272727272727,0.36363636363636365,0.36363636363636365,0.7272727272727273,0.0,0.2727272727272727,0.6363636363636364,0.2727272727272727,0.5454545454545454,0.6363636363636364,0.09090909090909091
7ed79c2915d6ab55e62b05f02aa48eff7e30f6854b7400839443f19e54750f81,336863927#0,-101752975#1,0.7272727272727273,0.5454545454545454,0.0,0.0,0.36363636363636365,0.18181818181818182,0.8181818181818182,0.18181818181818182,0.45454545454545453,0.8181818181818182,0.6363636363636364,0.36363636363636365,0.5454545454545454,0.09090909090909091,0.9090909090909091,0.9090909090909091,0.2727272727272727
64f855acee42a7f3dcb4b4afc379c0c1ff8a168608dc2eb150f0827ea07fe63d,-101604496#1,-101746498#2,0.18181818181818182,0.09090909090909091,0.9090909090909091,0.5454545454545454,0.18181818181818182,0.9090909090909091,0.6363636363636364,0.36363636363636365,0.18181818181818182,0.45454545454545453,0.18181818181818182,0.18181818181818182,0.09090909090909091,0.45454545454545453,0.6363636363636364,0.6363636363636364,0.45454545454545453
75b43e55a1a26f9a927e7f86b687aa886ea7650d9d52c1d7b36cd9d9af3bb845,-101604496#1,-101746498#2,0.2727272727272727,0.2727272727272727,0.5,0.13636363636363635,0.36363636363636365,0.0,0.9090909090909091,0.0,0.18181818181818182,0.0,0.8181818181818182,0.8181818181818182,0.45454545454545453,0.6363636363636364,0.09090909090909091,0.9090909090909091,0.9545454545454546
1e3e9ef1e65b930eeac4fc05d14e03964dc9dd6a2476b1869f7a99eb58195c8b,-101604496#1,-101746498#2,0.45454545454545453,0.5454545454545454,0.36363636363636365,0.0,0.6363636363636364,0.7272727272727273,0.45454545454545453,0.5454545454545454,0.8181818181818182,0.18181818181818182,0.6363636363636364,0.6363636363636364,0.8181818181818182,0.0,0.2727272727272727,0.0,0.045454545454545456
bd4c13b378b4aa22327b05b0fbc3095f9bc3c7765750b880a774f2fd95a140f4,-101604496#1,-101746498#2,0.0,0.36363636363636365,1.0,0.6363636363636364,0.2727272727272727,0.2727272727272727,0.8181818181818182,0.2727272727272727,0.18181818181818182,0.2727272727272727,0.09090909090909091,0.7272727272727273,0.5454545454545454,0.2727272727272727,0.0,1.0,0.8181818181818182
bac5be0712afdf86e0890d295b8813da4aeb4144596dac48da4bd4436af760d2,-101604496#1,-101746498#2,1.0,1.0,0.18181818181818182,0.8181818181818182,0.9090909090909091,0.36363636363636365,0.18181818181818182,0.8181818181818182,0.45454545454545453,0.5454545454545454,0.2727272727272727,0.18181818181818182,1.0,0.36363636363636365,0.5454545454545454,0.18181818181818182,0.2727272727272727
f7d0c5ddf4513622b73807420af79b2585a3fded701a800decc2003659ed2b45,-101604496#1,-101746498#2,0.6363636363636364,0.0,0.09090909090909091,0.9090909090909091,0.5454545454545454,1.0,0.09090909090909091,1.0,1.0,1.0,1.0,1.0,0.0,1.0,0.8181818181818182,0.45454545454545453,0.6363636363636364
77d47ee1b0195572077578cede36364923db9b090f3bc9cfbbf429b80df354ce,-101604496#1,-101746498#2,0.8181818181818182,0.6363636363636364,0.2727272727272727,1.0,0.45454545454545453,0.6363636363636364,0.2727272727272727,0.7272727272727273,0.7272727272727273,0.9090909090909091,0.5454545454545454,0.5454545454545454,0.6363636363636364,0.8181818181818182,0.45454545454545453,0.36363636363636365,0.36363636363636365
e397cfee5020c2a824406de3b30431958fdf2dec92d148763ea981d406b8c07f,-101604496#1,-101746498#2,0.36363636363636365,0.45454545454545453,0.8181818181818182,0.45454545454545453,0.09090909090909091,0.18181818181818182,1.0,0.09090909090909091,0.18181818181818182,0.8181818181818182,0.7272727272727273,0.18181818181818182,0.18181818181818182,0.5454545454545454,0.7272727272727273,0.8181818181818182,0.5454545454545454
ba4977703d76654398abc79054d0b7684ceead19de891a9ce9a4bc1c234e16c5,-101604496#1,-101746498#2,0.9090909090909091,0.7272727272727273,0.0,0.7272727272727273,1.0,0.5454545454545454,0.0,0.9090909090909091,0.6363636363636364,0.7272727272727273,0.45454545454545453,0.18181818181818182,0.2727272727272727,0.9090909090909091,0.9090909090909091,0.2727272727272727,0.7272727272727273
b2419a4f00b20f6c3fea7990f5ad2dfca51f7e556f4412f51183817de4954f4f,-101604496#1,-101746498#2,0.5454545454545454,0.8181818181818182,0.5,0.13636363636363635,0.8181818181818182,0.09090909090909091,0.5454545454545454,0.45454545454545453,0.5454545454545454,0.6363636363636364,0.36363636363636365,0.45454545454545453,0.9090909090909091,0.09090909090909091,0.36363636363636365,0.5454545454545454,0.18181818181818182
afe38d4ed616dbb2bf964390f2198ccfbcc14cc37e700bb28b9f6b0fca3c1dd7,-101604496#1,-101746498#2,0.7272727272727273,0.9090909090909091,0.6363636363636364,0.2727272727272727,0.0,0.45454545454545453,0.7272727272727273,0.18181818181818182,0.18181818181818182,0.09090909090909091,0.0,0.18181818181818182,0.7272727272727273,0.7272727272727273,1.0,0.7272727272727273,0.9545454545454546
1cb786842150a2d7487554c2a391439a741135d5014b62c2a406d8a3b1521e72,-101604496#1,-101746498#2,0.09090909090909091,0.18181818181818182,0.7272727272727273,0.36363636363636365,0.7272727272727273,0.8181818181818182,0.36363636363636365,0.6363636363636364,0.9090909090909091,0.36363636363636365,0.9090909090909091,0.9090909090909091,0.36363636363636365,0.18181818181818182,0.18181818181818182,0.09090909090909091,0.045454545454545456
5b0970fb19ad6844e7e64651d878ce93b8bfb6ae00ecdb2eb6dde5418a77b3c2,1323419244,-1323419243,0.0,0.0,0.16666666666666666,0.16666666666666666,1.0,0.3333333333333333,0.0,0.6666666666666666,0.3333333333333333,1.0,0.16666666666666666,0.16666666666666666,0.0,1.0,0.0,0.0,0.3333333333333333
b55c2c894e7b8b56be6f2bb8bcca65046a4d863d17c64d05834286773cf57529,1323419244,-1323419243,0.3333333333333333,0.3333333333333333,0.16666666666666666,0.16666666666666666,0.0,0.3333333333333333,1.0,0.0,0.3333333333333333,0.0,0.16666666666666666,0.16666666666666666,0.3333333333333333,0.0,0.3333333333333333,0.3333333333333333,0.8333333333333334
6368632b2babafd45214a6151a9bb988cede4e857d3979dad3371abed6e5c956,1323419244,-1323419243,1.0,1.0,1.0,1.0,0.3333333333333333,0.3333333333333333,0.6666666666666666,0.3333333333333333,1.0,0.3333333333333333,0.6666666666666666,0.6666666666666666,1.0,0.6666666666666666,1.0,1.0,0.8333333333333334
709278a1896ae70690acc52e484436197ccb688f3b8aa7a4b06f07bbe6b57bef,1323419244,-1323419243,0.6666666666666666,0.6666666666666666,0.6666666666666666,0.6666666666666666,0.6666666666666666,1.0,0.3333333333333333,1.0,0.3333333333333333,0.6666666666666666,1.0,1.0,0.6666666666666666,0.3333333333333333,0.6666666666666666,0.6666666666666666,0.0
17c5828a47d9672c390d6dd122947e2922f61ca4ba024d753ada0e956d5c75cd,120509990,1323419244,0.0,0.0,0.0,0.18181818181818182,0.0,0.36363636363636365,0.0,0.2727272727272727,0.13636363636363635,1.0,1.0,1.0,0.0,1.0,0.0,0.9090909090909091,0.4090909090909091
8498ee1eeaeb4a8a137775f42e93e96e0d054f038e05b939901a96db3367332a,120509990,1323419244,0.18181818181818182,0.09090909090909091,0.7272727272727273,0.09090909090909091,1.0,0.36363636363636365,0.18181818181818182,0.0,1.0,0.09090909090909091,0.09090909090909091,0.18181818181818182,0.09090909090909091,0.45454545454545453,0.5454545454545454,0.0,0.2727272727272727
b0a73e66540529d2283b706154e6c3cf6d1fcd6c13552751bcc831a9e1b3605c,120509990,1323419244,0.2727272727272727,0.5454545454545454,0.6363636363636364,0.0,0.8181818181818182,0.36363636363636365,0.8181818181818182,0.18181818181818182,0.6363636363636364,0.18181818181818182,0.36363636363636365,0.0,0.5454545454545454,0.0,0.7272727272727273,0.09090909090909091,0.18181818181818182
128c495363bd95bd1357e7bc94c8c530bf794b0468fd9d31c69c6058aac3d50a,120509990,1323419244,0.45454545454545453,0.2727272727272727,0.09090909090909091,0.2727272727272727,0.2727272727272727,0.36363636363636365,0.5454545454545454,0.6363636363636364,0.13636363636363635,0.7272727272727273,0.5454545454545454,0.8181818181818182,0.2727272727272727,0.7272727272727273,0.09090909090909091,0.8181818181818182,0.7272727272727273
3fd65516460bd14a1bacb51506d63b946de6dcd10efb043f189c03c4b93ebf59,120509990,1323419244,0.9090909090909091,0.9090909090909091,0.8181818181818182,0.6363636363636364,0.6363636363636364,0.9090909090909091,0.6363636363636364,0.9090909090909091,0.45454545454545453,0.36363636363636365,0.45454545454545453,0.7272727272727273,0.9090909090909091,0.18181818181818182,1.0,0.36363636363636365,0.9545454545454546
b7c132a4582a92543881da4933cc8047a4d81e45c016bc076b4801fe1caecd1c,120509990,1323419244,0.36363636363636365,0.45454545454545453,0.45454545454545453,1.0,0.45454545454545453,0.36363636363636365,0.36363636363636365,0.7272727272727273,0.7272727272727273,0.8181818181818182,0.8181818181818182,0.45454545454545453,0.45454545454545453,0.9090909090909091,0.45454545454545453,0.6363636363636364,0.09090909090909091
8daf7da7aef7585a8787bb79e4ec5eb08886dbb82c7850c87cc8c0921038cbd6,120509990,1323419244,1.0,1.0,0.9090909090909091,0.7272727272727273,0.36363636363636365,0.8181818181818182,1.0,0.8181818181818182,0.36363636363636365,0.2727272727272727,0.7272727272727273,0.6363636363636364,1.0,0.09090909090909091,0.9090909090909091,0.45454545454545453,0.8181818181818182
2798a45d609e8b410e8918026e0794af56110339ba3a8c8917fcacb95cf73d6e,120509990,1323419244,0.6363636363636364,0.6363636363636364,0.2727272727272727,0.8181818181818182,0.18181818181818182,0.36363636363636365,0.9090909090909091,0.45454545454545453,0.13636363636363635,0.5454545454545454,0.2727272727272727,0.36363636363636365,0.6363636363636364,0.6363636363636364,0.18181818181818182,0.7272727272727273,0.5454545454545454
529f395e4900150d2b486d88acb005c1a4d2b88d0c088fe2792850587be4feda,120509990,1323419244,0.09090909090909091,0.18181818181818182,1.0,0.45454545454545453,0.9090909090909091,0.36363636363636365,0.7272727272727273,0.09090909090909091,0.9090909090909091,0.0,0.0,0.09090909090909091,0.18181818181818182,0.5454545454545454,0.8181818181818182,0.5454545454545454,0.4090909090909091
87c905627f0f6024bf1e21e316ffe419cdd7cea74bb63ebd23af4a8d275fa42f,120509990,1323419244,0.7272727272727273,0.7272727272727273,0.5454545454545454,0.36363636363636365,0.7272727272727273,0.36363636363636365,0.2727272727272727,0.36363636363636365,0.5454545454545454,0.6363636363636364,0.6363636363636364,0.9090909090909091,0.7272727272727273,0.2727272727272727,0.6363636363636364,0.2727272727272727,0.6363636363636364
f06fdd3fbf8c35ecef42278b73192cb1248463bc3ad5a327df27c25383bfc56b,120509990,1323419244,0.5454545454545454,0.36363636363636365,0.18181818181818182,0.5454545454545454,0.5454545454545454,0.36363636363636365,0.09090909090909091,0.5454545454545454,0.8181818181818182,0.9090909090909091,0.9090909090909091,0.5454545454545454,0.36363636363636365,0.8181818181818182,0.36363636363636365,0.18181818181818182,0.0
2928c9de29f8241c8c9e83d9882029627d42863349acaffa7592c3578449f992,120509990,1323419244,0.8181818181818182,0.8181818181818182,0.36363636363636365,0.9090909090909091,0.09090909090909091,1.0,0.45454545454545453,1.0,0.13636363636363635,0.45454545454545453,0.18181818181818182,0.2727272727272727,0.8181818181818182,0.36363636363636365,0.2727272727272727,1.0,0.9545454545454546
f98f1e195f2e89867028e96a4f034a03533eecb0dcd6a5d012e67e0579f41ecf,1323419244,120509990,0.09090909090909091,0.09090909090909091,0.5454545454545454,0.18181818181818182,0.09090909090909091,0.5,0.9090909090909091,0.09090909090909091,0.13636363636363635,0.09090909090909091,0.45454545454545453,0.6363636363636364,0.09090909090909091,0.8181818181818182,0.09090909090909091,0.7272727272727273,0.36363636363636365
0be8cb5dd4600a0462e9bf70c423bb6ee4de7312444b17d8cb10ec5f45bfc0bb,1323419244,120509990,0.0,0.0,0.36363636363636365,0.09090909090909091,0.5454545454545454,0.5,0.7272727272727273,0.2727272727272727,0.13636363636363635,0.6363636363636364,0.5454545454545454,0.7272727272727273,0.0,1.0,0.0,0.8181818181818182,0.7272727272727273
cbc1cc8537dc22a171078b5c3ca65a0d2b1300eea54abedb2a4793a25ea26bef,1323419244,120509990,0.6363636363636364,0.6363636363636364,0.0,0.0,0.9090909090909091,0.5,0.18181818181818182,0.5454545454545454,0.7272727272727273,0.18181818181818182,0.0,0.13636363636363635,0.6363636363636364,0.18181818181818182,1.0,0.5454545454545454,0.9545454545454546
e1fecc300b0115ff7ede0511749cd6946a15d2ba1a65ae58f5a0ba072f251cee,1323419244,120509990,1.0,1.0,0.2727272727272727,0.6363636363636364,0.2727272727272727,0.5,0.6363636363636364,0.7272727272727273,0.36363636363636365,1.0,1.0,1.0,1.0,0.6363636363636364,0.6363636363636364,0.6363636363636364,0.2727272727272727
a4a0c2b88dae3809b964762f6dcc5f8dc79f1110fdd45bbfb587852de53165bb,1323419244,120509990,0.9090909090909091,0.9090909090909091,0.45454545454545453,1.0,0.36363636363636365,0.5,0.5454545454545454,0.8181818181818182,0.45454545454545453,0.5454545454545454,0.7272727272727273,0.5454545454545454,0.9090909090909091,0.36363636363636365,0.5454545454545454,0.18181818181818182,0.18181818181818182
3d7eaeaa326744537688246e8f8dc220cd46faff1151af117945502e0955422d,1323419244,120509990,0.8181818181818182,0.8181818181818182,0.18181818181818182,0.9090909090909091,0.45454545454545453,0.5,0.45454545454545453,0.9090909090909091,0.5454545454545454,0.7272727272727273,0.8181818181818182,0.8181818181818182,0.8181818181818182,0.45454545454545453,0.45454545454545453,0.0,0.045454545454545456
930c329b738ecf244f0f57b7ebd3eb50661bb16d964fd29e65a8d313119cb7f0,1323419244,120509990,0.2727272727272727,0.36363636363636365,0.9090909090909091,0.5454545454545454,0.18181818181818182,0.5,0.8181818181818182,0.18181818181818182,0.13636363636363635,0.2727272727272727,0.18181818181818182,0.45454545454545453,0.36363636363636365,0.09090909090909091,0.18181818181818182,1.0,0.9545454545454546
7ec4dda4739fdd711e480b62fa528cd25eaa13f5fec32dde0f28257b1fcd2dc6,1323419244,120509990,0.36363636363636365,0.45454545454545453,1.0,0.8181818181818182,0.0,0.5,1.0,0.0,0.13636363636363635,0.0,0.09090909090909091,0.36363636363636365,0.45454545454545453,0.0,0.2727272727272727,0.9090909090909091,0.5
aafe29ba1cbf9de989563722ef6182fee59c20f910854b1d4d15328844e53c37,1323419244,120509990,0.7272727272727273,0.7272727272727273,0.09090909090909091,0.7272727272727273,0.6363636363636364,0.5,0.0,1.0,0.6363636363636364,0.9090909090909091,0.9090909090909091,0.9090909090909091,0.7272727272727273,0.7272727272727273,0.36363636363636365,0.09090909090909091,0.045454545454545456
aa29832edff9318a250ae2bc3d2e880f6853a1f01bdf53fc806cee0ccb1d903c,1323419244,120509990,0.5454545454545454,0.5454545454545454,0.7272727272727273,0.36363636363636365,1.0,0.5,0.09090909090909091,0.6363636363636364,0.8181818181818182,0.8181818181818182,0.6363636363636364,0.13636363636363635,0.5454545454545454,0.5454545454545454,0.9090909090909091,0.45454545454545453,0.8181818181818182
b57085a02ed8aefa5c7175fef6ea5bb7fecee10bc276f5f13dad2c8a1dcd969a,1323419244,120509990,0.45454545454545453,0.2727272727272727,0.6363636363636364,0.2727272727272727,0.7272727272727273,0.5,0.36363636363636365,0.36363636363636365,0.9090909090909091,0.36363636363636365,0.2727272727272727,0.13636363636363635,0.2727272727272727,0.2727272727272727,0.8181818181818182,0.2727272727272727,0.6363636363636364
027057bad2ab68af2b4e4f5edfcbc5702338bea7a9cf073a8939d6899ed76753,1323419244,120509990,0.18181818181818182,0.18181818181818182,0.8181818181818182,0.45454545454545453,0.8181818181818182,0.5,0.2727272727272727,0.45454545454545453,1.0,0.45454545454545453,0.36363636363636365,0.13636363636363635,0.18181818181818182,0.9090909090909091,0.7272727272727273,0.36363636363636365,0.5
1722c866263862d1e441d8dbebbe613905cfd1c5fc4c31d6749937ba4ea989d2,120511301,416373452,0.09090909090909091,0.0,0.8181818181818182,0.9090909090909091,1.0,0.4090909090909091,0.36363636363636365,0.45454545454545453,1.0,0.5454545454545454,0.5454545454545454,0.13636363636363635,0.0,0.18181818181818182,0.18181818181818182,0.6363636363636364,0.45454545454545453
5444ada19106033023ba4dc1e85c594fc737381d7a9b87a4fc0296c2ed0dd665,120511301,416373452,0.0,0.09090909090909091,1.0,0.45454545454545453,0.9090909090909091,0.4090909090909091,0.5454545454545454,0.36363636363636365,0.9090909090909091,0.45454545454545453,0.45454545454545453,0.13636363636363635,0.09090909090909091,0.6363636363636364,0.0,0.7272727272727273,0.6363636363636364
387682a1290fe5502b3779afa3b73949f71564fccc22e193735d866408c4664e,120511301,416373452,0.36363636363636365,0.36363636363636365,0.7272727272727273,0.6363636363636364,0.7272727272727273,0.4090909090909091,0.7272727272727273,0.18181818181818182,0.8181818181818182,0.36363636363636365,0.2727272727272727,0.13636363636363635,0.45454545454545453,0.0,0.2727272727272727,0.36363636363636365,0.5454545454545454
14e7b54b8a52c7dcd11d5bdeacd48463102bd6a6926bec6b087366e2cdd294b5,120511301,416373452,0.5454545454545454,0.2727272727272727,0.36363636363636365,0.7272727272727273,0.36363636363636365,0.4090909090909091,0.45454545454545453,0.6363636363636364,0.3181818181818182,0.9090909090909091,0.9090909090909091,0.8181818181818182,0.2727272727272727,0.8181818181818182,0.5454545454545454,0.09090909090909091,0.18181818181818182
efded60c81df21954a10a41dfaa579941f6ac4eda15cc6944026c2bc25b633cd,120511301,416373452,0.18181818181818182,0.45454545454545453,0.9090909090909091,0.5454545454545454,0.6363636363636364,0.4090909090909091,0.9090909090909091,0.09090909090909091,0.7272727272727273,0.2727272727272727,0.18181818181818182,0.13636363636363635,0.5454545454545454,0.2727272727272727,0.09090909090909091,0.45454545454545453,0.7272727272727273
961f91b4ff390aff3cd15ad0e043cecd0ae3971fc78f8213c1763fd49da680cf,120511301,416373452,0.6363636363636364,0.5454545454545454,0.09090909090909091,0.8181818181818182,0.18181818181818182,0.4090909090909091,0.2727272727272727,0.7272727272727273,0.3181818181818182,0.7272727272727273,0.7272727272727273,0.9090909090909091,0.6363636363636364,0.5454545454545454,0.45454545454545453,0.18181818181818182,0.045454545454545456
f85c23e877904a97b2c4057f0f23c4224653bb74ad9f417589ba2de92fbf049b,120511301,416373452,0.45454545454545453,0.7272727272727273,0.5454545454545454,0.0,0.8181818181818182,0.4090909090909091,0.6363636363636364,0.2727272727272727,0.3181818181818182,0.09090909090909091,0.09090909090909091,0.45454545454545453,0.36363636363636365,1.0,0.7727272727272727,0.5454545454545454,0.8181818181818182
13ffc31524e9547e32ceb285edfd7731e085736162c27404608eeeb81292d3a8,120511301,416373452,1.0,0.9090909090909091,0.45454545454545453,0.18181818181818182,0.0,0.4090909090909091,1.0,0.0,0.3181818181818182,0.18181818181818182,0.36363636363636365,0.6363636363636364,0.8181818181818182,0.09090909090909091,0.7727272727272727,0.8181818181818182,0.36363636363636365
81fe7f4d10d875fde01a45aa5546c117b8897efa80f91d1852674f19d3dbf58b,120511301,416373452,0.7272727272727273,0.6363636363636364,0.2727272727272727,0.2727272727272727,0.09090909090909091,0.4090909090909091,0.8181818181818182,0.5454545454545454,0.3181818181818182,0.6363636363636364,0.6363636363636364,0.5454545454545454,0.7272727272727273,0.36363636363636365,0.6363636363636364,0.0,0.2727272727272727
43a3e7fd55c91671aca69408b007ace7b2f5e5a4ca6077636d5f6a5b8b3c8c40,120511301,416373452,0.2727272727272727,0.18181818181818182,0.0,1.0,0.45454545454545453,0.4090909090909091,0.0,0.9090909090909091,0.3181818181818182,1.0,1.0,1.0,0.18181818181818182,0.9090909090909091,0.36363636363636365,0.2727272727272727,0.045454545454545456
14157d7cb2dac13d352df8e0cfe9282182b88787c247b2e679d8a2542e8b2e90,120511301,416373452,0.9090909090909091,0.8181818181818182,0.18181818181818182,0.36363636363636365,0.2727272727272727,1.0,0.09090909090909091,1.0,0.3181818181818182,0.8181818181818182,0.8181818181818182,0.7272727272727273,1.0,0.7272727272727273,0.9090909090909091,1.0,0.9545454545454546
faf574fcca36291a89ef6be7cbbafc68a45db92561f5a5803b655dafd8adfe0c,120511301,416373452,0.8181818181818182,1.0,0.6363636363636364,0.09090909090909091,0.5454545454545454,0.9090909090909091,0.18181818181818182,0.8181818181818182,0.3181818181818182,0.0,0.0,0.36363636363636365,0.9090909090909091,0.45454545454545453,1.0,0.9090909090909091,0.9545454545454546
4f2ada19fc2658d7a3bcf47243979b36b5b0ea35fe38d3a65f1fea3ccef954ef,-101746516#0,-101605951#5,0.7272727272727273,0.6363636363636364,0.45454545454545453,0.9090909090909091,0.45454545454545453,0.13636363636363635,0.8181818181818182,0.09090909090909091,0.5,0.5454545454545454,0.5454545454545454,0.9090909090909091,0.6363636363636364,0.8181818181818182,0.18181818181818182,0.5454545454545454,0.18181818181818182
96018287d303d6e5944d822ac5d6ab0c259ef2d2d12ea710f5e956086c9b1366,-101746516#0,-101605951#5,0.6363636363636364,0.8181818181818182,0.36363636363636365,0.18181818181818182,0.09090909090909091,0.45454545454545453,0.7272727272727273,0.45454545454545453,0.5,0.2727272727272727,0.2727272727272727,0.45454545454545453,0.8181818181818182,0.18181818181818182,0.5909090909090909,0.2727272727272727,0.3181818181818182
32f1555cb15577573be5b5ebf40422550d7ba4263cd91d81ea3cd26eea091051,-101746516#0,-101605951#5,0.36363636363636365,0.09090909090909091,0.0,0.0,0.9090909090909091,0.9090909090909091,0.0,1.0,0.5,1.0,1.0,0.09090909090909091,0.09090909090909091,0.6363636363636364,0.2727272727272727,0.9090909090909091,0.5909090909090909
f713e153da945b9c0a0c4255787c62b7ed6f48aae6340ffdfa58b041c5911fe3,-101746516#0,-101605951#5,1.0,0.9090909090909091,0.2727272727272727,0.09090909090909091,0.0,0.36363636363636365,0.9090909090909091,0.2727272727272727,0.5,0.18181818181818182,0.18181818181818182,0.36363636363636365,0.9090909090909091,0.2727272727272727,0.7272727272727273,0.18181818181818182,0.45454545454545453
adfc1807229643b0c038cf0d81f36b06b4868d1da3914e8718d5b4b58e0b9e48,-101746516#0,-101605951#5,0.5454545454545454,0.7272727272727273,0.5454545454545454,0.45454545454545453,0.18181818181818182,0.5454545454545454,0.6363636363636364,0.5454545454545454,0.5,0.36363636363636365,0.36363636363636365,0.5454545454545454,0.7272727272727273,0.0,0.8636363636363636,0.0,0.7727272727272727
73f5baf3d5afae7ff7901878cd528061db0790da1ee1f53d1a26067bcf25e073,-101746516#0,-101605951#5,0.2727272727272727,0.5454545454545454,0.6363636363636364,0.5454545454545454,0.2727272727272727,0.6363636363636364,0.45454545454545453,0.6363636363636364,0.5,0.6363636363636364,0.6363636363636364,0.6363636363636364,0.45454545454545453,0.45454545454545453,0.5909090909090909,0.36363636363636365,0.3181818181818182
ec45b35c92d2ff6b03ff064128a169ff99811707293ffa69b59d12e23b5801b2,-101746516#0,-101605951#5,0.45454545454545453,0.18181818181818182,0.18181818181818182,0.7272727272727273,0.5454545454545454,0.13636363636363635,0.5454545454545454,0.18181818181818182,0.5,0.8181818181818182,0.8181818181818182,1.0,0.18181818181818182,0.7272727272727273,0.09090909090909091,0.7272727272727273,0.09090909090909091
4165de873e7e8bdc636f168934f532ffaa4300fe157cc31e843fa345dc294566,-101746516#0,-101605951#5,0.18181818181818182,0.45454545454545453,1.0,1.0,0.36363636363636365,0.7272727272727273,0.36363636363636365,0.7272727272727273,0.5,0.7272727272727273,0.7272727272727273,0.7272727272727273,0.2727272727272727,0.36363636363636365,0.8636363636363636,0.09090909090909091,0.7727272727272727
ee41017deb7d3e8ee9ed0aaf121d6c5e75abd5e1071e124879489803d82570e8,-101746516#0,-101605951#5,0.09090909090909091,0.36363636363636365,0.8181818181818182,0.36363636363636365,1.0,0.13636363636363635,0.2727272727272727,0.36363636363636365,0.5,0.09090909090909091,0.0,0.8181818181818182,0.5454545454545454,0.9090909090909091,0.36363636363636365,0.6363636363636364,0.5909090909090909
e78f479f02a11087574cf588527bf1fae821319eda48943472d2419324a90c3e,-101746516#0,-101605951#5,0.8181818181818182,0.2727272727272727,0.09090909090909091,0.2727272727272727,0.8181818181818182,0.8181818181818182,0.09090909090909091,0.9090909090909091,0.5,0.9090909090909091,0.9090909090909091,0.0,0.36363636363636365,0.5454545454545454,0.45454545454545453,0.8181818181818182,0.0
38e70ddfb6930c6de3a75b95de269b53c95419424f9483c85bbab16b56320d17,-101746516#0,-101605951#5,0.9090909090909091,1.0,0.9090909090909091,0.8181818181818182,0.6363636363636364,1.0,0.18181818181818182,0.8181818181818182,0.5,0.45454545454545453,0.09090909090909091,0.2727272727272727,1.0,0.09090909090909091,1.0,0.45454545454545453,0.9545454545454546
1ecb281518dea4fa3686cd4309f772047d55373ac4ff53a03f3a3bfbdf2a20ea,-101746516#0,-101605951#5,0.0,0.0,0.7272727272727273,0.6363636363636364,0.7272727272727273,0.13636363636363635,1.0,0.0,0.5,0.0,0.45454545454545453,0.18181818181818182,0.0,1.0,0.0,1.0,0.9545454545454546
d736f03b9d36c5cd96aa31fb63f944ddd5ad7aa7a20599455088ec541ffcbf90,-336860316#0,416428068,0.8181818181818182,0.9090909090909091,0.7272727272727273,0.6363636363636364,0.0,0.7272727272727273,1.0,0.0,0.36363636363636365,0.6363636363636364,0.5454545454545454,0.8181818181818182,0.9090909090909091,0.0,0.9090909090909091,0.8181818181818182,0.3181818181818182
8671a6f5ee03d731c8fa8a4f843898c1e9c1f6d6f893e829bf2ec76c7ba9207f,-336860316#0,416428068,0.2727272727272727,0.18181818181818182,0.36363636363636365,0.2727272727272727,0.8181818181818182,0.22727272727272727,0.18181818181818182,0.36363636363636365,0.8181818181818182,0.2727272727272727,0.2727272727272727,0.3181818181818182,0.18181818181818182,0.6363636363636364,0.09090909090909091,0.0,0.18181818181818182
341a6f26f056f596f2381ae7dd71edde0387576a7b6b9cda0a6d936af0685ceb,-336860316#0,416428068,0.0,0.0,0.5454545454545454,0.45454545454545453,1.0,0.22727272727272727,0.0,0.18181818181818182,1.0,0.5454545454545454,0.45454545454545453,0.3181818181818182,0.0,0.9090909090909091,0.0,0.09090909090909091,0.5454545454545454
b4751f6a212857a2fc4dd794b785e189959b39615f6c039b2e6fd83862e46c9b,-336860316#0,416428068,0.45454545454545453,0.45454545454545453,0.45454545454545453,0.36363636363636365,0.7272727272727273,0.22727272727272727,0.2727272727272727,0.45454545454545453,0.6363636363636364,0.9090909090909091,0.9090909090909091,0.3181818181818182,0.45454545454545453,0.45454545454545453,0.2727272727272727,0.2727272727272727,0.7727272727272727
a3e0edc60731672dcc0fa6e2f7ece46ed4d1eb8ba9e7b3e27a39af905f3632ef,-336860316#0,416428068,0.18181818181818182,0.09090909090909091,0.18181818181818182,0.09090909090909091,0.5454545454545454,0.6363636363636364,0.36363636363636365,0.8181818181818182,0.9090909090909091,0.36363636363636365,0.36363636363636365,0.3181818181818182,0.09090909090909091,0.7272727272727273,0.45454545454545453,0.45454545454545453,0.9545454545454546
87bcfb70da02b2cdfc3dae488e8778d8fb256dcd6d3fabab199709799c6e6aea,-336860316#0,416428068,0.5454545454545454,0.5454545454545454,0.2727272727272727,0.18181818181818182,0.6363636363636364,0.22727272727272727,0.5454545454545454,0.5454545454545454,0.5454545454545454,0.8181818181818182,0.8181818181818182,0.3181818181818182,0.5454545454545454,0.36363636363636365,0.36363636363636365,0.18181818181818182,0.3181818181818182
e123976f290020a23d5979b9e7ceb0298d7059868a16b11f8de1233b80b36f14,-336860316#0,416428068,0.9090909090909091,1.0,0.9090909090909091,0.8181818181818182,0.2727272727272727,0.9090909090909091,0.7272727272727273,0.7272727272727273,0.2727272727272727,1.0,1.0,0.7272727272727273,1.0,0.2727272727272727,0.7272727272727273,0.7272727272727273,0.45454545454545453
becd3a5dca982ac6c3687aa13142c02129f9c7a2b355ceece1391b3903585f9c,-336860316#0,416428068,0.6363636363636364,0.8181818181818182,1.0,0.9090909090909091,0.18181818181818182,1.0,0.8181818181818182,0.6363636363636364,0.09090909090909091,0.09090909090909091,0.6363636363636364,0.9090909090909091,0.8181818181818182,0.09090909090909091,0.8181818181818182,0.9090909090909091,0.9545454545454546
fd7acb55141f5dab9048100bc5bff8abcb8a308c5a4f1d48e6453203836bb1a1,-336860316#0,416428068,0.36363636363636365,0.36363636363636365,0.6363636363636364,0.5454545454545454,0.9090909090909091,0.22727272727272727,0.09090909090909091,0.2727272727272727,0.7272727272727273,0.0,0.09090909090909091,0.3181818181818182,0.36363636363636365,0.5454545454545454,0.18181818181818182,0.36363636363636365,0.6363636363636364
413210111d51f38118ce24802a915b0b8f2d4efbd883bc1a457a9d0a6310af00,-336860316#0,416428068,0.09090909090909091,0.2727272727272727,0.8181818181818182,0.7272727272727273,0.09090909090909091,0.5454545454545454,0.9090909090909091,0.09090909090909091,0.09090909090909091,0.18181818181818182,0.18181818181818182,0.3181818181818182,0.2727272727272727,0.8181818181818182,1.0,1.0,0.7727272727272727
dd3aee012518b56ebcc2784dfb17ec2128fd65b2fabb1059af9a4c717d5d4ccf,-336860316#0,416428068,0.7272727272727273,0.7272727272727273,0.0,0.0,0.36363636363636365,0.8181818181818182,0.6363636363636364,0.9090909090909091,0.45454545454545453,0.7272727272727273,0.7272727272727273,1.0,0.7272727272727273,0.18181818181818182,0.5454545454545454,0.5454545454545454,0.09090909090909091
7367d8f2c44c77421c6e7067821797b955317c5f50808faa9b5708bc9341610f,-336860316#0,416428068,1.0,0.6363636363636364,0.09090909090909091,1.0,0.45454545454545453,0.22727272727272727,0.45454545454545453,1.0,0.09090909090909091,0.45454545454545453,0.0,0.3181818181818182,0.6363636363636364,1.0,0.6363636363636364,0.6363636363636364,0.0
5a124a70ffbb09f7dc07facf2af1415f86e034443f6b34b68603ba3308165809,101605951#0,-101746498#2,0.18181818181818182,0.2727272727272727,0.5454545454545454,0.45454545454545453,0.8181818181818182,0.09090909090909091,0.9090909090909091,0.09090909090909091,0.5,0.0,1.0,0.6363636363636364,0.36363636363636365,0.6363636363636364,0.7272727272727273,0.6363636363636364,0.0
b3fe27e93b0b01ead0c980565815cfab544571f5fc101ca7266f8ce4af239f4b,101605951#0,-101746498#2,0.0,0.09090909090909091,0.7272727272727273,0.8181818181818182,0.5454545454545454,0.8181818181818182,0.45454545454545453,0.5454545454545454,0.5,0.8181818181818182,0.45454545454545453,0.8181818181818182,0.18181818181818182,0.36363636363636365,0.0,0.09090909090909091,0.3181818181818182
83ccbcb36f44458829791897b5cde16c910805694d9412ec6b0167c62e291b5b,101605951#0,-101746498#2,0.36363636363636365,0.45454545454545453,0.22727272727272727,0.09090909090909091,0.18181818181818182,0.5454545454545454,0.7272727272727273,0.2727272727272727,0.5,0.36363636363636365,0.18181818181818182,0.45454545454545453,0.5454545454545454,0.0,0.18181818181818182,0.2727272727272727,0.3181818181818182
f3dcfcb02bfa082f01e85264a8305ccbe90732d8f223a67cb167adf35f04be32,101605951#0,-101746498#2,0.45454545454545453,0.6363636363636364,0.6363636363636364,0.6818181818181818,0.7272727272727273,1.0,0.0,0.9090909090909091,0.5,1.0,0.9090909090909091,1.0,0.6363636363636364,0.18181818181818182,0.36363636363636365,0.45454545454545453,0.6363636363636364
cdffbd688741dd1ad362694c4cf1ff064bcc955bb54d0a3702544cdc77cf37b8,101605951#0,-101746498#2,0.09090909090909091,0.18181818181818182,0.9090909090909091,0.6818181818181818,0.45454545454545453,0.7272727272727273,0.5454545454545454,0.45454545454545453,0.5,0.5454545454545454,0.36363636363636365,0.7272727272727273,0.45454545454545453,0.45454545454545453,0.09090909090909091,0.0,0.5
ec8d0dd236e89c96d1817b74fe35c348c9eb56b3e209cf5d27bfa365f6a15d72,101605951#0,-101746498#2,0.6363636363636364,0.5454545454545454,0.36363636363636365,0.36363636363636365,0.09090909090909091,0.45454545454545453,0.8181818181818182,0.18181818181818182,0.5,0.2727272727272727,0.09090909090909091,0.36363636363636365,0.7272727272727273,0.09090909090909091,0.2727272727272727,0.18181818181818182,0.5
c70160ea950876afc09975ffe90ab7a972f3903cb8491153ccbfe713b1c2af7a,101605951#0,-101746498#2,0.7272727272727273,0.8181818181818182,0.8181818181818182,0.5454545454545454,0.6363636363636364,0.9090909090909091,0.09090909090909091,0.8181818181818182,0.5,0.7272727272727273,0.8181818181818182,0.9090909090909091,0.9090909090909091,0.2727272727272727,0.45454545454545453,0.36363636363636365,0.7272727272727273
f99d54ed43aecbd49bf90780a71f12db38a07662dbaf8249fc6893ce7feea12e,101605951#0,-101746498#2,0.9090909090909091,0.0,0.0,0.9090909090909091,0.2727272727272727,0.09090909090909091,0.2727272727272727,0.7272727272727273,0.5,0.9090909090909091,0.5454545454545454,0.09090909090909091,0.0,1.0,0.9090909090909091,0.9090909090909091,0.8181818181818182
0c8c658e2587ce14f449387469a4ef1675f70ed3d9549f066ff84ce4dcc2e776,101605951#0,-101746498#2,0.8181818181818182,0.7272727272727273,0.45454545454545453,0.18181818181818182,0.0,0.2727272727272727,1.0,0.0,0.5,0.09090909090909091,0.0,0.09090909090909091,0.2727272727272727,0.9090909090909091,1.0,1.0,0.9545454545454546
7c1e95375069245cb94ff6783e884d1f097b0e2455e9fb7e8f843be946523659,101605951#0,-101746498#2,0.2727272727272727,0.36363636363636365,0.22727272727272727,0.0,0.36363636363636365,0.6363636363636364,0.6363636363636364,0.36363636363636365,0.5,0.45454545454545453,0.2727272727272727,0.5454545454545454,0.09090909090909091,0.7272727272727273,0.6363636363636364,0.5454545454545454,0.09090909090909091
6fdb84a7f016bae64b152fedf3c291a288dc9c010db7ffef3437bcdf54f98484,101605951#0,-101746498#2,1.0,1.0,0.09090909090909091,1.0,0.9090909090909091,0.09090909090909091,0.18181818181818182,1.0,0.5,0.18181818181818182,0.6363636363636364,0.09090909090909091,1.0,0.8181818181818182,0.8181818181818182,0.8181818181818182,0.18181818181818182
22e676a71209ed7915cbfb0d7d15a4c874a958281b9c1e7a687d3f041cbde4a3,101605951#0,-101746498#2,0.5454545454545454,0.9090909090909091,1.0,0.2727272727272727,1.0,0.36363636363636365,0.36363636363636365,0.6363636363636364,0.5,0.6363636363636364,0.7272727272727273,0.2727272727272727,0.8181818181818182,0.5454545454545454,0.5454545454545454,0.7272727272727273,0.9545454545454546
f05a0a573d0b453e4bb1dfe644db5620a58b6e392d266edbf6c264cac7e747a8,-101746498#2,-101604518,0.09090909090909091,0.0,0.8181818181818182,1.0,0.5454545454545454,0.13636363636363635,0.7272727272727273,0.2727272727272727,1.0,0.45454545454545453,0.2727272727272727,0.6363636363636364,0.0,0.8181818181818182,0.18181818181818182,0.5454545454545454,0.0
489c0d455baf4e8d1c2d4358abd2a0df72fb55ee18c2a8deb549d865b88555bb,-101746498#2,-101604518,1.0,0.8181818181818182,0.0,0.5454545454545454,1.0,0.36363636363636365,0.0,1.0,0.18181818181818182,1.0,1.0,1.0,0.6363636363636364,0.45454545454545453,1.0,0.8181818181818182,0.9545454545454546
af18fe2376fece648e658769fa6a8d1401f0100a224d0758bb2f4bf402bfde0a,-101746498#2,-101604518,0.7272727272727273,0.7272727272727273,0.09090909090909091,0.0,0.8181818181818182,0.45454545454545453,0.18181818181818182,0.8181818181818182,0.2727272727272727,0.5454545454545454,0.5454545454545454,0.36363636363636365,0.9090909090909091,0.18181818181818182,0.7272727272727273,0.2727272727272727,0.45454545454545453
c8432b2f766ec48d8ab2691a14cfa602daad5aebad560da137f0834af4167474,-101746498#2,-101604518,0.0,0.09090909090909091,1.0,0.6363636363636364,0.09090909090909091,0.13636363636363635,0.9090909090909091,0.09090909090909091,0.9090909090909091,0.36363636363636365,0.18181818181818182,0.045454545454545456,0.09090909090909091,0.9090909090909091,0.0,0.6363636363636364,0.18181818181818182
b74bacae266af316bf83f960504e5c58d69982d394a8011d7d600c27701a79b2,-101746498#2,-101604518,0.2727272727272727,0.2727272727272727,0.6363636363636364,0.9090909090909091,0.45454545454545453,0.13636363636363635,0.8181818181818182,0.18181818181818182,0.7272727272727273,0.18181818181818182,0.0,0.5454545454545454,0.5454545454545454,0.7272727272727273,0.2727272727272727,0.45454545454545453,0.09090909090909091
073e5a94e94d5d914675297bf3e046144a5976174edc3cf050ce89ea680fc123,-101746498#2,-101604518,0.45454545454545453,0.45454545454545453,0.36363636363636365,0.2727272727272727,0.2727272727272727,0.7272727272727273,0.5454545454545454,0.45454545454545453,0.5454545454545454,0.8181818181818182,0.8181818181818182,0.8181818181818182,0.36363636363636365,0.6363636363636364,0.45454545454545453,0.18181818181818182,0.7272727272727273
5a940b8d1acbf1dbb703fe5dffad437c5375be3db947b2a64cea91cad2177aa5,-101746498#2,-101604518,0.5454545454545454,0.5454545454545454,0.22727272727272727,0.13636363636363635,0.9090909090909091,0.6363636363636364,0.09090909090909091,0.9090909090909091,0.45454545454545453,0.7272727272727273,0.7272727272727273,0.45454545454545453,0.45454545454545453,0.36363636363636365,0.6363636363636364,0.36363636363636365,0.8181818181818182
1e63ed159d8a5b7c0298fcbf0dfd5763f1c32b73664b1ffdf92e6e54ab80d7db,-101746498#2,-101604518,0.36363636363636365,0.36363636363636365,0.45454545454545453,0.36363636363636365,0.36363636363636365,0.8181818181818182,0.45454545454545453,0.5454545454545454,0.6363636363636364,0.9090909090909091,0.9090909090909091,0.9090909090909091,0.2727272727272727,0.5454545454545454,0.36363636363636365,0.0,0.6363636363636364
abc84528ff7f13c7ed3be5f10eae082931fc61f51904e66db064039e2e91876a,-101746498#2,-101604518,0.6363636363636364,0.6363636363636364,0.22727272727272727,0.13636363636363635,0.18181818181818182,0.5454545454545454,0.6363636363636364,0.36363636363636365,0.36363636363636365,0.6363636363636364,0.6363636363636364,0.7272727272727273,0.7272727272727273,0.2727272727272727,0.5454545454545454,0.09090909090909091,0.36363636363636365
65013ea60666ef2c4f66fc81c334227ef044f30371df4708295378e501ba52a4,-101746498#2,-101604518,0.18181818181818182,0.18181818181818182,0.9090909090909091,0.8181818181818182,0.0,0.13636363636363635,1.0,0.0,0.8181818181818182,0.2727272727272727,0.09090909090909091,0.045454545454545456,0.18181818181818182,1.0,0.09090909090909091,0.7272727272727273,0.2727272727272727
c9fd4609f7936cf567e3e1754f8443b3b439ab0151f951e9d3ff0658e6c7bbd4,-101746498#2,-101604518,0.9090909090909091,1.0,0.5454545454545454,0.45454545454545453,0.6363636363636364,0.9090909090909091,0.36363636363636365,0.6363636363636364,0.045454545454545456,0.0,0.36363636363636365,0.18181818181818182,1.0,0.0,0.9090909090909091,1.0,0.9545454545454546
8bc789754870b2639536541009f17290fe462483cc9b9e433106143e8ed87c79,-101746498#2,-101604518,0.8181818181818182,0.9090909090909091,0.7272727272727273,0.7272727272727273,0.7272727272727273,1.0,0.2727272727272727,0.7272727272727273,0.045454545454545456,0.09090909090909091,0.45454545454545453,0.2727272727272727,0.8181818181818182,0.09090909090909091,0.8181818181818182,0.9090909090909091,0.5454545454545454
01db80d2df0f1f47dbde08db772665b9c693a1ea0e6b87628d893d24a632cebd,-101787489,526438862#0,1.0,1.0,0.36363636363636365,0.5454545454545454,0.0,0.8181818181818182,0.9090909090909091,0.6363636363636364,0.5,0.36363636363636365,0.6363636363636364,0.18181818181818182,1.0,0.0,1.0,1.0,0.9545454545454546
73ad3d25504630126dc0c92dc6d956efb21de6014bd0d57a0b841c3127ad8b6c,-101787489,526438862#0,0.09090909090909091,0.09090909090909091,0.7272727272727273,0.18181818181818182,0.9090909090909091,0.18181818181818182,0.09090909090909091,0.09090909090909091,0.5,0.0,0.045454545454545456,0.045454545454545456,0.09090909090909091,0.45454545454545453,0.09090909090909091,0.0,0.45454545454545453
c8c6b9e7b65476dd023b1984c1bc2855f4e0c3ef5ccad7cbbb8fdbd3a7c893ea,-101787489,526438862#0,0.0,0.0,0.8181818181818182,0.3181818181818182,1.0,0.18181818181818182,0.0,0.0,0.5,0.09090909090909091,0.045454545454545456,0.045454545454545456,0.0,0.5454545454545454,0.0,0.18181818181818182,0.36363636363636365
00eafeb28b62f64b60fecf8280b8f601fc89f6daad0d02724acffee94ae2f1a5,-101787489,526438862#0,0.36363636363636365,0.18181818181818182,0.09090909090909091,0.7272727272727273,0.6363636363636364,0.18181818181818182,0.18181818181818182,0.8181818181818182,0.5,1.0,0.9090909090909091,0.9090909090909091,0.18181818181818182,0.36363636363636365,0.45454545454545453,0.45454545454545453,0.0
cbdc9e652820806d1f7bef784336838af786e24ee2b5f60777dbbde3612558c5,-101787489,526438862#0,0.6363636363636364,0.7272727272727273,0.9090909090909091,0.3181818181818182,0.5454545454545454,0.5454545454545454,0.8181818181818182,0.18181818181818182,0.5,0.18181818181818182,0.18181818181818182,0.45454545454545453,0.7272727272727273,1.0,0.36363636363636365,0.6363636363636364,0.9545454545454546
6c98ee2f32fcecd74c563bcb2cd7bc6a403006873e2e280eb145e676da448c4a,-101787489,526438862#0,0.9090909090909091,0.9090909090909091,0.6363636363636364,0.8181818181818182,0.09090909090909091,0.45454545454545453,1.0,0.45454545454545453,0.5,0.5454545454545454,0.5454545454545454,0.2727272727272727,0.9090909090909091,0.6363636363636364,0.9090909090909091,0.8181818181818182,0.5454545454545454
7dcb16a4a8d7df716e512498054ed12da8a8c4bb66d654456db4746d6ec09dc2,-101787489,526438862#0,0.8181818181818182,0.6363636363636364,0.18181818181818182,0.9090909090909091,0.18181818181818182,0.9090909090909091,0.5454545454545454,1.0,0.5,0.7272727272727273,1.0,1.0,0.6363636363636364,0.09090909090909091,0.8181818181818182,0.7272727272727273,0.18181818181818182
693293be40484d81fdbc9aaa044eeb9d4d16abb4017ec509af373d65fb78c65b,-101787489,526438862#0,0.45454545454545453,0.8181818181818182,1.0,0.45454545454545453,0.36363636363636365,1.0,0.2727272727272727,0.9090909090909091,0.5,0.9090909090909091,0.45454545454545453,0.36363636363636365,0.8181818181818182,0.7272727272727273,0.7272727272727273,0.9090909090909091,0.8181818181818182
86348cdeaf70623927ea3da76fb2328717907f1aa00b4a7558e41197a3bdce12,-101787489,526438862#0,0.2727272727272727,0.5454545454545454,0.45454545454545453,0.0,0.7272727272727273,0.6363636363636364,0.6363636363636364,0.2727272727272727,0.5,0.2727272727272727,0.2727272727272727,0.5454545454545454,0.5454545454545454,0.8181818181818182,0.2727272727272727,0.2727272727272727,0.7272727272727273
c6bac77da0632b0385ebd7cb2c143fdd95ac2711ea3e82962ac724e92e558814,-101787489,526438862#0,0.18181818181818182,0.36363636363636365,0.5454545454545454,0.09090909090909091,0.8181818181818182,0.7272727272727273,0.36363636363636365,0.36363636363636365,0.5,0.45454545454545453,0.36363636363636365,0.7272727272727273,0.36363636363636365,0.9090909090909091,0.18181818181818182,0.36363636363636365,0.6363636363636364
9e7705967a74daa6a9025c3d4bb9fd0e65b7ffa741fc53ae29a753cc64a8cabf,-101787489,526438862#0,0.5454545454545454,0.2727272727272727,0.0,0.6363636363636364,0.45454545454545453,0.18181818181818182,0.45454545454545453,0.7272727272727273,0.5,0.8181818181818182,0.8181818181818182,0.8181818181818182,0.2727272727272727,0.2727272727272727,0.5454545454545454,0.09090909090909091,0.09090909090909091
8b034f2e0f8f1fb040a4c188c1d5b4615569022549ab7376e670f9a2bd277ff1,-101787489,526438862#0,0.7272727272727273,0.45454545454545453,0.2727272727272727,1.0,0.2727272727272727,0.18181818181818182,0.7272727272727273,0.5454545454545454,0.5,0.6363636363636364,0.7272727272727273,0.6363636363636364,0.45454545454545453,0.18181818181818182,0.6363636363636364,0.5454545454545454,0.2727272727272727
590e9b58dc22b6fe7cf60bab0ef96c5260a42abe1b1dc77e0f937fb9bab637fa,101784499#1,-1323419243,0.45454545454545453,0.45454545454545453,0.6363636363636364,0.8181818181818182,0.5454545454545454,0.22727272727272727,0.5454545454545454,0.18181818181818182,0.5,0.18181818181818182,0.3181818181818182,0.45454545454545453,0.5454545454545454,0.09090909090909091,0.45454545454545453,0.0,0.0
6ef8a0c7b4a5259e238714bf5f5e4acb7eef680c8a26b296976953e301ce1470,101784499#1,-1323419243,0.0,0.0,0.36363636363636365,0.9545454545454546,0.45454545454545453,0.8181818181818182,0.7272727272727273,0.8181818181818182,0.5,0.6363636363636364,0.3181818181818182,0.45454545454545453,0.0,0.6363636363636364,0.0,0.7272727272727273,0.18181818181818182
e5b9306ac2b346cffc8a40d4179ab95f6c1ce8694b9abd05ced97a4e85333b20,101784499#1,-1323419243,0.09090909090909091,0.09090909090909091,0.8181818181818182,0.9545454545454546,0.8181818181818182,0.22727272727272727,0.18181818181818182,0.36363636363636365,0.5,0.5454545454545454,0.3181818181818182,0.45454545454545453,0.09090909090909091,0.5454545454545454,0.36363636363636365,0.36363636363636365,0.3181818181818182
6bea0bdfa90c927c995d8039c5d9182acdaa47d214a665820ea6c216460d1cfb,101784499#1,-1323419243,0.7272727272727273,0.8181818181818182,0.9090909090909091,0.2727272727272727,0.0,1.0,0.36363636363636365,1.0,0.5,1.0,0.8181818181818182,0.45454545454545453,0.6363636363636364,0.36363636363636365,1.0,1.0,0.9545454545454546
ad46018d6d5b18bebf68fbe878525b76f2052080d25a8db81a2656563d435ccc,101784499#1,-1323419243,0.18181818181818182,0.18181818181818182,1.0,0.18181818181818182,1.0,0.22727272727272727,0.0,0.0,0.5,0.45454545454545453,0.3181818181818182,0.45454545454545453,0.18181818181818182,0.9090909090909091,0.8636363636363636,0.5454545454545454,0.7727272727272727
a19c10bff1f0767b25a263c6dc03c37af06f61c4bf7bc773dc7a132000884052,101784499#1,-1323419243,1.0,1.0,0.6363636363636364,0.5,0.09090909090909091,0.9090909090909091,0.6363636363636364,0.9090909090909091,0.5,0.8181818181818182,1.0,1.0,1.0,0.18181818181818182,0.7272727272727273,0.9090909090909091,0.45454545454545453
229d74f5fe568a4bce242a7ad55442ba665b57804b0a41ab83482e018ce70067,101784499#1,-1323419243,0.36363636363636365,0.36363636363636365,0.18181818181818182,0.5,0.18181818181818182,0.7272727272727273,0.9090909090909091,0.6363636363636364,0.5,0.2727272727272727,0.3181818181818182,0.45454545454545453,0.45454545454545453,0.2727272727272727,0.09090909090909091,0.45454545454545453,0.3181818181818182
e45498666a43d561601790bdf841d1f3aa3b418e96062a94d1d01b1eb0e59100,101784499#1,-1323419243,0.8181818181818182,0.7272727272727273,0.6363636363636364,0.6363636363636364,0.6363636363636364,0.22727272727272727,0.45454545454545453,0.2727272727272727,0.5,0.0,0.3181818181818182,0.45454545454545453,0.9090909090909091,0.0,0.5454545454545454,0.09090909090909091,0.09090909090909091
64de07471c337b0afce8b5192d7b80f3dfe4203ee1eba5f4b2e0cd531254218a,101784499#1,-1323419243,0.2727272727272727,0.2727272727272727,0.45454545454545453,0.7272727272727273,0.9090909090909091,0.22727272727272727,0.09090909090909091,0.09090909090909091,0.5,0.36363636363636365,0.3181818181818182,0.45454545454545453,0.2727272727272727,0.8181818181818182,0.8636363636363636,0.2727272727272727,0.7727272727272727
fefbdaf070485a3b64587dc7172a3caaa150474b276bc1d728d8a9a5782b8ad7,101784499#1,-1323419243,0.9090909090909091,0.9090909090909091,0.09090909090909091,0.09090909090909091,0.2727272727272727,0.5454545454545454,1.0,0.5454545454545454,0.5,0.7272727272727273,0.7272727272727273,0.45454545454545453,0.7272727272727273,0.7272727272727273,0.18181818181818182,0.6363636363636364,0.6363636363636364
411fb6a43e0c0c4f0863e9591214adbc9ff5839946db196d014c3c657b881931,101784499#1,-1323419243,0.5454545454545454,0.5454545454545454,0.2727272727272727,0.36363636363636365,0.7272727272727273,0.22727272727272727,0.2727272727272727,0.45454545454545453,0.5,0.09090909090909091,0.3181818181818182,0.45454545454545453,0.36363636363636365,0.45454545454545453,0.6363636363636364,0.18181818181818182,0.5454545454545454
a30b4d6e888d88d45cd17c8a857f104c98481cff3f40c87213cc36bb3bca4e1c,101784499#1,-1323419243,0.6363636363636364,0.6363636363636364,0.0,0.0,0.36363636363636365,0.6363636363636364,0.8181818181818182,0.7272727272727273,0.5,0.9090909090909091,0.9090909090909091,0.45454545454545453,0.8181818181818182,1.0,0.2727272727272727,0.8181818181818182,0.9545454545454546
daa0f49e7a8dfb9e07c9037ce07ced392d074a58e8d1d58319caf37746aa1e09,-101411571#0,-101746498#2,0.0,0.0,0.36363636363636365,0.0,0.36363636363636365,0.5,0.7272727272727273,0.2727272727272727,0.5,0.2727272727272727,0.2727272727272727,0.2727272727272727,0.0,0.6363636363636364,0.0,0.6363636363636364,0.2727272727272727
ed2efe4cc17997861ff05a43fe8483b126be0e4670e54f94f625c967ea500ade,-101411571#0,-101746498#2,0.45454545454545453,0.5454545454545454,0.7272727272727273,0.2727272727272727,0.36363636363636365,0.5,0.7272727272727273,0.2727272727272727,0.5,0.2727272727272727,0.2727272727272727,0.2727272727272727,0.5454545454545454,0.2727272727272727,0.45454545454545453,0.0,0.09090909090909091
4a32589ed0a0e74efb8631ce2be49976690c9e6fc2f8257be27695820204640e,-101411571#0,-101746498#2,0.09090909090909091,0.09090909090909091,0.8636363636363636,0.45454545454545453,0.36363636363636365,0.5,0.7272727272727273,0.2727272727272727,0.5,0.2727272727272727,0.2727272727272727,0.2727272727272727,0.09090909090909091,0.7272727272727273,0.09090909090909091,0.45454545454545453,0.0
edc7b26dfad79122978471b9315cc8c6b4bb747e78b158cc6f502022399cfab1,-101411571#0,-101746498#2,0.18181818181818182,0.18181818181818182,0.5454545454545454,0.18181818181818182,0.36363636363636365,0.5,0.7272727272727273,0.2727272727272727,0.5,0.2727272727272727,0.2727272727272727,0.2727272727272727,0.18181818181818182,0.9090909090909091,0.18181818181818182,0.8181818181818182,0.5454545454545454
8517b5ad0c4175887c0207c190d7581aa697cedd4e875824cce76e939c0d0790,-101411571#0,-101746498#2,1.0,1.0,0.09090909090909091,0.6363636363636364,0.8181818181818182,0.5,0.36363636363636365,0.7272727272727273,0.5,1.0,1.0,1.0,1.0,0.0,0.9090909090909091,0.5454545454545454,0.9545454545454546
0a2c8a6be131c104bf6448433f1d09a9be5dbd5fcc681370e59aab6a7c9c8b03,-101411571#0,-101746498#2,0.36363636363636365,0.45454545454545453,0.45454545454545453,0.09090909090909091,0.36363636363636365,0.5,0.7272727272727273,0.2727272727272727,0.5,0.2727272727272727,0.2727272727272727,0.2727272727272727,0.45454545454545453,0.18181818181818182,0.36363636363636365,0.09090909090909091,0.36363636363636365
5a55eb14196e574625893d107229e053b070950f999d51a41d0f0a7b6afaac91,-101411571#0,-101746498#2,0.8181818181818182,0.7272727272727273,0.2727272727272727,1.0,0.36363636363636365,0.5,0.2727272727272727,0.6363636363636364,0.5,0.6363636363636364,0.6363636363636364,0.8181818181818182,0.7272727272727273,0.5454545454545454,1.0,0.9090909090909091,0.5454545454545454
b1baf10b5271c29c8128eb78823d9cc099c26f864b8f93f7d81f914783c633c3,-101411571#0,-101746498#2,0.9090909090909091,0.9090909090909091,0.18181818181818182,0.7272727272727273,0.9090909090909091,0.5,0.18181818181818182,0.9090909090909091,0.5,0.7272727272727273,0.8181818181818182,0.6363636363636364,0.9090909090909091,0.09090909090909091,0.7727272727272727,0.2727272727272727,0.7727272727272727
d118d257749f30c7de138432430c347fa9b1dd8ac5170047006d5d8b0635bab2,-101411571#0,-101746498#2,0.5454545454545454,0.6363636363636364,1.0,0.5454545454545454,0.36363636363636365,0.5,0.7272727272727273,0.2727272727272727,0.5,0.2727272727272727,0.2727272727272727,0.2727272727272727,0.6363636363636364,0.36363636363636365,0.5454545454545454,0.18181818181818182,0.5454545454545454
13f35d7d112931bcc56d1e727d5dfb8ce42acb1ba50f4bab3a5fe4e5f25c2183,-101411571#0,-101746498#2,0.2727272727272727,0.2727272727272727,0.8636363636363636,0.36363636363636365,0.36363636363636365,0.5,0.7272727272727273,0.2727272727272727,0.5,0.2727272727272727,0.2727272727272727,0.2727272727272727,0.2727272727272727,1.0,0.2727272727272727,0.7272727272727273,0.18181818181818182
43edadb9f7aacf3186ca4d1d9532b806a8f7808b13b6cedb022293d1e587ce78,-101411571#0,-101746498#2,0.6363636363636364,0.36363636363636365,0.0,0.9090909090909091,0.36363636363636365,0.5,0.0,0.8181818181818182,0.5,0.9090909090909091,0.7272727272727273,0.9090909090909091,0.36363636363636365,0.8181818181818182,0.6363636363636364,1.0,0.9545454545454546
437216d2b35dae7e9a9239bea85fcc355cc663ddfdceb336aeeaa38df0aade4f,-101411571#0,-101746498#2,0.7272727272727273,0.8181818181818182,0.6363636363636364,0.8181818181818182,1.0,0.5,0.09090909090909091,1.0,0.5,0.8181818181818182,0.9090909090909091,0.7272727272727273,0.8181818181818182,0.45454545454545453,0.7727272727272727,0.36363636363636365,0.7727272727272727
7cd728d063b7440c1fad538a3893ec1dd5c926d9eb932adef9e4be6697ecf0ff,416405090,-1323419243,0.1,0.1,1.0,0.3,0.0,0.9,0.7,0.2,0.45,0.3,0.05,0.05,0.6,0.0,0.1,0.8,0.0
6498245e44c80b0ac4cc55ad7842fdb8db0179da41ffe67d6f3a0078a356d4ef,416405090,-1323419243,0.0,0.0,0.7,0.8,0.1,1.0,0.2,0.7,0.45,0.9,0.05,0.05,0.0,0.1,0.0,0.9,0.1
37c66c635e2920b728d6e96d6505c091b93f8076c1e35cdfac86b2876e141e6b,416405090,-1323419243,0.3,0.4,0.5,1.0,0.7,0.8,0.3,0.8,0.45,1.0,0.9,1.0,0.3,0.6,0.25,0.55,0.9
1009e3be6abe4781e148c1b3916bd0bdca461e014309a7532ce82d91559ffe10,416405090,-1323419243,0.5,0.3,0.2,0.5,0.3,0.2,0.9,0.1,0.45,0.6,1.0,0.7,0.2,0.7,0.5,0.1,0.25
31c92a4126774dbf381ceb8a111f4f5e90d1b9318cc5f0bd37d9bb66e5472a5d,416405090,-1323419243,0.7,0.8,0.6,0.9,0.5,0.6,0.6,0.6,0.45,0.8,0.7,0.9,0.7,0.3,0.5,0.35,0.6
a17edc88b7f26e92a50751f10324d32c0f59b2432e03a9e0c9e65b77b5844df4,416405090,-1323419243,0.2,0.5,0.8,0.2,1.0,0.7,0.0,1.0,0.45,0.5,0.4,0.6,0.4,0.5,0.25,0.55,0.9
85ed8d23b665725cc1e64d59a4b1037b8993b50a6d54f3cf199677fb16528f87,416405090,-1323419243,0.6,0.9,0.9,0.1,0.9,0.5,0.1,0.9,0.45,0.0,0.2,0.3,0.8,0.2,0.5,0.35,0.6
01af2c04a3474ad079f4e8d1c404a4d6047d0efed4823f2d08398c35d0b6131e,416405090,-1323419243,0.9,0.7,0.3,0.7,0.2,0.0,1.0,0.0,0.45,0.2,0.8,0.4,0.9,0.4,0.75,0.0,0.25
53d109065994bec6387c5628e086e009190aa620aec3e11d66ebfe188a1d2d4d,416405090,-1323419243,0.4,0.2,0.1,0.4,0.6,0.3,0.5,0.3,0.45,0.7,0.5,0.8,0.1,0.9,0.75,0.2,0.4
f8d7cb6563be048cfdfe179f6e52ef6865cdd45fe1a0834b8015a9334307642c,416405090,-1323419243,1.0,1.0,0.4,0.6,0.4,0.4,0.8,0.4,1.0,0.1,0.6,0.2,1.0,0.8,1.0,1.0,0.9
72d245ee2dbc701ad6e95c531572abb462c27a4070d4668b52225c19163c2d8f,416405090,-1323419243,0.8,0.6,0.0,0.0,0.8,0.1,0.4,0.5,0.45,0.4,0.3,0.5,0.5,1.0,0.9,0.7,0.6
680bcd47a735fa009fbd0c9e725f19351f115847b704bdc94e5ebfc5f0eac78e,-101767911,416428068,0.36363636363636365,0.7272727272727273,1.0,0.9090909090909091,0.045454545454545456,0.2727272727272727,1.0,0.0,0.045454545454545456,0.0,0.0,0.3181818181818182,0.7272727272727273,0.09090909090909091,0.18181818181818182,1.0,0.9545454545454546
d69ba60d0bac1c03b26c52abf1227ae2d24cb7bd1a413bbc9b7eff89a90dedf2,-101767911,416428068,0.8181818181818182,0.2727272727272727,0.0,0.18181818181818182,0.5454545454545454,0.5454545454545454,0.18181818181818182,0.9090909090909091,0.8181818181818182,0.9090909090909091,1.0,1.0,0.2727272727272727,0.5454545454545454,0.45454545454545453,0.0,0.0
312d458dde0bdfa222315cf00f90e2a8631a22e0f770c30a1b0540dd28920aba,-101767911,416428068,0.6363636363636364,1.0,0.7272727272727273,0.5454545454545454,0.18181818181818182,0.0,0.8181818181818182,0.18181818181818182,0.18181818181818182,0.2727272727272727,0.2727272727272727,0.3181818181818182,0.9090909090909091,0.0,0.36363636363636365,0.6363636363636364,0.2727272727272727
441fdcff08636768a52be91d641855693078151a1aded7789f9b9f879343f242,-101767911,416428068,0.0,0.0,0.8181818181818182,0.6363636363636364,0.045454545454545456,0.7272727272727273,0.9090909090909091,0.09090909090909091,0.045454545454545456,0.09090909090909091,0.18181818181818182,0.3181818181818182,0.0,1.0,0.0,0.7272727272727273,0.7727272727272727
918b50f0cadd63d0793d5b55663d89f19ccd3f4e6ff4c03ffbe71cf67e8c7ff9,-101767911,416428068,0.09090909090909091,0.09090909090909091,0.5909090909090909,0.4090909090909091,1.0,1.0,0.0,0.7272727272727273,1.0,0.18181818181818182,0.09090909090909091,0.3181818181818182,0.09090909090909091,0.7272727272727273,1.0,0.45454545454545453,0.7727272727272727
f172cae9d7c4d93f562ef23a2be322b589057627e8b8ab8049fd6b7ab5cdf7ac,-101767911,416428068,0.7272727272727273,0.5454545454545454,0.36363636363636365,1.0,0.6363636363636364,0.8181818181818182,0.09090909090909091,1.0,0.5454545454545454,1.0,0.8181818181818182,0.8181818181818182,0.5454545454545454,0.36363636363636365,0.8181818181818182,0.5454545454545454,0.9545454545454546
3f5bf9802d603bf8be36631e645a05955fca49a77db3bde0f8b1504e6bf9b039,-101767911,416428068,0.2727272727272727,0.18181818181818182,0.5909090909090909,0.4090909090909091,0.2727272727272727,0.6363636363636364,0.7272727272727273,0.2727272727272727,0.9090909090909091,0.5454545454545454,0.6363636363636364,0.3181818181818182,0.18181818181818182,0.6363636363636364,0.09090909090909091,0.36363636363636365,0.09090909090909091
be2ecfb73e27dfcad7f9cf83ab9367e37b47c9d56200e05b759de29d49ae676e,-101767911,416428068,0.18181818181818182,0.45454545454545453,0.9090909090909091,0.8181818181818182,0.36363636363636365,0.9090909090909091,0.6363636363636364,0.6363636363636364,0.6363636363636364,0.6363636363636364,0.5454545454545454,0.3181818181818182,0.45454545454545453,0.45454545454545453,0.2727272727272727,0.8181818181818182,0.5909090909090909
7703036173eb1cd5f4e7e17da9544a38a1ab4b93cc5fbbebbfdb3bec5070ef00,-101767911,416428068,0.5454545454545454,0.6363636363636364,0.2727272727272727,0.09090909090909091,0.9090909090909091,0.36363636363636365,0.2727272727272727,0.5454545454545454,0.45454545454545453,0.45454545454545453,0.45454545454545453,0.3181818181818182,0.6363636363636364,0.2727272727272727,0.6363636363636364,0.09090909090909091,0.36363636363636365
6373e9c598be99c4e2a5b38bd1164902ff704c71031a0a8c46a97cbadb7ec449,-101767911,416428068,0.45454545454545453,0.8181818181818182,0.45454545454545453,0.2727272727272727,0.7272727272727273,0.18181818181818182,0.5454545454545454,0.36363636363636365,0.36363636363636365,0.8181818181818182,0.7272727272727273,0.7272727272727273,0.8181818181818182,0.9090909090909091,0.9090909090909091,0.9090909090909091,0.5909090909090909
80460e7425054d6faf1ec8e5d2ceb38ce1f03333867e7f8da34592a6a7f03afe,-101767911,416428068,1.0,0.9090909090909091,0.18181818181818182,0.0,0.8181818181818182,0.09090909090909091,0.45454545454545453,0.45454545454545453,0.2727272727272727,0.36363636363636365,0.36363636363636365,0.3181818181818182,1.0,0.18181818181818182,0.7272727272727273,0.18181818181818182,0.45454545454545453
fb7c3804d9748c5434fd5a043d193e4055c0ca57bf772226d3249372ca0a61a1,-101767911,416428068,0.9090909090909091,0.36363636363636365,0.09090909090909091,0.7272727272727273,0.45454545454545453,0.45454545454545453,0.36363636363636365,0.8181818181818182,0.7272727272727273,0.7272727272727273,0.9090909090909091,0.9090909090909091,0.36363636363636365,0.8181818181818182,0.5454545454545454,0.2727272727272727,0.18181818181818182
79f5edf439c4234701927b04974de3c7851b2a18e015394b674581a4aa47a69e,-101752970#1,-1323419243,0.0,0.0,0.8636363636363636,0.7272727272727273,0.9090909090909091,0.2727272727272727,0.09090909090909091,0.09090909090909091,0.5,0.18181818181818182,0.09090909090909091,0.13636363636363635,0.0,0.18181818181818182,0.0,0.09090909090909091,0.09090909090909091
974dbe9a054915a243d218caaab707b9d096673c4efe2ec3040f695c256e6a1f,-101752970#1,-1323419243,0.09090909090909091,0.09090909090909091,0.6363636363636364,0.6363636363636364,0.8181818181818182,0.2727272727272727,0.18181818181818182,0.18181818181818182,0.5,0.09090909090909091,0.09090909090909091,0.13636363636363635,0.09090909090909091,0.36363636363636365,0.09090909090909091,0.0,0.0
31a4632143317806b81b626cf582e53a3c7da1e0877d4325265c9e691f9967b1,-101752970#1,-1323419243,0.9090909090909091,0.7272727272727273,0.18181818181818182,0.9090909090909091,0.45454545454545453,0.2727272727272727,0.6363636363636364,0.7272727272727273,0.5,0.36363636363636365,0.6363636363636364,0.45454545454545453,1.0,0.8181818181818182,0.7727272727272727,0.18181818181818182,0.5454545454545454
83f1a7ae47a203e8515837e06a8a6379d035298d6d279c94dbdc6691c8590a92,-101752970#1,-1323419243,0.18181818181818182,0.18181818181818182,1.0,0.2727272727272727,1.0,0.2727272727272727,0.0,0.0,0.5,0.0,0.09090909090909091,0.13636363636363635,0.18181818181818182,0.2727272727272727,0.18181818181818182,0.7272727272727273,0.18181818181818182
d6f26986e4164d8e5ad9a0d40d4fe406ef6dc4565aa547b7f3fef8fe29a7c30e,-101752970#1,-1323419243,0.2727272727272727,0.2727272727272727,0.7272727272727273,0.5454545454545454,0.0,1.0,0.7272727272727273,0.36363636363636365,0.5,0.9090909090909091,0.36363636363636365,0.13636363636363635,0.2727272727272727,0.7272727272727273,1.0,1.0,0.9545454545454546
fa3409790adbfeca195fb7316c9c5e88486af21775121e0bc78c43da6b0ea998,-101752970#1,-1323419243,1.0,0.9090909090909091,0.09090909090909091,0.8181818181818182,0.6363636363636364,0.2727272727272727,0.36363636363636365,0.6363636363636364,0.5,1.0,1.0,0.9090909090909091,0.8181818181818182,0.9090909090909091,0.9090909090909091,0.45454545454545453,0.9545454545454546
394d9b6b94f33ea51a6c4c5515a5680084d7a974e28490174192d640258e633f,-101752970#1,-1323419243,0.5454545454545454,0.8181818181818182,0.36363636363636365,0.0,0.09090909090909091,0.7272727272727273,1.0,0.2727272727272727,0.5,0.8181818181818182,0.5454545454545454,1.0,0.7272727272727273,0.6363636363636364,0.7727272727272727,0.9090909090909091,0.6363636363636364
5c3424ae49bdd33cc8eff6247f8d3e4f896f5a0ee0c2254decbc898208cfc1bd,-101752970#1,-1323419243,0.6363636363636364,1.0,0.5,0.13636363636363635,0.18181818181818182,0.8181818181818182,0.8181818181818182,0.5454545454545454,0.5,0.2727272727272727,0.45454545454545453,0.36363636363636365,0.9090909090909091,0.0,0.36363636363636365,0.6363636363636364,0.36363636363636365
788b1dcd58bcd1db745319b7277614b4281c74f84f67c327bc3f0b61a6c8b980,-101752970#1,-1323419243,0.36363636363636365,0.36363636363636365,0.5,0.13636363636363635,0.36363636363636365,0.6363636363636364,0.9090909090909091,0.45454545454545453,0.5,0.5454545454545454,0.2727272727272727,0.8181818181818182,0.36363636363636365,1.0,0.36363636363636365,0.8181818181818182,0.36363636363636365
3cc014bc57b397f0e0f27f6002a9703bcca499ae92a754a53306414c262e5f71,-101752970#1,-1323419243,0.8181818181818182,0.6363636363636364,0.2727272727272727,1.0,0.5454545454545454,0.2727272727272727,0.45454545454545453,0.8181818181818182,0.5,0.45454545454545453,0.7272727272727273,0.5454545454545454,0.6363636363636364,0.5454545454545454,0.6363636363636364,0.2727272727272727,0.8181818181818182
4b3f7ad8fdf5ceba5c80ca59e16bc0a3f7e6701735bbaec8f834739442f7876f,-101752970#1,-1323419243,0.7272727272727273,0.45454545454545453,0.0,0.36363636363636365,0.7272727272727273,0.2727272727272727,0.2727272727272727,0.9090909090909091,0.5,0.7272727272727273,0.9090909090909091,0.7272727272727273,0.45454545454545453,0.45454545454545453,0.5454545454545454,0.36363636363636365,0.7272727272727273
ef90ffc4d0bc4f30513300bfdc8ec9448ba687f67faaea5fd583a403d4ed28b9,-101752970#1,-1323419243,0.45454545454545453,0.5454545454545454,0.8636363636363636,0.45454545454545453,0.2727272727272727,0.9090909090909091,0.5454545454545454,1.0,0.5,0.6363636363636364,0.8181818181818182,0.6363636363636364,0.5454545454545454,0.09090909090909091,0.36363636363636365,0.5454545454545454,0.36363636363636365
cb424b0e85c926e677c8c9be53f6b79b00eecb53f8872eb7e2f4b41eabb6f69b,-101754276#1,-101746498#2,0.0,0.09090909090909091,0.6363636363636364,1.0,0.36363636363636365,0.5454545454545454,0.45454545454545453,0.5454545454545454,0.5,0.7272727272727273,0.8181818181818182,0.4090909090909091,0.09090909090909091,0.09090909090909091,0.0,0.09090909090909091,0.0
afe9bcd75e5f6eed5c518dc0f6b50dbad74cb24e95537106f4dac2ff86ece5b1,-101754276#1,-101746498#2,0.09090909090909091,0.2727272727272727,0.7272727272727273,0.9090909090909091,0.36363636363636365,0.36363636363636365,0.6363636363636364,0.36363636363636365,0.5,0.45454545454545453,0.6363636363636364,0.4090909090909091,0.2727272727272727,0.18181818181818182,0.09090909090909091,0.0,0.09090909090909091
876d808d4366b9a247753907df506a03809aa2977e07df5111a053c4c84cfc79,-101754276#1,-101746498#2,1.0,1.0,0.8181818181818182,0.7272727272727273,1.0,0.7272727272727273,0.0,1.0,0.5,0.9090909090909091,1.0,0.9090909090909091,1.0,0.36363636363636365,0.5909090909090909,0.9090909090909091,0.5454545454545454
9ec4d362afaf332a2afe049388f88d9a111d76cab1507815ecd90fa5a7087fef,-101754276#1,-101746498#2,0.18181818181818182,0.0,0.18181818181818182,0.3181818181818182,0.36363636363636365,0.6363636363636364,0.36363636363636365,0.6363636363636364,0.5,0.8181818181818182,0.9090909090909091,0.4090909090909091,0.0,0.6363636363636364,0.18181818181818182,0.36363636363636365,0.18181818181818182
a30fa9c36a4c9cb96670bc41b02a5ec1a68722371a7eabd5c8b8ca44cf5159f3,-101754276#1,-101746498#2,0.45454545454545453,0.45454545454545453,0.2727272727272727,0.18181818181818182,0.36363636363636365,0.18181818181818182,0.8181818181818182,0.18181818181818182,0.5,0.2727272727272727,0.45454545454545453,0.4090909090909091,0.5454545454545454,0.7272727272727273,0.7272727272727273,0.45454545454545453,0.7272727272727273
f6caec38c73d3838d897dc1ee54d9b56f0de8e0c639ff9d843c795ffac73ad28,-101754276#1,-101746498#2,0.2727272727272727,0.18181818181818182,0.5454545454545454,0.6363636363636364,0.36363636363636365,0.45454545454545453,0.5454545454545454,0.45454545454545453,0.5,0.5454545454545454,0.7272727272727273,0.4090909090909091,0.18181818181818182,0.8181818181818182,0.2727272727272727,0.18181818181818182,0.2727272727272727
07c4a2dfec890b759bbb38726b815319f85292d9d65bb54432e252271d32003d,-101754276#1,-101746498#2,0.5454545454545454,0.36363636363636365,0.0,0.0,0.36363636363636365,0.2727272727272727,0.7272727272727273,0.2727272727272727,0.5,0.36363636363636365,0.5454545454545454,0.4090909090909091,0.7272727272727273,0.45454545454545453,0.5909090909090909,0.5454545454545454,0.6363636363636364
b77bd33be17db6c875998ad412ea5ca7f48f7816df1a908031fff87c038e3a3e,-101754276#1,-101746498#2,0.7272727272727273,0.8181818181818182,0.4090909090909091,0.5,0.36363636363636365,0.8181818181818182,0.2727272727272727,0.7272727272727273,0.5,0.0,0.09090909090909091,1.0,0.45454545454545453,0.5454545454545454,0.8636363636363636,1.0,0.9545454545454546
ed2372cd8d8664aa0b72ce31707f0e0808fe88c38c05431b5a70d975b9ce3588,-101754276#1,-101746498#2,0.36363636363636365,0.6363636363636364,1.0,0.3181818181818182,0.9090909090909091,1.0,0.09090909090909091,0.9090909090909091,0.5,1.0,0.2727272727272727,0.4090909090909091,0.36363636363636365,0.2727272727272727,0.4090909090909091,0.6363636363636364,0.45454545454545453
b77e9fa331dc4571dc525c203ef5dafa9bc6e248c0d37be5882b883b4d57d788,-101754276#1,-101746498#2,0.8181818181818182,0.7272727272727273,0.09090909090909091,0.09090909090909091,0.36363636363636365,0.0,1.0,0.0,0.5,0.09090909090909091,0.18181818181818182,0.4090909090909091,0.8181818181818182,1.0,1.0,0.8181818181818182,0.9545454545454546
97539ffd4dacdb43cbc53bce524e608e29ed79730ea6f005e09d2ba6ff8f6c7e,-101754276#1,-101746498#2,0.9090909090909091,0.9090909090909091,0.9090909090909091,0.8181818181818182,0.8181818181818182,0.9090909090909091,0.18181818181818182,0.8181818181818182,0.5,0.6363636363636364,0.0,0.4090909090909091,0.6363636363636364,0.0,0.4090909090909091,0.7272727272727273,0.36363636363636365
d095ceea14fe3af127d273aeeac6b82a165dd279d88ab3fbefc5cf3dffa86de9,-101754276#1,-101746498#2,0.6363636363636364,0.5454545454545454,0.4090909090909091,0.5,0.36363636363636365,0.09090909090909091,0.9090909090909091,0.09090909090909091,0.5,0.18181818181818182,0.36363636363636365,0.4090909090909091,0.9090909090909091,0.9090909090909091,0.8636363636363636,0.2727272727272727,0.8181818181818182
aec9d7df89c131e3711f93d029e04e1f176bc4db1ea96e4768c714a13cc63a7c,101765339#2,-71223800#4,0.09090909090909091,0.09090909090909091,0.09090909090909091,0.09090909090909091,0.4090909090909091,0.8181818181818182,0.2727272727272727,0.7272727272727273,0.45454545454545453,0.7272727272727273,0.8181818181818182,0.45454545454545453,0.09090909090909091,0.7272727272727273,0.5454545454545454,0.45454545454545453,0.8181818181818182
66febea2eda76321330c4a54a13de5d1b3ef739ef0e1335488c696fb1e248b0c,101765339#2,-71223800#4,0.7272727272727273,0.5454545454545454,0.7272727272727273,1.0,1.0,0.45454545454545453,0.0,1.0,1.0,1.0,1.0,1.0,0.5454545454545454,1.0,1.0,1.0,0.9545454545454546
7399ebb8cf559276725f7025a1c717fdbab0bf612b5f372f5aa530ed3b2988c5,101765339#2,-71223800#4,0.9090909090909091,0.9090909090909091,0.6363636363636364,0.6363636363636364,0.4090909090909091,0.09090909090909091,0.9090909090909091,0.09090909090909091,0.45454545454545453,0.09090909090909091,0.09090909090909091,0.45454545454545453,1.0,0.0,0.7272727272727273,0.2727272727272727,0.5454545454545454
91c5ce83dd61d69e0e543358e444c953db02505cc10472f49493e7689eb45bde,101765339#2,-71223800#4,1.0,1.0,0.5,0.5,0.4090909090909091,0.0,1.0,0.0,0.45454545454545453,0.0,0.0,0.45454545454545453,0.9090909090909091,0.09090909090909091,0.8181818181818182,0.18181818181818182,0.6363636363636364
0aee70a66658e64b07e6cba633d08f65501e61354e55c1e7110e65d4ac2a1ca1,101765339#2,-71223800#4,0.8181818181818182,0.8181818181818182,0.18181818181818182,0.18181818181818182,0.4090909090909091,0.18181818181818182,0.8181818181818182,0.18181818181818182,0.45454545454545453,0.18181818181818182,0.18181818181818182,0.45454545454545453,0.8181818181818182,0.2727272727272727,0.9090909090909091,0.5454545454545454,0.9545454545454546
60ebc3e4927488ca2905bf1fa15d312b5cd56bde291f5963b49eb6ea5faa7004,101765339#2,-71223800#4,0.6363636363636364,0.36363636363636365,0.2727272727272727,0.2727272727272727,0.4090909090909091,0.5454545454545454,0.5454545454545454,0.45454545454545453,0.45454545454545453,0.45454545454545453,0.5454545454545454,0.45454545454545453,0.2727272727272727,0.6363636363636364,0.36363636363636365,0.0,0.36363636363636365
2dea9b3774e17faeca4f0222cb8375f43c6070ff78035004e51a731fb4c58e57,101765339#2,-71223800#4,0.2727272727272727,0.6363636363636364,0.9090909090909091,0.8181818181818182,0.4090909090909091,0.36363636363636365,0.6363636363636364,0.36363636363636365,0.45454545454545453,0.36363636363636365,0.36363636363636365,0.45454545454545453,0.7272727272727273,0.18181818181818182,0.09090909090909091,0.8181818181818182,0.09090909090909091
d5c668bff2a7183014a3a3e99f1d67b5c460f0954d4b8944f9fa3c9c7b5112dc,101765339#2,-71223800#4,0.36363636363636365,0.7272727272727273,0.8181818181818182,0.7272727272727273,0.4090909090909091,0.2727272727272727,0.7272727272727273,0.2727272727272727,0.45454545454545453,0.2727272727272727,0.2727272727272727,0.45454545454545453,0.6363636363636364,0.36363636363636365,0.18181818181818182,0.7272727272727273,0.18181818181818182
4d79bf6d104a5f1da1b0331e15505d0593ace39a08b858e9de018be35a414dba,101765339#2,-71223800#4,0.5454545454545454,0.2727272727272727,0.36363636363636365,0.36363636363636365,0.4090909090909091,0.6363636363636364,0.45454545454545453,0.5454545454545454,0.45454545454545453,0.5454545454545454,0.6363636363636364,0.45454545454545453,0.36363636363636365,0.45454545454545453,0.2727272727272727,0.09090909090909091,0.2727272727272727
8116316249ecd08a4b6d075e9b252db4944a50764c64edc0cb8360ac5de26627,101765339#2,-71223800#4,0.45454545454545453,0.45454545454545453,1.0,0.9090909090909091,0.9090909090909091,1.0,0.09090909090909091,0.9090909090909091,0.45454545454545453,0.9090909090909091,0.45454545454545453,0.45454545454545453,0.45454545454545453,0.5454545454545454,0.6363636363636364,0.9090909090909091,0.45454545454545453
c090f2b185a0cee8cb9c1a91d326a5cdb7bc8035ef925aa31a409dd2eb9796b7,101765339#2,-71223800#4,0.0,0.0,0.5,0.5,0.4090909090909091,0.9090909090909091,0.18181818181818182,0.8181818181818182,0.45454545454545453,0.8181818181818182,0.9090909090909091,0.45454545454545453,0.0,0.8181818181818182,0.0,0.6363636363636364,0.0
bee77f7f9706dccab87d5bdec299ffa8239e519ca3e11bf5f21612cf5a848df4,101765339#2,-71223800#4,0.18181818181818182,0.18181818181818182,0.0,0.0,0.4090909090909091,0.7272727272727273,0.36363636363636365,0.6363636363636364,0.45454545454545453,0.6363636363636364,0.7272727272727273,0.45454545454545453,0.18181818181818182,0.9090909090909091,0.45454545454545453,0.36363636363636365,0.7272727272727273
9ba38bcc98e62bb9924a61a7f8cc22287dadb953cdd8108f815083964e2b44ff,-416409191#1,416428068,0.0,0.0,0.18181818181818182,0.9090909090909091,1.0,1.0,0.0,0.9090909090909091,1.0,0.6363636363636364,0.6363636363636364,0.18181818181818182,0.0,0.8181818181818182,0.0,0.18181818181818182,0.36363636363636365
1e23095fc43641d37c6051009d87282530ebfc8e8166a92552587e4a786c22d6,-416409191#1,416428068,0.45454545454545453,0.5454545454545454,0.6363636363636364,0.6363636363636364,0.7272727272727273,0.45454545454545453,0.2727272727272727,0.6363636363636364,0.5454545454545454,0.18181818181818182,0.2727272727272727,0.18181818181818182,0.45454545454545453,0.18181818181818182,0.18181818181818182,0.0,0.045454545454545456
6d03ead940560148e316e62fdee22a29dd1c43b74da334f4b67fb25c920f54ed,-416409191#1,416428068,0.09090909090909091,0.09090909090909091,0.5,0.7727272727272727,0.9090909090909091,0.8181818181818182,0.09090909090909091,0.8181818181818182,0.9090909090909091,0.45454545454545453,0.5454545454545454,0.18181818181818182,0.18181818181818182,0.6363636363636364,0.09090909090909091,0.09090909090909091,0.045454545454545456
dff1c7898a3af8f3edd2691d50419baa20a634f68a223e2c36df3a9ff444dd4f,-416409191#1,416428068,0.36363636363636365,0.36363636363636365,0.3181818181818182,0.4090909090909091,0.6363636363636364,0.6363636363636364,0.45454545454545453,0.5454545454545454,0.6363636363636364,0.8181818181818182,0.9090909090909091,0.8181818181818182,0.2727272727272727,0.7272727272727273,0.36363636363636365,0.45454545454545453,0.5909090909090909
fbead0d253730eb1bfb94e603e3a2763c2ff8638f619ebb46d73e7ed7c71213c,-416409191#1,416428068,0.9090909090909091,0.8181818181818182,0.7272727272727273,0.2727272727272727,0.5454545454545454,0.2727272727272727,0.6363636363636364,0.36363636363636365,0.36363636363636365,0.7272727272727273,0.7272727272727273,0.5454545454545454,0.7272727272727273,0.2727272727272727,0.45454545454545453,0.36363636363636365,0.18181818181818182
d3aa93d9f876b0cecfffa654cf00242628a1ec21bffe37a028b864575bb382d1,-416409191#1,416428068,0.6363636363636364,0.7272727272727273,0.9090909090909091,0.09090909090909091,0.18181818181818182,0.36363636363636365,0.8181818181818182,0.18181818181818182,0.13636363636363635,0.09090909090909091,0.18181818181818182,0.6363636363636364,0.9090909090909091,0.09090909090909091,1.0,0.8181818181818182,0.8181818181818182
aab1ca66c8fa4bdc162225c0c69a89dd039693d8b224d8e89a14321c20d4924c,-416409191#1,416428068,0.2727272727272727,0.2727272727272727,0.5,0.7727272727272727,0.8181818181818182,0.7272727272727273,0.18181818181818182,0.7272727272727273,0.7272727272727273,0.36363636363636365,0.45454545454545453,0.18181818181818182,0.6363636363636364,0.36363636363636365,0.2727272727272727,0.2727272727272727,0.36363636363636365
8c1fc427ea204924f05debc46251fba68503a7e564092d0b1cc7d1f7c1aac996,-416409191#1,416428068,0.5454545454545454,0.18181818181818182,0.09090909090909091,0.5454545454545454,0.0,0.0,1.0,0.0,0.8181818181818182,0.9090909090909091,1.0,1.0,0.09090909090909091,0.9090909090909091,0.7727272727272727,1.0,0.9545454545454546
bf51bfa0118c6fbbb2636d8750e312b88c34c034af0dd49b23d1604c7eab96bd,-416409191#1,416428068,0.8181818181818182,0.9090909090909091,1.0,0.0,0.09090909090909091,0.18181818181818182,0.9090909090909091,0.09090909090909091,0.13636363636363635,0.0,0.09090909090909091,0.45454545454545453,0.8181818181818182,0.0,0.9090909090909091,0.6363636363636364,0.7272727272727273
89f9efb23e3749434f8da051ca9ee0274297722905f378264dcc112953d55307,-416409191#1,416428068,0.18181818181818182,0.45454545454545453,0.8181818181818182,0.18181818181818182,0.2727272727272727,0.5454545454545454,0.7272727272727273,0.2727272727272727,0.13636363636363635,0.2727272727272727,0.36363636363636365,0.7272727272727273,0.36363636363636365,0.5454545454545454,0.7727272727272727,0.9090909090909091,0.36363636363636365
13feba954bba0cd0e7e14d1fc5ce832dcdecef61d7866fc913e5199e2ff2b828,-416409191#1,416428068,0.7272727272727273,0.6363636363636364,0.3181818181818182,0.4090909090909091,0.45454545454545453,0.9090909090909091,0.5454545454545454,0.45454545454545453,0.45454545454545453,1.0,0.8181818181818182,0.9090909090909091,0.5454545454545454,0.45454545454545453,0.5454545454545454,0.5454545454545454,0.5909090909090909
5388c315278b32ca110d90ec8ade2b431cc14a779045162cb70502219dd5b974,-416409191#1,416428068,1.0,1.0,0.0,1.0,0.36363636363636365,0.09090909090909091,0.36363636363636365,1.0,0.13636363636363635,0.5454545454545454,0.0,0.18181818181818182,1.0,1.0,0.6363636363636364,0.7272727272727273,0.9545454545454546
df07c97495fb68ab5684bc196c7a3bba29d7cce48ecc50052548a36d27b041f6,-101784793,-1323419243,0.0,0.0,0.8181818181818182,0.8636363636363636,0.9090909090909091,0.22727272727272727,0.09090909090909091,0.09090909090909091,0.5,0.36363636363636365,0.18181818181818182,0.4090909090909091,0.0,0.8181818181818182,0.0,0.18181818181818182,0.2727272727272727
873e3645b97a85071e6704b8068b8e2e7f023ce0d8012ada7aabf035083a5868,-101784793,-1323419243,0.2727272727272727,0.2727272727272727,0.7272727272727273,0.7272727272727273,0.8181818181818182,0.22727272727272727,0.18181818181818182,0.18181818181818182,0.5,0.09090909090909091,0.18181818181818182,0.4090909090909091,0.09090909090909091,0.2727272727272727,0.18181818181818182,0.09090909090909091,0.09090909090909091
abbbf91814f2831443c587cf21a5a6d5a06318255047dee6426b4323422e30ad,-101784793,-1323419243,0.09090909090909091,0.18181818181818182,1.0,0.2727272727272727,1.0,0.22727272727272727,0.0,0.0,0.5,0.18181818181818182,0.18181818181818182,0.4090909090909091,0.36363636363636365,0.5454545454545454,0.3181818181818182,0.2727272727272727,0.5454545454545454
da4bcca2ce4d1ed8b195ad731f806cae4cb81231cbf7ecff3751ed6731517b51,-101784793,-1323419243,0.6363636363636364,0.6363636363636364,0.36363636363636365,0.5454545454545454,0.6363636363636364,0.22727272727272727,0.5454545454545454,0.36363636363636365,0.5,0.45454545454545453,0.6363636363636364,0.4090909090909091,0.45454545454545453,0.0,0.3181818181818182,0.45454545454545453,0.18181818181818182
6b099b71911876f1ca300e3a7e8e6a852ac2481d6016c2d2ecae2f86cf5be166,-101784793,-1323419243,0.45454545454545453,0.36363636363636365,0.18181818181818182,0.09090909090909091,0.36363636363636365,0.7272727272727273,0.9090909090909091,0.5454545454545454,0.5,0.0,0.18181818181818182,0.4090909090909091,0.18181818181818182,0.09090909090909091,0.45454545454545453,0.5454545454545454,0.36363636363636365
608528956e3addafffcd3e3a103c9f88b9773bf736578865c119d489d7320fe9,-101784793,-1323419243,0.7272727272727273,0.45454545454545453,0.2727272727272727,0.0,0.45454545454545453,0.6363636363636364,0.8181818181818182,0.6363636363636364,0.5,0.6363636363636364,0.8181818181818182,0.4090909090909091,0.8181818181818182,1.0,0.6818181818181818,0.6363636363636364,0.45454545454545453
8c0af68fe4c05a8a5ec3cc0e4d1cc2d60265a4c0613fdac2705906c941973e98,-101784793,-1323419243,0.36363636363636365,0.5454545454545454,0.6363636363636364,0.4090909090909091,0.18181818181818182,1.0,0.6363636363636364,0.8181818181818182,0.5,1.0,0.7272727272727273,0.4090909090909091,0.9090909090909091,0.45454545454545453,1.0,0.8181818181818182,0.9090909090909091
7a79a92977c409edb415e5d19e190d6f7445e0fbdc2914cb5b2e4b9196fe9938,-101784793,-1323419243,0.18181818181818182,0.09090909090909091,0.5,0.8636363636363636,0.7272727272727273,0.22727272727272727,0.2727272727272727,0.2727272727272727,0.5,0.2727272727272727,0.18181818181818182,0.4090909090909091,0.2727272727272727,0.7272727272727273,0.09090909090909091,0.0,0.0
913e989ce00099acf2d2b4ce16683e71b6235853c656c84a86ce7db204a9153d,-101784793,-1323419243,0.5454545454545454,0.7272727272727273,0.9090909090909091,0.18181818181818182,0.2727272727272727,0.9090909090909091,0.45454545454545453,1.0,0.5,0.9090909090909091,0.5454545454545454,0.4090909090909091,0.5454545454545454,0.36363636363636365,0.6818181818181818,0.7272727272727273,0.6818181818181818
5f4167ab426610e579634f6843461c31cdec5c1e4749ddb13bbba747d5658dbb,-101784793,-1323419243,0.8181818181818182,0.8181818181818182,0.5,0.4090909090909091,0.09090909090909091,0.8181818181818182,0.7272727272727273,0.7272727272727273,0.5,0.8181818181818182,0.45454545454545453,0.4090909090909091,0.6363636363636364,0.18181818181818182,0.8181818181818182,0.36363636363636365,0.6818181818181818
fdf2cede44f1b0363380138e939976a7e4b2e9329c91f9ab65dbfce69f77d308,-101784793,-1323419243,0.9090909090909091,0.9090909090909091,0.0,1.0,0.5454545454545454,0.22727272727272727,0.36363636363636365,0.9090909090909091,0.5,0.7272727272727273,0.9090909090909091,0.9090909090909091,0.7272727272727273,0.9090909090909091,0.5454545454545454,0.9090909090909091,0.9090909090909091
d2ece0151d49bcfc3577c93e3e069f6f53989784de960c35defccbd0a7978d48,-101784793,-1323419243,1.0,1.0,0.09090909090909091,0.6363636363636364,0.0,0.5454545454545454,1.0,0.45454545454545453,0.5,0.5454545454545454,1.0,1.0,1.0,0.6363636363636364,0.9090909090909091,1.0,0.9090909090909091
0001c0a7ccce1fad9647f15430bd9917442cbec8c7ea48f0d5571a7aef050e7c,101784499#1,-101746514,0.5454545454545454,0.2727272727272727,0.2727272727272727,0.2727272727272727,0.18181818181818182,0.8181818181818182,0.6363636363636364,0.2727272727272727,0.5,0.6363636363636364,0.6363636363636364,0.9090909090909091,0.6363636363636364,0.0,0.36363636363636365,0.0,0.0
1ce2de3bf7e145934f458f4b8f7288b235fbc18f04bb0e1c578e8cb6ef65fbf2,101784499#1,-101746514,0.18181818181818182,0.18181818181818182,0.36363636363636365,0.36363636363636365,0.18181818181818182,0.9090909090909091,0.45454545454545453,0.36363636363636365,0.5,0.7272727272727273,0.7272727272727273,1.0,0.18181818181818182,0.09090909090909091,0.2727272727272727,0.09090909090909091,0.09090909090909091
738ff19018bd0be24c5973f61410928e3e316b5753beea531e289524f1692e52,101784499#1,-101746514,0.7272727272727273,0.7272727272727273,0.0,0.0,0.18181818181818182,0.7272727272727273,0.7272727272727273,0.18181818181818182,0.5,0.2727272727272727,0.2727272727272727,0.7272727272727273,0.8181818181818182,0.5454545454545454,0.6363636363636364,0.6363636363636364,0.3181818181818182
3f8f12eb6b230123084c7a23d4c4195f9648eeb1da67d27f66cd2ac700389929,101784499#1,-101746514,0.9090909090909091,0.9090909090909091,0.09090909090909091,0.09090909090909091,0.18181818181818182,0.6363636363636364,0.9090909090909091,0.09090909090909091,0.5,0.09090909090909091,0.09090909090909091,0.6363636363636364,0.9090909090909091,0.36363636363636365,0.8181818181818182,0.9090909090909091,0.7727272727272727
662af473a03095be7e937477550d51144c0dceb7b3db9f84bbd9dd3b7e0216bf,101784499#1,-101746514,0.09090909090909091,0.09090909090909091,0.9090909090909091,0.8636363636363636,0.9090909090909091,0.13636363636363635,0.18181818181818182,0.8181818181818182,0.5,0.8181818181818182,0.8181818181818182,0.22727272727272727,0.09090909090909091,0.8181818181818182,0.18181818181818182,0.45454545454545453,0.6363636363636364
9f414a394532c79b1bed6b19a5cc365dd4b3c575b564212f150fb3a50a86a7ba,101784499#1,-101746514,1.0,1.0,0.18181818181818182,0.18181818181818182,0.18181818181818182,0.5454545454545454,1.0,0.0,0.5,0.0,0.0,0.5454545454545454,1.0,0.7272727272727273,0.9090909090909091,1.0,0.9545454545454546
c81b11c390427f4e7c3de8fd9f7404edbaf07126a818cbf74201c5d8f0396509,101784499#1,-101746514,0.45454545454545453,0.36363636363636365,0.45454545454545453,0.45454545454545453,0.45454545454545453,0.36363636363636365,0.8181818181818182,0.45454545454545453,0.5,0.5454545454545454,0.5454545454545454,0.22727272727272727,0.2727272727272727,0.2727272727272727,0.09090909090909091,0.18181818181818182,0.3181818181818182
0b9dc46cadd9c95670cb23764e9b12cdea35ca64af12dc28e7f966610bc983dd,101784499#1,-101746514,0.8181818181818182,0.8181818181818182,0.6363636363636364,0.6818181818181818,0.7272727272727273,0.13636363636363635,0.36363636363636365,0.5454545454545454,0.5,0.18181818181818182,0.18181818181818182,0.22727272727272727,0.5454545454545454,0.45454545454545453,0.7272727272727273,0.5454545454545454,0.7727272727272727
1dba8d26552f7b44a2a79c25603e4f1ee83bf5e7194d939c4bd8b564408d85f7,101784499#1,-101746514,0.2727272727272727,0.45454545454545453,1.0,0.6818181818181818,1.0,0.13636363636363635,0.09090909090909091,0.9090909090909091,0.5,0.45454545454545453,0.45454545454545453,0.22727272727272727,0.36363636363636365,0.9090909090909091,0.45454545454545453,0.7272727272727273,0.9545454545454546
9d554c41fdc8ceba9eced3f8cb93ced0f581bca0774d9ec8dce8e33a7d572c2e,101784499#1,-101746514,0.6363636363636364,0.5454545454545454,0.7272727272727273,0.8636363636363636,0.8181818181818182,0.13636363636363635,0.2727272727272727,0.6363636363636364,0.5,0.36363636363636365,0.36363636363636365,0.22727272727272727,0.45454545454545453,0.18181818181818182,0.5454545454545454,0.36363636363636365,0.5454545454545454
3e42c335c4b0fbc88c610780ec1f55a28d9f8c1c6f31849483ccb4291a4fabe1,101784499#1,-101746514,0.36363636363636365,0.6363636363636364,0.5454545454545454,0.5454545454545454,0.6363636363636364,1.0,0.0,1.0,0.5,1.0,1.0,0.8181818181818182,0.7272727272727273,0.6363636363636364,1.0,0.8181818181818182,0.3181818181818182
25037a20172a81d58cb3e3b70c73b43cdc3ae7a28a0780a00cef2a4b7476604b,101784499#1,-101746514,0.0,0.0,0.8181818181818182,1.0,0.5454545454545454,0.45454545454545453,0.5454545454545454,0.7272727272727273,0.5,0.9090909090909091,0.9090909090909091,0.22727272727272727,0.0,1.0,0.0,0.2727272727272727,0.3181818181818182
502d17a7267279278cf2047c79175a261f963727973203005fc757f469aa1ae2,659281081#0,-416409191#0,0.09090909090909091,0.09090909090909091,1.0,0.7272727272727273,0.0,0.9090909090909091,0.6363636363636364,0.18181818181818182,0.5,0.09090909090909091,0.6363636363636364,0.5454545454545454,0.09090909090909091,0.09090909090909091,0.09090909090909091,0.5454545454545454,0.09090909090909091
347a47ffdeef338e59e9fcbdfd46d9f09e84e9d8db9bb293b7c1d27f463d2556,659281081#0,-416409191#0,0.0,0.0,0.7272727272727273,0.8181818181818182,0.18181818181818182,1.0,0.09090909090909091,0.9090909090909091,0.5,0.5454545454545454,0.7272727272727273,0.6363636363636364,0.0,0.2727272727272727,0.0,0.6363636363636364,0.0
33d91528479bfbe4925016c10235dfba7c7d0111717a68d125aaa23a0db3f541,659281081#0,-416409191#0,0.2727272727272727,0.36363636363636365,0.5454545454545454,1.0,0.2727272727272727,0.7272727272727273,0.2727272727272727,0.8181818181818182,0.5,0.2727272727272727,1.0,0.2727272727272727,0.36363636363636365,0.0,0.2727272727272727,0.9090909090909091,0.2727272727272727
77c4569da461ab0fa6b8c7eb3062aaf65ec15dea21e3bd13211802c527e38fee,659281081#0,-416409191#0,0.8181818181818182,0.8181818181818182,0.09090909090909091,0.2727272727272727,0.6363636363636364,0.45454545454545453,0.5454545454545454,0.6363636363636364,0.5,0.9090909090909091,0.9090909090909091,0.9090909090909091,0.8181818181818182,0.9090909090909091,0.45454545454545453,0.45454545454545453,0.8181818181818182
fc725617edaa37380832a4abf56403a776433cda0be696e07cf716deaadf9239,659281081#0,-416409191#0,0.36363636363636365,0.18181818181818182,0.0,0.6363636363636364,0.09090909090909091,0.5454545454545454,1.0,0.0,0.5,0.0,0.0,0.45454545454545453,0.18181818181818182,1.0,0.7272727272727273,1.0,0.9545454545454546
90853c08dde00eb7b66ded5033ecef51805dfb668bb8596bfe239141dd73d941,659281081#0,-416409191#0,0.18181818181818182,0.2727272727272727,0.36363636363636365,0.9090909090909091,0.5454545454545454,0.8181818181818182,0.0,1.0,0.5,0.36363636363636365,0.36363636363636365,0.36363636363636365,0.2727272727272727,0.18181818181818182,0.18181818181818182,0.8181818181818182,0.18181818181818182
3ffa901ed6aa2f91220b31787a535c15c1b7d6f91bda01f8fff6b20f6e1b743b,659281081#0,-416409191#0,0.5454545454545454,0.6363636363636364,0.9090909090909091,0.09090909090909091,0.9090909090909091,0.09090909090909091,0.45454545454545453,0.45454545454545453,0.5,0.18181818181818182,0.09090909090909091,0.0,0.6363636363636364,0.36363636363636365,0.7272727272727273,0.0,0.4090909090909091
2be8757d7326cadf823d136f887ef324b5e5d22732b52b48237728e7e47b1668,659281081#0,-416409191#0,0.9090909090909091,0.9090909090909091,0.18181818181818182,0.45454545454545453,0.36363636363636365,0.36363636363636365,0.8181818181818182,0.2727272727272727,0.5,0.6363636363636364,0.8181818181818182,0.8181818181818182,0.9090909090909091,0.7272727272727273,1.0,0.2727272727272727,0.7272727272727273
38e35dfc5fafa4618190ec30151f80caeba7d5e91d0f618ecd35ad67598a5f4d,659281081#0,-416409191#0,0.7272727272727273,0.45454545454545453,0.2727272727272727,0.5454545454545454,0.45454545454545453,0.2727272727272727,0.9090909090909091,0.09090909090909091,0.5,0.8181818181818182,0.5454545454545454,0.18181818181818182,0.45454545454545453,0.45454545454545453,0.7272727272727273,0.36363636363636365,0.4090909090909091
37956c16d93df7df97cf141c0b6af10bf845e8f6fc37cdba8177604a43cafe9d,659281081#0,-416409191#0,0.6363636363636364,0.7272727272727273,0.45454545454545453,0.36363636363636365,0.7272727272727273,0.0,0.7272727272727273,0.36363636363636365,0.5,0.7272727272727273,0.45454545454545453,1.0,0.7272727272727273,0.8181818181818182,0.9090909090909091,0.18181818181818182,0.6363636363636364
4f355bd87b6e814ffa579405eb3b5eb169ca866939c79026246ab2d5f1b13be6,659281081#0,-416409191#0,1.0,1.0,0.6363636363636364,0.0,0.8181818181818182,0.6363636363636364,0.36363636363636365,0.7272727272727273,0.5,1.0,0.2727272727272727,0.7272727272727273,1.0,0.6363636363636364,0.5454545454545454,0.7272727272727273,0.9545454545454546
65bfea5b4a6eba98d33b634b92c82b4ecc01e94a8a1e129ba96960575a426d00,659281081#0,-416409191#0,0.45454545454545453,0.5454545454545454,0.8181818181818182,0.18181818181818182,1.0,0.18181818181818182,0.18181818181818182,0.5454545454545454,0.5,0.45454545454545453,0.18181818181818182,0.09090909090909091,0.5454545454545454,0.5454545454545454,0.36363636363636365,0.09090909090909091,0.5454545454545454
5646310d687609e5fa08c143db8a67a2f029385c9a2d048c2d80855f209901c5,-101765343,-101418589,0.09090909090909091,0.36363636363636365,0.9090909090909091,0.7272727272727273,0.8181818181818182,0.9090909090909091,0.09090909090909091,0.9090909090909091,0.5,0.2727272727272727,0.18181818181818182,0.13636363636363635,0.36363636363636365,0.2727272727272727,0.09090909090909091,0.18181818181818182,0.18181818181818182
2c6979ff06a82283feabde6a89269617dfe0e4d917800531ef3e3fb08a4636c6,-101765343,-101418589,0.18181818181818182,0.5454545454545454,1.0,0.8181818181818182,0.7272727272727273,0.7272727272727273,0.18181818181818182,0.8181818181818182,0.5,0.18181818181818182,0.09090909090909091,0.13636363636363635,0.6363636363636364,0.36363636363636365,0.18181818181818182,0.2727272727272727,0.09090909090909091
f7d39c7f4f567de0cb87b597acd01f55c234b77119261ca617bf35e378a10887,-101765343,-101418589,0.5454545454545454,0.18181818181818182,0.18181818181818182,0.2727272727272727,0.2727272727272727,0.2727272727272727,0.7272727272727273,0.36363636363636365,0.5,0.9090909090909091,0.9090909090909091,0.9090909090909091,0.18181818181818182,0.8181818181818182,0.45454545454545453,0.45454545454545453,0.5454545454545454
b52a73accc91fc2de5d83ca20ddaf3279d98a7fe47a42411d5714ca7606c4d0d,-101765343,-101418589,0.2727272727272727,0.8181818181818182,0.5454545454545454,0.18181818181818182,0.6363636363636364,0.45454545454545453,0.5454545454545454,0.0,0.5,0.0,0.0,0.13636363636363635,0.8181818181818182,0.5454545454545454,0.5454545454545454,0.8181818181818182,0.5454545454545454
d3c2239cde8bbaa5410276b6fbfecace5c31ca63bae73b027c06321724fa2213,-101765343,-101418589,0.45454545454545453,0.2727272727272727,0.09090909090909091,0.09090909090909091,0.45454545454545453,0.5454545454545454,0.45454545454545453,1.0,0.5,0.8181818181818182,0.8181818181818182,0.8181818181818182,0.2727272727272727,1.0,0.7272727272727273,0.9090909090909091,0.3181818181818182
a8323e515ea2208a2a94a726a33d5e1c772a9c90ed0163857011166baf2a9762,-101765343,-101418589,0.8181818181818182,0.6363636363636364,0.36363636363636365,0.9090909090909091,0.09090909090909091,0.09090909090909091,0.9090909090909091,0.18181818181818182,0.5,0.6363636363636364,0.6363636363636364,0.6363636363636364,0.7272727272727273,0.18181818181818182,0.8181818181818182,0.09090909090909091,0.5454545454545454
3cabf84e7f48ea9dd0da9e095582b5245b8da8405bbeda3ae038844c783aeaac,-101765343,-101418589,0.9090909090909091,0.9090909090909091,0.8181818181818182,0.5454545454545454,0.9090909090909091,0.6363636363636364,0.36363636363636365,0.5454545454545454,0.5,0.09090909090909091,0.36363636363636365,0.45454545454545453,0.9090909090909091,0.0,0.3181818181818182,0.7272727272727273,0.3181818181818182
3a591e102eb94402324ade7f3bd9f6a77d0c7bba02788350edd374d588b717db,-101765343,-101418589,0.6363636363636364,0.45454545454545453,0.2727272727272727,0.6363636363636364,0.18181818181818182,0.18181818181818182,0.8181818181818182,0.2727272727272727,0.5,0.7272727272727273,0.7272727272727273,0.7272727272727273,0.45454545454545453,0.09090909090909091,0.6363636363636364,0.0,0.8181818181818182
09b1f9875c38138dd52ec07dcf73306dd7dd8dbe89b0a43c14e7868816df9ee0,-101765343,-101418589,0.0,0.0,0.6363636363636364,0.45454545454545453,1.0,1.0,0.0,0.7272727272727273,0.5,0.36363636363636365,0.2727272727272727,0.13636363636363635,0.0,0.9090909090909091,0.0,0.6363636363636364,0.0
301969ea81effea069943efd20bc2bc4e34f1cac8b1e09e47529d568957a6dbc,-101765343,-101418589,0.7272727272727273,0.7272727272727273,0.45454545454545453,1.0,0.0,0.0,1.0,0.09090909090909091,0.5,0.5454545454545454,0.5454545454545454,0.5454545454545454,0.5454545454545454,0.45454545454545453,0.9090909090909091,0.5454545454545454,0.9545454545454546
51b08ce7ef96c56b044d162becad235ddb3664423d7ff1f31677a32d8960982c,-101765343,-101418589,1.0,1.0,0.7272727272727273,0.36363636363636365,0.5454545454545454,0.8181818181818182,0.2727272727272727,0.6363636363636364,0.5,0.45454545454545453,0.45454545454545453,0.36363636363636365,1.0,0.6363636363636364,1.0,1.0,0.9545454545454546
23348852e95526acc56532e8e91b354a861b23cd11a39b3833b6b99afb781735,-101765343,-101418589,0.36363636363636365,0.09090909090909091,0.0,0.0,0.36363636363636365,0.36363636363636365,0.6363636363636364,0.45454545454545453,0.5,1.0,1.0,1.0,0.09090909090909091,0.7272727272727273,0.3181818181818182,0.36363636363636365,0.7272727272727273
30d27c42b9f634a45fea740d286f29b336ea4c7530d01897687b0fbbcaac85de,-101749449#0,-1323419243,0.18181818181818182,0.18181818181818182,0.45454545454545453,0.36363636363636365,0.36363636363636365,0.4090909090909091,0.7272727272727273,0.2727272727272727,0.5,0.36363636363636365,0.3181818181818182,0.36363636363636365,0.18181818181818182,0.18181818181818182,0.18181818181818182,0.09090909090909091,0.045454545454545456
0235a08f8d62a5733ab7de0b3062916c6edbfe16ce3b8e7ef12e4059918dfca5,-101749449#0,-1323419243,0.9090909090909091,1.0,0.6363636363636364,0.45454545454545453,0.0,0.4090909090909091,1.0,0.0,0.5,0.0,0.3181818181818182,0.36363636363636365,1.0,0.45454545454545453,0.7272727272727273,0.9090909090909091,0.9545454545454546
4996b23604c963d17bbce03305363438647c39da23f015fe16d76a9ace3fdc77,-101749449#0,-1323419243,0.36363636363636365,0.2727272727272727,0.36363636363636365,0.18181818181818182,0.2727272727272727,0.4090909090909091,0.8181818181818182,0.18181818181818182,0.5,0.18181818181818182,0.3181818181818182,0.36363636363636365,0.36363636363636365,0.2727272727272727,0.2727272727272727,0.0,0.22727272727272727
4b54befc080979971cd895a93db781ccac758303b5ad953aa6cec285c646a8fd,-101749449#0,-1323419243,1.0,0.8181818181818182,0.18181818181818182,0.5454545454545454,0.18181818181818182,0.4090909090909091,0.5454545454545454,0.5454545454545454,0.5,0.2727272727272727,0.7272727272727273,0.36363636363636365,0.9090909090909091,0.0,1.0,1.0,0.5
130b706dc0418c1e2bfed0847e0f690e61bc570f1395f4fe034b3e9efdd30185,-101749449#0,-1323419243,0.09090909090909091,0.09090909090909091,0.7272727272727273,0.7272727272727273,0.9090909090909091,0.4090909090909091,0.6363636363636364,0.36363636363636365,0.5,0.5454545454545454,0.3181818181818182,0.36363636363636365,0.09090909090909091,0.9090909090909091,0.09090909090909091,0.18181818181818182,0.22727272727272727
23f8e699ee53b4dd53e37c5c024cea3fc4c932c8a2e75e407a5d8f75d18501b5,-101749449#0,-1323419243,0.2727272727272727,0.45454545454545453,1.0,0.8181818181818182,0.8181818181818182,1.0,0.0,1.0,0.5,0.8181818181818182,0.3181818181818182,0.36363636363636365,0.45454545454545453,0.36363636363636365,0.36363636363636365,0.6363636363636364,0.36363636363636365
be8cac04125243276f1a5c3b95a642c93ec38ebe8d02f87b6310e940de1c79db,-101749449#0,-1323419243,0.7272727272727273,0.6363636363636364,0.09090909090909091,0.0,0.45454545454545453,0.4090909090909091,0.36363636363636365,0.6363636363636364,0.5,0.6363636363636364,0.8181818181818182,0.8181818181818182,0.6363636363636364,0.6363636363636364,0.9090909090909091,0.36363636363636365,0.8181818181818182
de1e133813a41121b80417f56519f2b340494faf7b28c9f08221b98ba099a977,-101749449#0,-1323419243,0.0,0.0,0.9090909090909091,0.9090909090909091,1.0,0.4090909090909091,0.45454545454545453,0.45454545454545453,0.5,1.0,0.3181818181818182,0.36363636363636365,0.0,1.0,0.0,0.2727272727272727,0.045454545454545456
d1c0f1039863e9dc3c99740f28e3ff38496dc1dc48e6c4a54cecc82dd6710888,-101749449#0,-1323419243,0.8181818181818182,0.9090909090909091,0.5454545454545454,0.2727272727272727,0.09090909090909091,0.4090909090909091,0.9090909090909091,0.09090909090909091,0.5,0.09090909090909091,0.3181818181818182,0.36363636363636365,0.8181818181818182,0.09090909090909091,0.6363636363636364,0.8181818181818182,0.6363636363636364
7331f0e824e73a7f3447882fac348735b80d7acf184f2b97accafb2248e96fda,-101749449#0,-1323419243,0.45454545454545453,0.7272727272727273,0.8181818181818182,0.6363636363636364,0.6363636363636364,0.9090909090909091,0.09090909090909091,0.9090909090909091,0.5,0.45454545454545453,0.3181818181818182,0.36363636363636365,0.7272727272727273,0.5454545454545454,0.45454545454545453,0.45454545454545453,0.5
42a15cb9df7cfdda5c51a26befebbfeb3282dee0f2201e428ce461cc60ccaf87,-101749449#0,-1323419243,0.6363636363636364,0.5454545454545454,0.2727272727272727,1.0,0.5454545454545454,0.4090909090909091,0.2727272727272727,0.7272727272727273,0.5,0.7272727272727273,0.9090909090909091,0.9090909090909091,0.5454545454545454,0.8181818181818182,0.5454545454545454,0.7272727272727273,0.9545454545454546
3e5ca5a6213febd45d90dc2a68eb5ce15d8eb579fc983fd4fa03cb3dfb8e0977,-101749449#0,-1323419243,0.5454545454545454,0.36363636363636365,0.0,0.09090909090909091,0.7272727272727273,0.4090909090909091,0.18181818181818182,0.8181818181818182,0.5,0.9090909090909091,1.0,1.0,0.2727272727272727,0.7272727272727273,0.8181818181818182,0.5454545454545454,0.7272727272727273
be9ac08aabb68483b6993833d94986f538f5f51cbece40df286a081cbf01e788,-101765343,-101746498#2,0.5454545454545454,0.9090909090909091,1.0,0.45454545454545453,0.8181818181818182,0.8181818181818182,0.18181818181818182,0.8181818181818182,0.5,0.8181818181818182,0.09090909090909091,0.5,0.7272727272727273,0.2727272727272727,0.5454545454545454,0.7272727272727273,0.45454545454545453
c37843a8a28a957eb055b830ab08065e783d6b4efd547f2413a829b9c95965e1,-101765343,-101746498#2,0.0,0.0,0.0,0.0,0.36363636363636365,0.7272727272727273,0.2727272727272727,0.7272727272727273,0.5,0.7272727272727273,1.0,0.5,0.0,0.5454545454545454,0.0,0.6363636363636364,0.18181818181818182
9344181470ddfb733820fa3695323be8d9089fb70e0b6f3c2370a50f498ad5be,-101765343,-101746498#2,0.18181818181818182,0.18181818181818182,0.6363636363636364,1.0,0.36363636363636365,0.5454545454545454,0.45454545454545453,0.5454545454545454,0.5,0.5454545454545454,0.8181818181818182,0.5,0.18181818181818182,0.0,0.18181818181818182,0.09090909090909091,0.0
67bd770c8fe9e3315397dd5d448178d881262aeed2ef14e4db1901a833d95c96,-101765343,-101746498#2,0.8181818181818182,0.5454545454545454,0.2727272727272727,0.2727272727272727,0.36363636363636365,0.2727272727272727,0.7272727272727273,0.2727272727272727,0.5,0.2727272727272727,0.45454545454545453,0.5,0.8181818181818182,0.45454545454545453,0.7272727272727273,0.18181818181818182,0.6363636363636364
64e81871a65055e1ca748036c13bc86af8736c7185b7574d6dbe4e4aba44da08,-101765343,-101746498#2,0.09090909090909091,0.09090909090909091,0.18181818181818182,0.18181818181818182,0.36363636363636365,0.6363636363636364,0.36363636363636365,0.6363636363636364,0.5,0.6363636363636364,0.9090909090909091,0.5,0.09090909090909091,0.6363636363636364,0.09090909090909091,0.5454545454545454,0.2727272727272727
c7628fdcaba3dc0118a5ced631b7ba7e6e2edcf83e6fc36f1d39a36d23553b97,-101765343,-101746498#2,0.2727272727272727,0.2727272727272727,0.8181818181818182,0.9090909090909091,0.36363636363636365,0.45454545454545453,0.5454545454545454,0.45454545454545453,0.5,0.45454545454545453,0.7272727272727273,0.5,0.36363636363636365,0.09090909090909091,0.36363636363636365,0.0,0.09090909090909091
1c28640871b5840651749d1cdd5dea4d497d3890cec6cdecfafbd36918c55500,-101765343,-101746498#2,0.45454545454545453,0.8181818181818182,0.9090909090909091,0.6363636363636364,0.9090909090909091,0.9090909090909091,0.09090909090909091,0.9090909090909091,0.5,0.9090909090909091,0.18181818181818182,0.5,0.45454545454545453,0.18181818181818182,0.45454545454545453,0.8181818181818182,0.36363636363636365
fa5c82509466fcc43c2022832ce01eddd3fdc0f075f451257ef6ccae800c3aee,-101765343,-101746498#2,0.6363636363636364,0.45454545454545453,0.09090909090909091,0.09090909090909091,0.36363636363636365,0.36363636363636365,0.6363636363636364,0.36363636363636365,0.5,0.36363636363636365,0.5454545454545454,0.5,0.5454545454545454,0.36363636363636365,0.6363636363636364,0.45454545454545453,0.5454545454545454
7fdab164678558422f90cecde69d16fdeb28c073a65cd7190371906ac38625ff,-101765343,-101746498#2,1.0,1.0,0.36363636363636365,0.36363636363636365,0.36363636363636365,0.0,1.0,0.0,0.5,0.0,0.0,0.5,0.9090909090909091,1.0,1.0,0.9090909090909091,0.9545454545454546
f22bc65392506cbfc0e1bed2b37924d1a638d2a0922ec04ad1360a6cb7a8447b,-101765343,-101746498#2,0.9090909090909091,0.7272727272727273,0.5454545454545454,0.7272727272727273,0.36363636363636365,0.09090909090909091,0.9090909090909091,0.09090909090909091,0.5,0.09090909090909091,0.2727272727272727,0.5,1.0,0.9090909090909091,0.9090909090909091,0.2727272727272727,0.8181818181818182
f3d5c22f229b87fd15b36be8a86774a3737553ab3824d6bdbe87ccb85bca5c05,-101765343,-101746498#2,0.36363636363636365,0.36363636363636365,0.7272727272727273,0.8181818181818182,1.0,1.0,0.0,1.0,0.5,1.0,0.6363636363636364,0.5,0.2727272727272727,0.8181818181818182,0.2727272727272727,1.0,0.9545454545454546
7cbdda586dc1193aaece5114177b3e21eb7de5bbf8bfc20034afc116789508ab,-101765343,-101746498#2,0.7272727272727273,0.6363636363636364,0.45454545454545453,0.5454545454545454,0.36363636363636365,0.18181818181818182,0.8181818181818182,0.18181818181818182,0.5,0.18181818181818182,0.36363636363636365,0.5,0.6363636363636364,0.7272727272727273,0.8181818181818182,0.36363636363636365,0.7272727272727273
04918246921bee2d03d274a0a299246646f4ca58854040a4d6a8f6dd980ea8e5,-173532317#1,-1323419243,0.0,0.18181818181818182,0.9090909090909091,0.09090909090909091,0.9090909090909091,0.9090909090909091,0.045454545454545456,0.2727272727272727,0.5,0.18181818181818182,0.045454545454545456,0.22727272727272727,0.09090909090909091,0.2727272727272727,0.0,0.6363636363636364,0.18181818181818182
50401b846a191ce389383bee84d022b856451267f5d0d699d8d727ecb8d97a7b,-173532317#1,-1323419243,0.09090909090909091,0.2727272727272727,1.0,0.0,0.8181818181818182,1.0,0.045454545454545456,0.18181818181818182,0.5,0.0,0.045454545454545456,0.22727272727272727,0.2727272727272727,0.5454545454545454,0.09090909090909091,0.45454545454545453,0.2727272727272727
90a40f00a2d5994c4b4d2bbff91cbbd7cb3e1c9d2debfe8564be84ec53f75463,-173532317#1,-1323419243,0.18181818181818182,0.0,0.5909090909090909,0.7272727272727273,0.6363636363636364,0.36363636363636365,0.7272727272727273,0.36363636363636365,0.5,0.9090909090909091,0.6363636363636364,0.22727272727272727,0.0,0.9090909090909091,0.3181818181818182,0.09090909090909091,0.45454545454545453
3fc909446e90937484715b58439cd27ca0c0593422dc7834eeeccb422230cede,-173532317#1,-1323419243,0.6363636363636364,1.0,0.8181818181818182,0.45454545454545453,0.7272727272727273,0.8181818181818182,0.2727272727272727,0.8181818181818182,0.5,1.0,0.45454545454545453,0.5454545454545454,1.0,0.7272727272727273,0.7272727272727273,0.9090909090909091,0.9545454545454546
5772086de264bf628fa37051a25f5f7eceacb4ee9173d8f44094dd4b758b53c1,-173532317#1,-1323419243,0.36363636363636365,0.36363636363636365,0.2727272727272727,0.18181818181818182,0.2727272727272727,0.2727272727272727,1.0,0.0,0.5,0.36363636363636365,0.36363636363636365,0.22727272727272727,0.36363636363636365,0.0,0.3181818181818182,0.2727272727272727,0.0
b24c1ae0f8b4bd0bc8f0d1ec13a65bf86855f3ff72bcdc65cc643afa18c41bc5,-173532317#1,-1323419243,0.2727272727272727,0.09090909090909091,0.7272727272727273,0.6363636363636364,0.5454545454545454,0.5454545454545454,0.6363636363636364,0.5454545454545454,0.5,0.8181818181818182,0.5454545454545454,0.22727272727272727,0.18181818181818182,1.0,0.5,0.0,0.5909090909090909
d299c98bac89755dba53e50518940a587aea6f5eff98b7ba11e87523a9bef1d4,-173532317#1,-1323419243,0.5454545454545454,0.7272727272727273,0.5909090909090909,0.5454545454545454,1.0,0.6363636363636364,0.18181818181818182,0.7272727272727273,0.5,0.09090909090909091,0.18181818181818182,0.6363636363636364,0.7272727272727273,0.18181818181818182,0.18181818181818182,1.0,0.7727272727272727
562ac678c1d7f8ac674dfec57d9d407b3bf805f8f8f1e6687fc45dd93356792f,-173532317#1,-1323419243,0.7272727272727273,0.5454545454545454,0.0,0.2727272727272727,0.45454545454545453,0.18181818181818182,0.45454545454545453,0.9090909090909091,0.5,0.5454545454545454,0.8181818181818182,0.8181818181818182,0.5454545454545454,0.45454545454545453,0.8181818181818182,0.7272727272727273,0.36363636363636365
b21f87e9d9c5152809ecd72b5465fbb3cf618c164cfc66bb2ee0a157356b318e,-173532317#1,-1323419243,0.9090909090909091,0.8181818181818182,0.09090909090909091,0.8181818181818182,0.0,0.0,0.8181818181818182,0.45454545454545453,0.5,0.6363636363636364,1.0,1.0,0.8181818181818182,0.6363636363636364,1.0,0.5454545454545454,0.7727272727272727
e8a43bbc2c463e94661f2ebfed4690ccb5d20d48734db5f52e1bca710967a7b0,-173532317#1,-1323419243,0.45454545454545453,0.45454545454545453,0.45454545454545453,0.36363636363636365,0.18181818181818182,0.45454545454545453,0.9090909090909091,0.09090909090909091,0.5,0.2727272727272727,0.2727272727272727,0.22727272727272727,0.45454545454545453,0.09090909090909091,0.5,0.18181818181818182,0.09090909090909091
5f44d4cc31eac052b5c7929ee5ecb9852aba87bde5bcd8323fe98398fd973ade,-173532317#1,-1323419243,0.8181818181818182,0.6363636363636364,0.18181818181818182,0.9090909090909091,0.36363636363636365,0.09090909090909091,0.5454545454545454,0.6363636363636364,0.5,0.45454545454545453,0.7272727272727273,0.7272727272727273,0.6363636363636364,0.8181818181818182,0.9090909090909091,0.36363636363636365,0.5909090909090909
9cb934d9aaba2c90f0a75d84e67316572c605a2b5e5967fcfc260f39d27e0f64,-173532317#1,-1323419243,1.0,0.9090909090909091,0.36363636363636365,1.0,0.09090909090909091,0.7272727272727273,0.36363636363636365,1.0,0.5,0.7272727272727273,0.9090909090909091,0.9090909090909091,0.9090909090909091,0.36363636363636365,0.6363636363636364,0.8181818181818182,0.9545454545454546
